// 자동 생성 파일 — tools/ttf2vlw.py 로 만들어짐. 직접 고치지 말 것.
#pragma once
#include <pgmspace.h>

const uint8_t FontKR22[] PROGMEM = {
  0x00, 0x00, 0x00, 0x81, 0x00, 0x00, 0x00, 0x0B, 0x00, 0x00, 0x00, 0x16, 0x00, 0x00, 0x00, 0x00,
  0x00, 0x00, 0x00, 0x15, 0x00, 0x00, 0x00, 0x06, 0x00, 0x00, 0x00, 0x20, 0x00, 0x00, 0x00, 0x00,
  0x00, 0x00, 0x00, 0x06, 0x00, 0x00, 0x00, 0x06, 0x00, 0x00, 0x00, 0x00, 0x00, 0x00, 0x00, 0x00,
  0x00, 0x00, 0x00, 0x00, 0x00, 0x00, 0x00, 0x21, 0x00, 0x00, 0x00, 0x10, 0x00, 0x00, 0x00, 0x09,
  0x00, 0x00, 0x00, 0x09, 0x00, 0x00, 0x00, 0x0F, 0x00, 0x00, 0x00, 0x00, 0x00, 0x00, 0x00, 0x00,
  0x00, 0x00, 0x00, 0x22, 0x00, 0x00, 0x00, 0x0F, 0x00, 0x00, 0x00, 0x09, 0x00, 0x00, 0x00, 0x09,
  0x00, 0x00, 0x00, 0x0F, 0x00, 0x00, 0x00, 0x00, 0x00, 0x00, 0x00, 0x00, 0x00, 0x00, 0x00, 0x23,
  0x00, 0x00, 0x00, 0x10, 0x00, 0x00, 0x00, 0x0D, 0x00, 0x00, 0x00, 0x0D, 0x00, 0x00, 0x00, 0x0F,
  0x00, 0x00, 0x00, 0x00, 0x00, 0x00, 0x00, 0x00, 0x00, 0x00, 0x00, 0x24, 0x00, 0x00, 0x00, 0x14,
  0x00, 0x00, 0x00, 0x0D, 0x00, 0x00, 0x00, 0x0D, 0x00, 0x00, 0x00, 0x11, 0x00, 0x00, 0x00, 0x00,
  0x00, 0x00, 0x00, 0x00, 0x00, 0x00, 0x00, 0x25, 0x00, 0x00, 0x00, 0x10, 0x00, 0x00, 0x00, 0x18,
  0x00, 0x00, 0x00, 0x18, 0x00, 0x00, 0x00, 0x0F, 0x00, 0x00, 0x00, 0x00, 0x00, 0x00, 0x00, 0x00,
  0x00, 0x00, 0x00, 0x26, 0x00, 0x00, 0x00, 0x10, 0x00, 0x00, 0x00, 0x10, 0x00, 0x00, 0x00, 0x10,
  0x00, 0x00, 0x00, 0x0F, 0x00, 0x00, 0x00, 0x00, 0x00, 0x00, 0x00, 0x00, 0x00, 0x00, 0x00, 0x27,
  0x00, 0x00, 0x00, 0x0F, 0x00, 0x00, 0x00, 0x07, 0x00, 0x00, 0x00, 0x07, 0x00, 0x00, 0x00, 0x0F,
  0x00, 0x00, 0x00, 0x00, 0x00, 0x00, 0x00, 0x00, 0x00, 0x00, 0x00, 0x28, 0x00, 0x00, 0x00, 0x15,
  0x00, 0x00, 0x00, 0x08, 0x00, 0x00, 0x00, 0x08, 0x00, 0x00, 0x00, 0x11, 0x00, 0x00, 0x00, 0x00,
  0x00, 0x00, 0x00, 0x00, 0x00, 0x00, 0x00, 0x29, 0x00, 0x00, 0x00, 0x15, 0x00, 0x00, 0x00, 0x08,
  0x00, 0x00, 0x00, 0x08, 0x00, 0x00, 0x00, 0x11, 0x00, 0x00, 0x00, 0x00, 0x00, 0x00, 0x00, 0x00,
  0x00, 0x00, 0x00, 0x2A, 0x00, 0x00, 0x00, 0x0C, 0x00, 0x00, 0x00, 0x0D, 0x00, 0x00, 0x00, 0x0D,
  0x00, 0x00, 0x00, 0x0C, 0x00, 0x00, 0x00, 0x00, 0x00, 0x00, 0x00, 0x00, 0x00, 0x00, 0x00, 0x2B,
  0x00, 0x00, 0x00, 0x0D, 0x00, 0x00, 0x00, 0x0E, 0x00, 0x00, 0x00, 0x0E, 0x00, 0x00, 0x00, 0x0D,
  0x00, 0x00, 0x00, 0x00, 0x00, 0x00, 0x00, 0x00, 0x00, 0x00, 0x00, 0x2C, 0x00, 0x00, 0x00, 0x04,
  0x00, 0x00, 0x00, 0x07, 0x00, 0x00, 0x00, 0x07, 0x00, 0x00, 0x00, 0x00, 0x00, 0x00, 0x00, 0x00,
  0x00, 0x00, 0x00, 0x00, 0x00, 0x00, 0x00, 0x2D, 0x00, 0x00, 0x00, 0x09, 0x00, 0x00, 0x00, 0x08,
  0x00, 0x00, 0x00, 0x08, 0x00, 0x00, 0x00, 0x09, 0x00, 0x00, 0x00, 0x00, 0x00, 0x00, 0x00, 0x00,
  0x00, 0x00, 0x00, 0x2E, 0x00, 0x00, 0x00, 0x03, 0x00, 0x00, 0x00, 0x07, 0x00, 0x00, 0x00, 0x07,
  0x00, 0x00, 0x00, 0x00, 0x00, 0x00, 0x00, 0x00, 0x00, 0x00, 0x00, 0x00, 0x00, 0x00, 0x00, 0x2F,
  0x00, 0x00, 0x00, 0x10, 0x00, 0x00, 0x00, 0x09, 0x00, 0x00, 0x00, 0x08, 0x00, 0x00, 0x00, 0x0F,
  0x00, 0x00, 0x00, 0x00, 0x00, 0x00, 0x00, 0x00, 0x00, 0x00, 0x00, 0x30, 0x00, 0x00, 0x00, 0x10,
  0x00, 0x00, 0x00, 0x0D, 0x00, 0x00, 0x00, 0x0D, 0x00, 0x00, 0x00, 0x0F, 0x00, 0x00, 0x00, 0x00,
  0x00, 0x00, 0x00, 0x00, 0x00, 0x00, 0x00, 0x31, 0x00, 0x00, 0x00, 0x10, 0x00, 0x00, 0x00, 0x0D,
  0x00, 0x00, 0x00, 0x0D, 0x00, 0x00, 0x00, 0x0F, 0x00, 0x00, 0x00, 0x00, 0x00, 0x00, 0x00, 0x00,
  0x00, 0x00, 0x00, 0x32, 0x00, 0x00, 0x00, 0x10, 0x00, 0x00, 0x00, 0x0D, 0x00, 0x00, 0x00, 0x0D,
  0x00, 0x00, 0x00, 0x0F, 0x00, 0x00, 0x00, 0x00, 0x00, 0x00, 0x00, 0x00, 0x00, 0x00, 0x00, 0x33,
  0x00, 0x00, 0x00, 0x10, 0x00, 0x00, 0x00, 0x0D, 0x00, 0x00, 0x00, 0x0D, 0x00, 0x00, 0x00, 0x0F,
  0x00, 0x00, 0x00, 0x00, 0x00, 0x00, 0x00, 0x00, 0x00, 0x00, 0x00, 0x34, 0x00, 0x00, 0x00, 0x10,
  0x00, 0x00, 0x00, 0x0D, 0x00, 0x00, 0x00, 0x0D, 0x00, 0x00, 0x00, 0x0F, 0x00, 0x00, 0x00, 0x00,
  0x00, 0x00, 0x00, 0x00, 0x00, 0x00, 0x00, 0x35, 0x00, 0x00, 0x00, 0x10, 0x00, 0x00, 0x00, 0x0D,
  0x00, 0x00, 0x00, 0x0D, 0x00, 0x00, 0x00, 0x0F, 0x00, 0x00, 0x00, 0x00, 0x00, 0x00, 0x00, 0x00,
  0x00, 0x00, 0x00, 0x36, 0x00, 0x00, 0x00, 0x10, 0x00, 0x00, 0x00, 0x0D, 0x00, 0x00, 0x00, 0x0D,
  0x00, 0x00, 0x00, 0x0F, 0x00, 0x00, 0x00, 0x00, 0x00, 0x00, 0x00, 0x00, 0x00, 0x00, 0x00, 0x37,
  0x00, 0x00, 0x00, 0x10, 0x00, 0x00, 0x00, 0x0D, 0x00, 0x00, 0x00, 0x0D, 0x00, 0x00, 0x00, 0x0F,
  0x00, 0x00, 0x00, 0x00, 0x00, 0x00, 0x00, 0x00, 0x00, 0x00, 0x00, 0x38, 0x00, 0x00, 0x00, 0x10,
  0x00, 0x00, 0x00, 0x0D, 0x00, 0x00, 0x00, 0x0D, 0x00, 0x00, 0x00, 0x0F, 0x00, 0x00, 0x00, 0x00,
  0x00, 0x00, 0x00, 0x00, 0x00, 0x00, 0x00, 0x39, 0x00, 0x00, 0x00, 0x10, 0x00, 0x00, 0x00, 0x0D,
  0x00, 0x00, 0x00, 0x0D, 0x00, 0x00, 0x00, 0x0F, 0x00, 0x00, 0x00, 0x00, 0x00, 0x00, 0x00, 0x00,
  0x00, 0x00, 0x00, 0x3A, 0x00, 0x00, 0x00, 0x0E, 0x00, 0x00, 0x00, 0x07, 0x00, 0x00, 0x00, 0x07,
  0x00, 0x00, 0x00, 0x0E, 0x00, 0x00, 0x00, 0x00, 0x00, 0x00, 0x00, 0x00, 0x00, 0x00, 0x00, 0x3B,
  0x00, 0x00, 0x00, 0x10, 0x00, 0x00, 0x00, 0x07, 0x00, 0x00, 0x00, 0x07, 0x00, 0x00, 0x00, 0x0E,
  0x00, 0x00, 0x00, 0x00, 0x00, 0x00, 0x00, 0x00, 0x00, 0x00, 0x00, 0x3C, 0x00, 0x00, 0x00, 0x17,
  0x00, 0x00, 0x00, 0x0C, 0x00, 0x00, 0x00, 0x0C, 0x00, 0x00, 0x00, 0x12, 0x00, 0x00, 0x00, 0x00,
  0x00, 0x00, 0x00, 0x00, 0x00, 0x00, 0x00, 0x3D, 0x00, 0x00, 0x00, 0x0B, 0x00, 0x00, 0x00, 0x0E,
  0x00, 0x00, 0x00, 0x0E, 0x00, 0x00, 0x00, 0x0B, 0x00, 0x00, 0x00, 0x00, 0x00, 0x00, 0x00, 0x00,
  0x00, 0x00, 0x00, 0x3E, 0x00, 0x00, 0x00, 0x17, 0x00, 0x00, 0x00, 0x0C, 0x00, 0x00, 0x00, 0x0C,
  0x00, 0x00, 0x00, 0x12, 0x00, 0x00, 0x00, 0x00, 0x00, 0x00, 0x00, 0x00, 0x00, 0x00, 0x00, 0x3F,
  0x00, 0x00, 0x00, 0x10, 0x00, 0x00, 0x00, 0x0C, 0x00, 0x00, 0x00, 0x0C, 0x00, 0x00, 0x00, 0x0F,
  0x00, 0x00, 0x00, 0x00, 0x00, 0x00, 0x00, 0x00, 0x00, 0x00, 0x00, 0x40, 0x00, 0x00, 0x00, 0x10,
  0x00, 0x00, 0x00, 0x13, 0x00, 0x00, 0x00, 0x13, 0x00, 0x00, 0x00, 0x0F, 0x00, 0x00, 0x00, 0x00,
  0x00, 0x00, 0x00, 0x00, 0x00, 0x00, 0x00, 0x41, 0x00, 0x00, 0x00, 0x10, 0x00, 0x00, 0x00, 0x10,
  0x00, 0x00, 0x00, 0x10, 0x00, 0x00, 0x00, 0x0F, 0x00, 0x00, 0x00, 0x00, 0x00, 0x00, 0x00, 0x00,
  0x00, 0x00, 0x00, 0x42, 0x00, 0x00, 0x00, 0x10, 0x00, 0x00, 0x00, 0x0D, 0x00, 0x00, 0x00, 0x0D,
  0x00, 0x00, 0x00, 0x0F, 0x00, 0x00, 0x00, 0x00, 0x00, 0x00, 0x00, 0x00, 0x00, 0x00, 0x00, 0x43,
  0x00, 0x00, 0x00, 0x10, 0x00, 0x00, 0x00, 0x0F, 0x00, 0x00, 0x00, 0x0F, 0x00, 0x00, 0x00, 0x0F,
  0x00, 0x00, 0x00, 0x00, 0x00, 0x00, 0x00, 0x00, 0x00, 0x00, 0x00, 0x44, 0x00, 0x00, 0x00, 0x10,
  0x00, 0x00, 0x00, 0x10, 0x00, 0x00, 0x00, 0x10, 0x00, 0x00, 0x00, 0x0F, 0x00, 0x00, 0x00, 0x00,
  0x00, 0x00, 0x00, 0x00, 0x00, 0x00, 0x00, 0x45, 0x00, 0x00, 0x00, 0x10, 0x00, 0x00, 0x00, 0x0D,
  0x00, 0x00, 0x00, 0x0D, 0x00, 0x00, 0x00, 0x0F, 0x00, 0x00, 0x00, 0x00, 0x00, 0x00, 0x00, 0x00,
  0x00, 0x00, 0x00, 0x46, 0x00, 0x00, 0x00, 0x10, 0x00, 0x00, 0x00, 0x0B, 0x00, 0x00, 0x00, 0x0B,
  0x00, 0x00, 0x00, 0x0F, 0x00, 0x00, 0x00, 0x00, 0x00, 0x00, 0x00, 0x00, 0x00, 0x00, 0x00, 0x47,
  0x00, 0x00, 0x00, 0x10, 0x00, 0x00, 0x00, 0x12, 0x00, 0x00, 0x00, 0x12, 0x00, 0x00, 0x00, 0x0F,
  0x00, 0x00, 0x00, 0x00, 0x00, 0x00, 0x00, 0x00, 0x00, 0x00, 0x00, 0x48, 0x00, 0x00, 0x00, 0x10,
  0x00, 0x00, 0x00, 0x10, 0x00, 0x00, 0x00, 0x10, 0x00, 0x00, 0x00, 0x0F, 0x00, 0x00, 0x00, 0x00,
  0x00, 0x00, 0x00, 0x00, 0x00, 0x00, 0x00, 0x49, 0x00, 0x00, 0x00, 0x10, 0x00, 0x00, 0x00, 0x05,
  0x00, 0x00, 0x00, 0x05, 0x00, 0x00, 0x00, 0x0F, 0x00, 0x00, 0x00, 0x00, 0x00, 0x00, 0x00, 0x00,
  0x00, 0x00, 0x00, 0x4A, 0x00, 0x00, 0x00, 0x11, 0x00, 0x00, 0x00, 0x08, 0x00, 0x00, 0x00, 0x08,
  0x00, 0x00, 0x00, 0x0F, 0x00, 0x00, 0x00, 0x00, 0x00, 0x00, 0x00, 0x00, 0x00, 0x00, 0x00, 0x4B,
  0x00, 0x00, 0x00, 0x10, 0x00, 0x00, 0x00, 0x0E, 0x00, 0x00, 0x00, 0x0E, 0x00, 0x00, 0x00, 0x0F,
  0x00, 0x00, 0x00, 0x00, 0x00, 0x00, 0x00, 0x00, 0x00, 0x00, 0x00, 0x4C, 0x00, 0x00, 0x00, 0x10,
  0x00, 0x00, 0x00, 0x0B, 0x00, 0x00, 0x00, 0x0B, 0x00, 0x00, 0x00, 0x0F, 0x00, 0x00, 0x00, 0x00,
  0x00, 0x00, 0x00, 0x00, 0x00, 0x00, 0x00, 0x4D, 0x00, 0x00, 0x00, 0x10, 0x00, 0x00, 0x00, 0x15,
  0x00, 0x00, 0x00, 0x15, 0x00, 0x00, 0x00, 0x0F, 0x00, 0x00, 0x00, 0x00, 0x00, 0x00, 0x00, 0x00,
  0x00, 0x00, 0x00, 0x4E, 0x00, 0x00, 0x00, 0x10, 0x00, 0x00, 0x00, 0x10, 0x00, 0x00, 0x00, 0x10,
  0x00, 0x00, 0x00, 0x0F, 0x00, 0x00, 0x00, 0x00, 0x00, 0x00, 0x00, 0x00, 0x00, 0x00, 0x00, 0x4F,
  0x00, 0x00, 0x00, 0x10, 0x00, 0x00, 0x00, 0x11, 0x00, 0x00, 0x00, 0x11, 0x00, 0x00, 0x00, 0x0F,
  0x00, 0x00, 0x00, 0x00, 0x00, 0x00, 0x00, 0x00, 0x00, 0x00, 0x00, 0x50, 0x00, 0x00, 0x00, 0x10,
  0x00, 0x00, 0x00, 0x0D, 0x00, 0x00, 0x00, 0x0D, 0x00, 0x00, 0x00, 0x0F, 0x00, 0x00, 0x00, 0x00,
  0x00, 0x00, 0x00, 0x00, 0x00, 0x00, 0x00, 0x51, 0x00, 0x00, 0x00, 0x13, 0x00, 0x00, 0x00, 0x11,
  0x00, 0x00, 0x00, 0x11, 0x00, 0x00, 0x00, 0x0F, 0x00, 0x00, 0x00, 0x00, 0x00, 0x00, 0x00, 0x00,
  0x00, 0x00, 0x00, 0x52, 0x00, 0x00, 0x00, 0x10, 0x00, 0x00, 0x00, 0x0E, 0x00, 0x00, 0x00, 0x0E,
  0x00, 0x00, 0x00, 0x0F, 0x00, 0x00, 0x00, 0x00, 0x00, 0x00, 0x00, 0x00, 0x00, 0x00, 0x00, 0x53,
  0x00, 0x00, 0x00, 0x11, 0x00, 0x00, 0x00, 0x0C, 0x00, 0x00, 0x00, 0x0C, 0x00, 0x00, 0x00, 0x0F,
  0x00, 0x00, 0x00, 0x00, 0x00, 0x00, 0x00, 0x00, 0x00, 0x00, 0x00, 0x54, 0x00, 0x00, 0x00, 0x10,
  0x00, 0x00, 0x00, 0x0C, 0x00, 0x00, 0x00, 0x0C, 0x00, 0x00, 0x00, 0x0F, 0x00, 0x00, 0x00, 0x00,
  0x00, 0x00, 0x00, 0x00, 0x00, 0x00, 0x00, 0x55, 0x00, 0x00, 0x00, 0x10, 0x00, 0x00, 0x00, 0x10,
  0x00, 0x00, 0x00, 0x10, 0x00, 0x00, 0x00, 0x0F, 0x00, 0x00, 0x00, 0x00, 0x00, 0x00, 0x00, 0x00,
  0x00, 0x00, 0x00, 0x56, 0x00, 0x00, 0x00, 0x10, 0x00, 0x00, 0x00, 0x0F, 0x00, 0x00, 0x00, 0x0F,
  0x00, 0x00, 0x00, 0x0F, 0x00, 0x00, 0x00, 0x00, 0x00, 0x00, 0x00, 0x00, 0x00, 0x00, 0x00, 0x57,
  0x00, 0x00, 0x00, 0x10, 0x00, 0x00, 0x00, 0x17, 0x00, 0x00, 0x00, 0x17, 0x00, 0x00, 0x00, 0x0F,
  0x00, 0x00, 0x00, 0x00, 0x00, 0x00, 0x00, 0x00, 0x00, 0x00, 0x00, 0x58, 0x00, 0x00, 0x00, 0x10,
  0x00, 0x00, 0x00, 0x0F, 0x00, 0x00, 0x00, 0x0F, 0x00, 0x00, 0x00, 0x0F, 0x00, 0x00, 0x00, 0x00,
  0x00, 0x00, 0x00, 0x00, 0x00, 0x00, 0x00, 0x59, 0x00, 0x00, 0x00, 0x10, 0x00, 0x00, 0x00, 0x0F,
  0x00, 0x00, 0x00, 0x0F, 0x00, 0x00, 0x00, 0x0F, 0x00, 0x00, 0x00, 0x00, 0x00, 0x00, 0x00, 0x00,
  0x00, 0x00, 0x00, 0x5A, 0x00, 0x00, 0x00, 0x10, 0x00, 0x00, 0x00, 0x0C, 0x00, 0x00, 0x00, 0x0C,
  0x00, 0x00, 0x00, 0x0F, 0x00, 0x00, 0x00, 0x00, 0x00, 0x00, 0x00, 0x00, 0x00, 0x00, 0x00, 0x5B,
  0x00, 0x00, 0x00, 0x15, 0x00, 0x00, 0x00, 0x08, 0x00, 0x00, 0x00, 0x08, 0x00, 0x00, 0x00, 0x11,
  0x00, 0x00, 0x00, 0x00, 0x00, 0x00, 0x00, 0x00, 0x00, 0x00, 0x00, 0x5C, 0x00, 0x00, 0x00, 0x10,
  0x00, 0x00, 0x00, 0x15, 0x00, 0x00, 0x00, 0x15, 0x00, 0x00, 0x00, 0x0F, 0x00, 0x00, 0x00, 0x00,
  0x00, 0x00, 0x00, 0x00, 0x00, 0x00, 0x00, 0x5D, 0x00, 0x00, 0x00, 0x15, 0x00, 0x00, 0x00, 0x08,
  0x00, 0x00, 0x00, 0x08, 0x00, 0x00, 0x00, 0x11, 0x00, 0x00, 0x00, 0x00, 0x00, 0x00, 0x00, 0x00,
  0x00, 0x00, 0x00, 0x5E, 0x00, 0x00, 0x00, 0x0F, 0x00, 0x00, 0x00, 0x0E, 0x00, 0x00, 0x00, 0x0E,
  0x00, 0x00, 0x00, 0x0F, 0x00, 0x00, 0x00, 0x00, 0x00, 0x00, 0x00, 0x00, 0x00, 0x00, 0x00, 0x5F,
  0x00, 0x00, 0x00, 0x04, 0x00, 0x00, 0x00, 0x0D, 0x00, 0x00, 0x00, 0x0C, 0x00, 0x00, 0x00, 0x00,
  0x00, 0x00, 0x00, 0x00, 0x00, 0x00, 0x00, 0x00, 0x00, 0x00, 0x00, 0x60, 0x00, 0x00, 0x00, 0x0F,
  0x00, 0x00, 0x00, 0x07, 0x00, 0x00, 0x00, 0x05, 0x00, 0x00, 0x00, 0x0F, 0xFF, 0xFF, 0xFF, 0xFF,
  0x00, 0x00, 0x00, 0x00, 0x00, 0x00, 0x00, 0x61, 0x00, 0x00, 0x00, 0x0C, 0x00, 0x00, 0x00, 0x0C,
  0x00, 0x00, 0x00, 0x0C, 0x00, 0x00, 0x00, 0x0B, 0x00, 0x00, 0x00, 0x00, 0x00, 0x00, 0x00, 0x00,
  0x00, 0x00, 0x00, 0x62, 0x00, 0x00, 0x00, 0x12, 0x00, 0x00, 0x00, 0x0D, 0x00, 0x00, 0x00, 0x0D,
  0x00, 0x00, 0x00, 0x11, 0x00, 0x00, 0x00, 0x00, 0x00, 0x00, 0x00, 0x00, 0x00, 0x00, 0x00, 0x63,
  0x00, 0x00, 0x00, 0x0D, 0x00, 0x00, 0x00, 0x0B, 0x00, 0x00, 0x00, 0x0B, 0x00, 0x00, 0x00, 0x0B,
  0x00, 0x00, 0x00, 0x00, 0x00, 0x00, 0x00, 0x00, 0x00, 0x00, 0x00, 0x64, 0x00, 0x00, 0x00, 0x12,
  0x00, 0x00, 0x00, 0x0D, 0x00, 0x00, 0x00, 0x0D, 0x00, 0x00, 0x00, 0x11, 0x00, 0x00, 0x00, 0x00,
  0x00, 0x00, 0x00, 0x00, 0x00, 0x00, 0x00, 0x65, 0x00, 0x00, 0x00, 0x0C, 0x00, 0x00, 0x00, 0x0C,
  0x00, 0x00, 0x00, 0x0C, 0x00, 0x00, 0x00, 0x0B, 0x00, 0x00, 0x00, 0x00, 0x00, 0x00, 0x00, 0x00,
  0x00, 0x00, 0x00, 0x66, 0x00, 0x00, 0x00, 0x12, 0x00, 0x00, 0x00, 0x08, 0x00, 0x00, 0x00, 0x08,
  0x00, 0x00, 0x00, 0x11, 0x00, 0x00, 0x00, 0x00, 0x00, 0x00, 0x00, 0x00, 0x00, 0x00, 0x00, 0x67,
  0x00, 0x00, 0x00, 0x0F, 0x00, 0x00, 0x00, 0x0D, 0x00, 0x00, 0x00, 0x0D, 0x00, 0x00, 0x00, 0x0B,
  0x00, 0x00, 0x00, 0x00, 0x00, 0x00, 0x00, 0x00, 0x00, 0x00, 0x00, 0x68, 0x00, 0x00, 0x00, 0x12,
  0x00, 0x00, 0x00, 0x0D, 0x00, 0x00, 0x00, 0x0D, 0x00, 0x00, 0x00, 0x11, 0x00, 0x00, 0x00, 0x00,
  0x00, 0x00, 0x00, 0x00, 0x00, 0x00, 0x00, 0x69, 0x00, 0x00, 0x00, 0x12, 0x00, 0x00, 0x00, 0x05,
  0x00, 0x00, 0x00, 0x05, 0x00, 0x00, 0x00, 0x11, 0x00, 0x00, 0x00, 0x00, 0x00, 0x00, 0x00, 0x00,
  0x00, 0x00, 0x00, 0x6A, 0x00, 0x00, 0x00, 0x15, 0x00, 0x00, 0x00, 0x06, 0x00, 0x00, 0x00, 0x06,
  0x00, 0x00, 0x00, 0x11, 0x00, 0x00, 0x00, 0x00, 0x00, 0x00, 0x00, 0x00, 0x00, 0x00, 0x00, 0x6B,
  0x00, 0x00, 0x00, 0x12, 0x00, 0x00, 0x00, 0x0C, 0x00, 0x00, 0x00, 0x0B, 0x00, 0x00, 0x00, 0x11,
  0x00, 0x00, 0x00, 0x00, 0x00, 0x00, 0x00, 0x00, 0x00, 0x00, 0x00, 0x6C, 0x00, 0x00, 0x00, 0x12,
  0x00, 0x00, 0x00, 0x05, 0x00, 0x00, 0x00, 0x05, 0x00, 0x00, 0x00, 0x11, 0x00, 0x00, 0x00, 0x00,
  0x00, 0x00, 0x00, 0x00, 0x00, 0x00, 0x00, 0x6D, 0x00, 0x00, 0x00, 0x0C, 0x00, 0x00, 0x00, 0x14,
  0x00, 0x00, 0x00, 0x14, 0x00, 0x00, 0x00, 0x0B, 0x00, 0x00, 0x00, 0x00, 0x00, 0x00, 0x00, 0x00,
  0x00, 0x00, 0x00, 0x6E, 0x00, 0x00, 0x00, 0x0C, 0x00, 0x00, 0x00, 0x0D, 0x00, 0x00, 0x00, 0x0D,
  0x00, 0x00, 0x00, 0x0B, 0x00, 0x00, 0x00, 0x00, 0x00, 0x00, 0x00, 0x00, 0x00, 0x00, 0x00, 0x6F,
  0x00, 0x00, 0x00, 0x0C, 0x00, 0x00, 0x00, 0x0D, 0x00, 0x00, 0x00, 0x0D, 0x00, 0x00, 0x00, 0x0B,
  0x00, 0x00, 0x00, 0x00, 0x00, 0x00, 0x00, 0x00, 0x00, 0x00, 0x00, 0x70, 0x00, 0x00, 0x00, 0x0F,
  0x00, 0x00, 0x00, 0x0D, 0x00, 0x00, 0x00, 0x0D, 0x00, 0x00, 0x00, 0x0B, 0x00, 0x00, 0x00, 0x00,
  0x00, 0x00, 0x00, 0x00, 0x00, 0x00, 0x00, 0x71, 0x00, 0x00, 0x00, 0x0F, 0x00, 0x00, 0x00, 0x0D,
  0x00, 0x00, 0x00, 0x0D, 0x00, 0x00, 0x00, 0x0B, 0x00, 0x00, 0x00, 0x00, 0x00, 0x00, 0x00, 0x00,
  0x00, 0x00, 0x00, 0x72, 0x00, 0x00, 0x00, 0x0C, 0x00, 0x00, 0x00, 0x09, 0x00, 0x00, 0x00, 0x08,
  0x00, 0x00, 0x00, 0x0B, 0x00, 0x00, 0x00, 0x00, 0x00, 0x00, 0x00, 0x00, 0x00, 0x00, 0x00, 0x73,
  0x00, 0x00, 0x00, 0x0C, 0x00, 0x00, 0x00, 0x09, 0x00, 0x00, 0x00, 0x09, 0x00, 0x00, 0x00, 0x0B,
  0x00, 0x00, 0x00, 0x00, 0x00, 0x00, 0x00, 0x00, 0x00, 0x00, 0x00, 0x74, 0x00, 0x00, 0x00, 0x0F,
  0x00, 0x00, 0x00, 0x08, 0x00, 0x00, 0x00, 0x08, 0x00, 0x00, 0x00, 0x0E, 0x00, 0x00, 0x00, 0x00,
  0x00, 0x00, 0x00, 0x00, 0x00, 0x00, 0x00, 0x75, 0x00, 0x00, 0x00, 0x0C, 0x00, 0x00, 0x00, 0x0D,
  0x00, 0x00, 0x00, 0x0D, 0x00, 0x00, 0x00, 0x0B, 0x00, 0x00, 0x00, 0x00, 0x00, 0x00, 0x00, 0x00,
  0x00, 0x00, 0x00, 0x76, 0x00, 0x00, 0x00, 0x0C, 0x00, 0x00, 0x00, 0x0B, 0x00, 0x00, 0x00, 0x0B,
  0x00, 0x00, 0x00, 0x0B, 0x00, 0x00, 0x00, 0x00, 0x00, 0x00, 0x00, 0x00, 0x00, 0x00, 0x00, 0x77,
  0x00, 0x00, 0x00, 0x0C, 0x00, 0x00, 0x00, 0x13, 0x00, 0x00, 0x00, 0x13, 0x00, 0x00, 0x00, 0x0B,
  0x00, 0x00, 0x00, 0x00, 0x00, 0x00, 0x00, 0x00, 0x00, 0x00, 0x00, 0x78, 0x00, 0x00, 0x00, 0x0C,
  0x00, 0x00, 0x00, 0x0C, 0x00, 0x00, 0x00, 0x0B, 0x00, 0x00, 0x00, 0x0B, 0x00, 0x00, 0x00, 0x00,
  0x00, 0x00, 0x00, 0x00, 0x00, 0x00, 0x00, 0x79, 0x00, 0x00, 0x00, 0x0F, 0x00, 0x00, 0x00, 0x0B,
  0x00, 0x00, 0x00, 0x0A, 0x00, 0x00, 0x00, 0x0B, 0x00, 0x00, 0x00, 0x00, 0x00, 0x00, 0x00, 0x00,
  0x00, 0x00, 0x00, 0x7A, 0x00, 0x00, 0x00, 0x0C, 0x00, 0x00, 0x00, 0x0B, 0x00, 0x00, 0x00, 0x0B,
  0x00, 0x00, 0x00, 0x0B, 0x00, 0x00, 0x00, 0x00, 0x00, 0x00, 0x00, 0x00, 0x00, 0x00, 0x00, 0x7B,
  0x00, 0x00, 0x00, 0x15, 0x00, 0x00, 0x00, 0x07, 0x00, 0x00, 0x00, 0x07, 0x00, 0x00, 0x00, 0x11,
  0x00, 0x00, 0x00, 0x00, 0x00, 0x00, 0x00, 0x00, 0x00, 0x00, 0x00, 0x7C, 0x00, 0x00, 0x00, 0x15,
  0x00, 0x00, 0x00, 0x05, 0x00, 0x00, 0x00, 0x05, 0x00, 0x00, 0x00, 0x11, 0x00, 0x00, 0x00, 0x00,
  0x00, 0x00, 0x00, 0x00, 0x00, 0x00, 0x00, 0x7D, 0x00, 0x00, 0x00, 0x15, 0x00, 0x00, 0x00, 0x07,
  0x00, 0x00, 0x00, 0x07, 0x00, 0x00, 0x00, 0x11, 0x00, 0x00, 0x00, 0x00, 0x00, 0x00, 0x00, 0x00,
  0x00, 0x00, 0x00, 0x7E, 0x00, 0x00, 0x00, 0x09, 0x00, 0x00, 0x00, 0x0E, 0x00, 0x00, 0x00, 0x0E,
  0x00, 0x00, 0x00, 0x09, 0x00, 0x00, 0x00, 0x00, 0x00, 0x00, 0x00, 0x00, 0x00, 0x00, 0xB2, 0xC8,
  0x00, 0x00, 0x00, 0x14, 0x00, 0x00, 0x00, 0x15, 0x00, 0x00, 0x00, 0x15, 0x00, 0x00, 0x00, 0x11,
  0x00, 0x00, 0x00, 0x00, 0x00, 0x00, 0x00, 0x00, 0x00, 0x00, 0xB2, 0xE4, 0x00, 0x00, 0x00, 0x14,
  0x00, 0x00, 0x00, 0x15, 0x00, 0x00, 0x00, 0x15, 0x00, 0x00, 0x00, 0x11, 0x00, 0x00, 0x00, 0x00,
  0x00, 0x00, 0x00, 0x00, 0x00, 0x00, 0xB2, 0xEC, 0x00, 0x00, 0x00, 0x14, 0x00, 0x00, 0x00, 0x15,
  0x00, 0x00, 0x00, 0x15, 0x00, 0x00, 0x00, 0x11, 0x00, 0x00, 0x00, 0x00, 0x00, 0x00, 0x00, 0x00,
  0x00, 0x00, 0xB3, 0x00, 0x00, 0x00, 0x00, 0x14, 0x00, 0x00, 0x00, 0x15, 0x00, 0x00, 0x00, 0x15,
  0x00, 0x00, 0x00, 0x11, 0x00, 0x00, 0x00, 0x00, 0x00, 0x00, 0x00, 0x00, 0x00, 0x00, 0xB4, 0xC8,
  0x00, 0x00, 0x00, 0x14, 0x00, 0x00, 0x00, 0x15, 0x00, 0x00, 0x00, 0x15, 0x00, 0x00, 0x00, 0x11,
  0x00, 0x00, 0x00, 0x00, 0x00, 0x00, 0x00, 0x00, 0x00, 0x00, 0xB4, 0xDC, 0x00, 0x00, 0x00, 0x10,
  0x00, 0x00, 0x00, 0x15, 0x00, 0x00, 0x00, 0x15, 0x00, 0x00, 0x00, 0x10, 0x00, 0x00, 0x00, 0x00,
  0x00, 0x00, 0x00, 0x00, 0x00, 0x00, 0xB7, 0x80, 0x00, 0x00, 0x00, 0x14, 0x00, 0x00, 0x00, 0x15,
  0x00, 0x00, 0x00, 0x15, 0x00, 0x00, 0x00, 0x11, 0x00, 0x00, 0x00, 0x00, 0x00, 0x00, 0x00, 0x00,
  0x00, 0x00, 0xB7, 0x8D, 0x00, 0x00, 0x00, 0x14, 0x00, 0x00, 0x00, 0x15, 0x00, 0x00, 0x00, 0x15,
  0x00, 0x00, 0x00, 0x11, 0x00, 0x00, 0x00, 0x00, 0x00, 0x00, 0x00, 0x00, 0x00, 0x00, 0xB9, 0xAC,
  0x00, 0x00, 0x00, 0x14, 0x00, 0x00, 0x00, 0x15, 0x00, 0x00, 0x00, 0x15, 0x00, 0x00, 0x00, 0x11,
  0x00, 0x00, 0x00, 0x00, 0x00, 0x00, 0x00, 0x00, 0x00, 0x00, 0xB9, 0xBD, 0x00, 0x00, 0x00, 0x14,
  0x00, 0x00, 0x00, 0x15, 0x00, 0x00, 0x00, 0x15, 0x00, 0x00, 0x00, 0x11, 0x00, 0x00, 0x00, 0x00,
  0x00, 0x00, 0x00, 0x00, 0x00, 0x00, 0xB9, 0xC1, 0x00, 0x00, 0x00, 0x14, 0x00, 0x00, 0x00, 0x15,
  0x00, 0x00, 0x00, 0x15, 0x00, 0x00, 0x00, 0x11, 0x00, 0x00, 0x00, 0x00, 0x00, 0x00, 0x00, 0x00,
  0x00, 0x00, 0xBA, 0xA8, 0x00, 0x00, 0x00, 0x10, 0x00, 0x00, 0x00, 0x15, 0x00, 0x00, 0x00, 0x15,
  0x00, 0x00, 0x00, 0x10, 0x00, 0x00, 0x00, 0x00, 0x00, 0x00, 0x00, 0x00, 0x00, 0x00, 0xC1, 0x38,
  0x00, 0x00, 0x00, 0x14, 0x00, 0x00, 0x00, 0x15, 0x00, 0x00, 0x00, 0x15, 0x00, 0x00, 0x00, 0x11,
  0x00, 0x00, 0x00, 0x00, 0x00, 0x00, 0x00, 0x00, 0x00, 0x00, 0xC1, 0x8C, 0x00, 0x00, 0x00, 0x11,
  0x00, 0x00, 0x00, 0x15, 0x00, 0x00, 0x00, 0x15, 0x00, 0x00, 0x00, 0x11, 0x00, 0x00, 0x00, 0x00,
  0x00, 0x00, 0x00, 0x00, 0x00, 0x00, 0xC2, 0x18, 0x00, 0x00, 0x00, 0x14, 0x00, 0x00, 0x00, 0x15,
  0x00, 0x00, 0x00, 0x15, 0x00, 0x00, 0x00, 0x11, 0x00, 0x00, 0x00, 0x00, 0x00, 0x00, 0x00, 0x00,
  0x00, 0x00, 0xC2, 0xB5, 0x00, 0x00, 0x00, 0x14, 0x00, 0x00, 0x00, 0x15, 0x00, 0x00, 0x00, 0x15,
  0x00, 0x00, 0x00, 0x11, 0x00, 0x00, 0x00, 0x00, 0x00, 0x00, 0x00, 0x00, 0x00, 0x00, 0xC5, 0x61,
  0x00, 0x00, 0x00, 0x14, 0x00, 0x00, 0x00, 0x15, 0x00, 0x00, 0x00, 0x15, 0x00, 0x00, 0x00, 0x11,
  0x00, 0x00, 0x00, 0x00, 0x00, 0x00, 0x00, 0x00, 0x00, 0x00, 0xC5, 0xC6, 0x00, 0x00, 0x00, 0x15,
  0x00, 0x00, 0x00, 0x15, 0x00, 0x00, 0x00, 0x15, 0x00, 0x00, 0x00, 0x11, 0x00, 0x00, 0x00, 0x00,
  0x00, 0x00, 0x00, 0x00, 0x00, 0x00, 0xC6, 0x94, 0x00, 0x00, 0x00, 0x10, 0x00, 0x00, 0x00, 0x15,
  0x00, 0x00, 0x00, 0x15, 0x00, 0x00, 0x00, 0x10, 0x00, 0x00, 0x00, 0x00, 0x00, 0x00, 0x00, 0x00,
  0x00, 0x00, 0xC7, 0x44, 0x00, 0x00, 0x00, 0x14, 0x00, 0x00, 0x00, 0x15, 0x00, 0x00, 0x00, 0x15,
  0x00, 0x00, 0x00, 0x11, 0x00, 0x00, 0x00, 0x00, 0x00, 0x00, 0x00, 0x00, 0x00, 0x00, 0xC7, 0x4C,
  0x00, 0x00, 0x00, 0x14, 0x00, 0x00, 0x00, 0x15, 0x00, 0x00, 0x00, 0x15, 0x00, 0x00, 0x00, 0x11,
  0x00, 0x00, 0x00, 0x00, 0x00, 0x00, 0x00, 0x00, 0x00, 0x00, 0xC7, 0x74, 0x00, 0x00, 0x00, 0x14,
  0x00, 0x00, 0x00, 0x15, 0x00, 0x00, 0x00, 0x15, 0x00, 0x00, 0x00, 0x11, 0x00, 0x00, 0x00, 0x00,
  0x00, 0x00, 0x00, 0x00, 0x00, 0x00, 0xC7, 0x90, 0x00, 0x00, 0x00, 0x14, 0x00, 0x00, 0x00, 0x15,
  0x00, 0x00, 0x00, 0x15, 0x00, 0x00, 0x00, 0x11, 0x00, 0x00, 0x00, 0x00, 0x00, 0x00, 0x00, 0x00,
  0x00, 0x00, 0xC7, 0x94, 0x00, 0x00, 0x00, 0x14, 0x00, 0x00, 0x00, 0x15, 0x00, 0x00, 0x00, 0x15,
  0x00, 0x00, 0x00, 0x11, 0x00, 0x00, 0x00, 0x00, 0x00, 0x00, 0x00, 0x00, 0x00, 0x00, 0xC8, 0x01,
  0x00, 0x00, 0x00, 0x14, 0x00, 0x00, 0x00, 0x15, 0x00, 0x00, 0x00, 0x15, 0x00, 0x00, 0x00, 0x11,
  0x00, 0x00, 0x00, 0x00, 0x00, 0x00, 0x00, 0x00, 0x00, 0x00, 0xC8, 0x04, 0x00, 0x00, 0x00, 0x14,
  0x00, 0x00, 0x00, 0x15, 0x00, 0x00, 0x00, 0x15, 0x00, 0x00, 0x00, 0x11, 0x00, 0x00, 0x00, 0x00,
  0x00, 0x00, 0x00, 0x00, 0x00, 0x00, 0xC8, 0xFC, 0x00, 0x00, 0x00, 0x14, 0x00, 0x00, 0x00, 0x15,
  0x00, 0x00, 0x00, 0x15, 0x00, 0x00, 0x00, 0x11, 0x00, 0x00, 0x00, 0x00, 0x00, 0x00, 0x00, 0x00,
  0x00, 0x00, 0xCC, 0x98, 0x00, 0x00, 0x00, 0x14, 0x00, 0x00, 0x00, 0x15, 0x00, 0x00, 0x00, 0x15,
  0x00, 0x00, 0x00, 0x11, 0x00, 0x00, 0x00, 0x00, 0x00, 0x00, 0x00, 0x00, 0x00, 0x00, 0xCE, 0x58,
  0x00, 0x00, 0x00, 0x14, 0x00, 0x00, 0x00, 0x15, 0x00, 0x00, 0x00, 0x15, 0x00, 0x00, 0x00, 0x11,
  0x00, 0x00, 0x00, 0x00, 0x00, 0x00, 0x00, 0x00, 0x00, 0x00, 0xD0, 0xA4, 0x00, 0x00, 0x00, 0x14,
  0x00, 0x00, 0x00, 0x15, 0x00, 0x00, 0x00, 0x15, 0x00, 0x00, 0x00, 0x11, 0x00, 0x00, 0x00, 0x00,
  0x00, 0x00, 0x00, 0x00, 0x00, 0x00, 0xD1, 0x30, 0x00, 0x00, 0x00, 0x14, 0x00, 0x00, 0x00, 0x15,
  0x00, 0x00, 0x00, 0x15, 0x00, 0x00, 0x00, 0x11, 0x00, 0x00, 0x00, 0x00, 0x00, 0x00, 0x00, 0x00,
  0x00, 0x00, 0xD2, 0xB8, 0x00, 0x00, 0x00, 0x10, 0x00, 0x00, 0x00, 0x15, 0x00, 0x00, 0x00, 0x15,
  0x00, 0x00, 0x00, 0x10, 0x00, 0x00, 0x00, 0x00, 0x00, 0x00, 0x00, 0x00, 0x00, 0x00, 0xD5, 0x60,
  0x00, 0x00, 0x00, 0x14, 0x00, 0x00, 0x00, 0x15, 0x00, 0x00, 0x00, 0x15, 0x00, 0x00, 0x00, 0x11,
  0x00, 0x00, 0x00, 0x00, 0x00, 0x00, 0x00, 0x00, 0x00, 0x00, 0xD6, 0x58, 0x00, 0x00, 0x00, 0x14,
  0x00, 0x00, 0x00, 0x15, 0x00, 0x00, 0x00, 0x15, 0x00, 0x00, 0x00, 0x11, 0x00, 0x00, 0x00, 0x00,
  0x00, 0x00, 0x00, 0x00, 0x00, 0x00, 0x00, 0x96, 0xFF, 0xFF, 0x24, 0x00, 0x00, 0x00, 0x00, 0x00,
  0x96, 0xFF, 0xFF, 0x21, 0x00, 0x00, 0x00, 0x00, 0x00, 0x8E, 0xFF, 0xFF, 0x1A, 0x00, 0x00, 0x00,
  0x00, 0x00, 0x87, 0xFF, 0xFF, 0x13, 0x00, 0x00, 0x00, 0x00, 0x00, 0x80, 0xFF, 0xFF, 0x0C, 0x00,
  0x00, 0x00, 0x00, 0x00, 0x79, 0xFF, 0xFF, 0x05, 0x00, 0x00, 0x00, 0x00, 0x00, 0x71, 0xFF, 0xFE,
  0x00, 0x00, 0x00, 0x00, 0x00, 0x00, 0x6A, 0xFF, 0xF7, 0x00, 0x00, 0x00, 0x00, 0x00, 0x00, 0x63,
  0xFF, 0xF1, 0x00, 0x00, 0x00, 0x00, 0x00, 0x00, 0x5B, 0xFF, 0xEA, 0x00, 0x00, 0x00, 0x00, 0x00,
  0x00, 0x54, 0xFF, 0xE3, 0x00, 0x00, 0x00, 0x00, 0x00, 0x00, 0x49, 0xFF, 0xDA, 0x00, 0x00, 0x00,
  0x00, 0x00, 0x00, 0x00, 0x00, 0x00, 0x00, 0x00, 0x00, 0x00, 0x00, 0x00, 0x51, 0xEE, 0xC4, 0x0D,
  0x00, 0x00, 0x00, 0x00, 0x00, 0xB8, 0xFF, 0xFF, 0x4B, 0x00, 0x00, 0x00, 0x00, 0x00, 0x53, 0xEF,
  0xC6, 0x0E, 0x00, 0x00, 0x00, 0x00, 0xEF, 0xFF, 0x2B, 0xB7, 0xFF, 0x5F, 0x00, 0x00, 0x00, 0xF4,
  0xFF, 0x30, 0xBC, 0xFF, 0x64, 0x00, 0x00, 0x00, 0xF4, 0xFF, 0x30, 0xBC, 0xFF, 0x64, 0x00, 0x00,
  0x00, 0xF4, 0xFF, 0x30, 0xBC, 0xFF, 0x64, 0x00, 0x00, 0x00, 0xEF, 0xFF, 0x2B, 0xB7, 0xFF, 0x5F,
  0x00, 0x00, 0x00, 0x00, 0x00, 0x00, 0x00, 0x00, 0x00, 0x00, 0x00, 0x00, 0x00, 0x00, 0x00, 0x00,
  0x00, 0x00, 0x00, 0x00, 0x00, 0x00, 0x00, 0x00, 0x00, 0x00, 0x00, 0x00, 0x00, 0x00, 0x00, 0x00,
  0x00, 0x00, 0x00, 0x00, 0x00, 0x00, 0x00, 0x00, 0x00, 0x00, 0x00, 0x00, 0x00, 0x00, 0x00, 0x00,
  0x00, 0x00, 0x00, 0x00, 0x00, 0x00, 0x00, 0x00, 0x00, 0x00, 0x00, 0x00, 0x00, 0x00, 0x00, 0x00,
  0x00, 0x00, 0x00, 0x00, 0x00, 0x00, 0x00, 0x00, 0x00, 0x00, 0x00, 0x00, 0x00, 0x00, 0x00, 0x00,
  0x00, 0x00, 0x00, 0x00, 0x00, 0x00, 0x00, 0x00, 0x00, 0x00, 0x00, 0x00, 0x00, 0x00, 0x00, 0x56,
  0xFF, 0xDD, 0x00, 0x2B, 0xFD, 0xFD, 0x09, 0x00, 0x00, 0x00, 0x00, 0x00, 0x7D, 0xFF, 0xC7, 0x00,
  0x50, 0xFF, 0xEF, 0x00, 0x00, 0x00, 0x00, 0x00, 0x00, 0x9E, 0xFF, 0xA8, 0x00, 0x71, 0xFF, 0xCF,
  0x00, 0x00, 0x00, 0x00, 0x00, 0x00, 0xBF, 0xFF, 0x89, 0x00, 0x92, 0xFF, 0xAF, 0x00, 0x00, 0x00,
  0x00, 0x00, 0x00, 0xE0, 0xFF, 0x6B, 0x00, 0xB3, 0xFF, 0x8F, 0x00, 0x00, 0x00, 0x7A, 0xFF, 0xFF,
  0xFF, 0xFF, 0xFF, 0xFF, 0xFF, 0xFF, 0xFF, 0xFF, 0x95, 0x00, 0x7C, 0xFF, 0xFF, 0xFF, 0xFF, 0xFF,
  0xFF, 0xFF, 0xFF, 0xFF, 0xFF, 0x94, 0x00, 0x00, 0x00, 0x58, 0xFF, 0xF5, 0x01, 0x32, 0xFF, 0xFF,
  0x26, 0x00, 0x00, 0x00, 0x00, 0x00, 0x7D, 0xFF, 0xCF, 0x00, 0x5B, 0xFF, 0xF9, 0x03, 0x00, 0x00,
  0x1B, 0xFD, 0xFF, 0xFF, 0xFF, 0xFF, 0xFF, 0xFF, 0xFF, 0xFF, 0xFF, 0xEE, 0x00, 0x1B, 0xFE, 0xFF,
  0xFF, 0xFF, 0xFF, 0xFF, 0xFF, 0xFF, 0xFF, 0xFF, 0xED, 0x00, 0x00, 0x00, 0x00, 0xE5, 0xFF, 0x5E,
  0x00, 0xC8, 0xFF, 0x8A, 0x00, 0x00, 0x00, 0x00, 0x00, 0x07, 0xFE, 0xFF, 0x3D, 0x00, 0xE6, 0xFF,
  0x69, 0x00, 0x00, 0x00, 0x00, 0x00, 0x27, 0xFF, 0xFF, 0x1C, 0x05, 0xFD, 0xFF, 0x47, 0x00, 0x00,
  0x00, 0x00, 0x00, 0x48, 0xFF, 0xF9, 0x02, 0x22, 0xFF, 0xFF, 0x25, 0x00, 0x00, 0x00, 0x00, 0x00,
  0x62, 0xFF, 0xD2, 0x00, 0x3B, 0xFF, 0xF8, 0x06, 0x00, 0x00, 0x00, 0x00, 0x00, 0x00, 0x00, 0x00,
  0x2A, 0xFF, 0xD9, 0x00, 0x00, 0x00, 0x00, 0x00, 0x00, 0x00, 0x00, 0x00, 0x00, 0x30, 0xFF, 0xE0,
  0x00, 0x00, 0x00, 0x00, 0x00, 0x00, 0x00, 0x00, 0x03, 0x75, 0xDE, 0xFF, 0xFF, 0xFF, 0xFF, 0x9B,
  0x00, 0x00, 0x00, 0x00, 0x03, 0xB4, 0xFF, 0xFF, 0xFF, 0xFF, 0xFF, 0xFF, 0x6B, 0x00, 0x00, 0x00,
  0x00, 0x6D, 0xFF, 0xFA, 0x70, 0xFF, 0xE0, 0x00, 0x00, 0x00, 0x00, 0x00, 0x00, 0x00, 0xCD, 0xFF,
  0xC4, 0x30, 0xFF, 0xE0, 0x00, 0x00, 0x00, 0x00, 0x00, 0x00, 0x00, 0xD4, 0xFF, 0xBA, 0x30, 0xFF,
  0xE0, 0x00, 0x00, 0x00, 0x00, 0x00, 0x00, 0x00, 0x90, 0xFF, 0xFF, 0xAF, 0xFF, 0xE0, 0x00, 0x00,
  0x00, 0x00, 0x00, 0x00, 0x00, 0x0F, 0xD6, 0xFF, 0xFF, 0xFF, 0xE0, 0x00, 0x00, 0x00, 0x00, 0x00,
  0x00, 0x00, 0x00, 0x10, 0xAD, 0xFF, 0xFF, 0xF7, 0x61, 0x00, 0x00, 0x00, 0x00, 0x00, 0x00, 0x00,
  0x00, 0x00, 0x65, 0xFF, 0xFF, 0xFF, 0xAE, 0x0C, 0x00, 0x00, 0x00, 0x00, 0x00, 0x00, 0x00, 0x30,
  0xFF, 0xFD, 0xFF, 0xFF, 0xBC, 0x00, 0x00, 0x00, 0x00, 0x00, 0x00, 0x00, 0x30, 0xFF, 0xE0, 0x82,
  0xFF, 0xFF, 0x46, 0x00, 0x00, 0x00, 0x00, 0x00, 0x00, 0x30, 0xFF, 0xE0, 0x09, 0xFF, 0xFF, 0x76,
  0x00, 0x00, 0x00, 0x03, 0x00, 0x00, 0x30, 0xFF, 0xE0, 0x26, 0xFF, 0xFF, 0x65, 0x00, 0x00, 0x00,
  0xAA, 0x9A, 0x39, 0x3A, 0xFF, 0xE1, 0x9A, 0xFF, 0xF7, 0x1A, 0x00, 0x00, 0x00, 0xBD, 0xFF, 0xFF,
  0xFF, 0xFF, 0xFF, 0xFF, 0xFD, 0x62, 0x00, 0x00, 0x00, 0x00, 0x0C, 0x73, 0xBC, 0xEE, 0xFF, 0xFF,
  0xC0, 0x3E, 0x00, 0x00, 0x00, 0x00, 0x00, 0x00, 0x00, 0x00, 0x30, 0xFF, 0xE0, 0x00, 0x00, 0x00,
  0x00, 0x00, 0x00, 0x00, 0x00, 0x00, 0x00, 0x2A, 0xFF, 0xDA, 0x00, 0x00, 0x00, 0x00, 0x00, 0x00,
  0x00, 0x00, 0x0E, 0x98, 0xEA, 0xF9, 0xD7, 0x6C, 0x00, 0x00, 0x00, 0x00, 0x00, 0x00, 0xA6, 0xFF,
  0xC8, 0x00, 0x00, 0x00, 0x00, 0x00, 0x00, 0x00, 0x00, 0x02, 0xD0, 0xFF, 0xFF, 0xFF, 0xFF, 0xFF,
  0x6D, 0x00, 0x00, 0x00, 0x00, 0x4C, 0xFF, 0xFE, 0x3A, 0x00, 0x00, 0x00, 0x00, 0x00, 0x00, 0x00,
  0x00, 0x4D, 0xFF, 0xFE, 0x49, 0x0E, 0xA6, 0xFF, 0xE8, 0x00, 0x00, 0x00, 0x0A, 0xE0, 0xFF, 0x99,
  0x00, 0x00, 0x00, 0x00, 0x00, 0x00, 0x00, 0x00, 0x00, 0x77, 0xFF, 0xD5, 0x00, 0x00, 0x3E, 0xFF,
  0xFF, 0x12, 0x00, 0x00, 0x8A, 0xFF, 0xE9, 0x11, 0x00, 0x00, 0x00, 0x00, 0x00, 0x00, 0x00, 0x00,
  0x00, 0x78, 0xFF, 0xD7, 0x00, 0x00, 0x3F, 0xFF, 0xFF, 0x13, 0x00, 0x2C, 0xFB, 0xFF, 0x5B, 0x00,
  0x00, 0x00, 0x00, 0x00, 0x00, 0x00, 0x00, 0x00, 0x00, 0x51, 0xFF, 0xFF, 0x53, 0x0E, 0xA7, 0xFF,
  0xEA, 0x00, 0x01, 0xC4, 0xFF, 0xBC, 0x00, 0x00, 0x00, 0x00, 0x00, 0x00, 0x00, 0x00, 0x00, 0x00,
  0x00, 0x04, 0xD9, 0xFF, 0xFF, 0xFF, 0xFF, 0xFF, 0x76, 0x00, 0x65, 0xFF, 0xF8, 0x25, 0x00, 0x00,
  0x00, 0x00, 0x00, 0x00, 0x00, 0x00, 0x00, 0x00, 0x00, 0x00, 0x1D, 0xA6, 0xEC, 0xFA, 0xDA, 0x74,
  0x01, 0x15, 0xED, 0xFF, 0x7E, 0x00, 0x00, 0x00, 0x00, 0x00, 0x00, 0x00, 0x00, 0x00, 0x00, 0x00,
  0x00, 0x00, 0x00, 0x00, 0x00, 0x00, 0x00, 0x00, 0x00, 0xA2, 0xFF, 0xD9, 0x07, 0x02, 0x7B, 0xDC,
  0xFA, 0xE9, 0x9D, 0x13, 0x00, 0x00, 0x00, 0x00, 0x00, 0x00, 0x00, 0x00, 0x00, 0x00, 0x00, 0x00,
  0x40, 0xFF, 0xFF, 0x42, 0x00, 0x83, 0xFF, 0xFF, 0xFF, 0xFF, 0xFF, 0xC2, 0x00, 0x00, 0x00, 0x00,
  0x00, 0x00, 0x00, 0x00, 0x00, 0x00, 0x00, 0x06, 0xD7, 0xFF, 0xA2, 0x00, 0x04, 0xF5, 0xFF, 0x95,
  0x0D, 0x5E, 0xFF, 0xFF, 0x3B, 0x00, 0x00, 0x00, 0x00, 0x00, 0x00, 0x00, 0x00, 0x00, 0x00, 0x7D,
  0xFF, 0xEE, 0x15, 0x00, 0x23, 0xFF, 0xFF, 0x2A, 0x00, 0x00, 0xEE, 0xFF, 0x65, 0x00, 0x00, 0x00,
  0x00, 0x00, 0x00, 0x00, 0x00, 0x00, 0x23, 0xF7, 0xFF, 0x64, 0x00, 0x00, 0x24, 0xFF, 0xFF, 0x2B,
  0x00, 0x00, 0xEE, 0xFF, 0x67, 0x00, 0x00, 0x00, 0x00, 0x00, 0x00, 0x00, 0x00, 0x00, 0xB9, 0xFF,
  0xC4, 0x01, 0x00, 0x00, 0x05, 0xF7, 0xFF, 0x9D, 0x0F, 0x5E, 0xFF, 0xFF, 0x3F, 0x00, 0x00, 0x00,
  0x00, 0x00, 0x00, 0x00, 0x00, 0x58, 0xFF, 0xFA, 0x2C, 0x00, 0x00, 0x00, 0x00, 0x88, 0xFF, 0xFF,
  0xFF, 0xFF, 0xFF, 0xC8, 0x00, 0x00, 0x00, 0x00, 0x00, 0x00, 0x00, 0x00, 0x06, 0xE4, 0xFF, 0x82,
  0x00, 0x00, 0x00, 0x00, 0x00, 0x03, 0x7D, 0xDD, 0xFA, 0xEA, 0x9E, 0x15, 0x00, 0x00, 0x00, 0x00,
  0x00, 0x00, 0x00, 0x22, 0x94, 0xD8, 0xF6, 0xDF, 0x9C, 0x21, 0x00, 0x00, 0x00, 0x00, 0x00, 0x00,
  0x00, 0x00, 0x36, 0xF1, 0xFF, 0xFF, 0xFF, 0xFF, 0xFF, 0xE8, 0x20, 0x00, 0x00, 0x00, 0x00, 0x00,
  0x00, 0x00, 0xDC, 0xFF, 0xDD, 0x36, 0x09, 0x54, 0xFD, 0xFF, 0x9A, 0x00, 0x00, 0x00, 0x00, 0x00,
  0x00, 0x0B, 0xFF, 0xFF, 0x7E, 0x00, 0x00, 0x00, 0xDA, 0xFF, 0xB4, 0x00, 0x00, 0x00, 0x00, 0x00,
  0x00, 0x00, 0xE4, 0xFF, 0xD2, 0x08, 0x00, 0x37, 0xFD, 0xFF, 0x7D, 0x00, 0x00, 0x00, 0x00, 0x00,
  0x00, 0x00, 0x5C, 0xFF, 0xFF, 0xA9, 0x92, 0xF9, 0xFF, 0xDA, 0x0E, 0x00, 0x00, 0x00, 0x00, 0x00,
  0x00, 0x00, 0x00, 0xA6, 0xFF, 0xFF, 0xFF, 0xFF, 0xB0, 0x15, 0x00, 0x00, 0x00, 0x00, 0x00, 0x00,
  0x00, 0x04, 0x90, 0xFD, 0xFF, 0xFF, 0xFF, 0xA2, 0x00, 0x00, 0x00, 0x8D, 0xFF, 0xB9, 0x00, 0x00,
  0x00, 0xA9, 0xFF, 0xFF, 0xBF, 0xC4, 0xFF, 0xFF, 0x75, 0x00, 0x00, 0xB4, 0xFF, 0xA7, 0x00, 0x00,
  0x49, 0xFF, 0xFF, 0x98, 0x01, 0x0D, 0xC9, 0xFF, 0xFF, 0x6D, 0x02, 0xE7, 0xFF, 0x72, 0x00, 0x00,
  0x97, 0xFF, 0xF4, 0x09, 0x00, 0x00, 0x11, 0xCF, 0xFF, 0xFE, 0xAF, 0xFF, 0xFE, 0x23, 0x00, 0x00,
  0xB0, 0xFF, 0xE0, 0x00, 0x00, 0x00, 0x00, 0x15, 0xD5, 0xFF, 0xFF, 0xFF, 0xAC, 0x00, 0x00, 0x00,
  0x92, 0xFF, 0xFF, 0x28, 0x00, 0x00, 0x00, 0x00, 0x3B, 0xFF, 0xFF, 0xFF, 0x5A, 0x00, 0x00, 0x00,
  0x33, 0xFD, 0xFF, 0xDC, 0x4C, 0x0E, 0x15, 0x69, 0xEC, 0xFF, 0xFF, 0xFF, 0xF0, 0x29, 0x00, 0x00,
  0x00, 0x6D, 0xFD, 0xFF, 0xFF, 0xFF, 0xFF, 0xFF, 0xFF, 0xEB, 0x70, 0xF7, 0xFF, 0xDE, 0x14, 0x00,
  0x00, 0x00, 0x32, 0xA0, 0xDF, 0xF9, 0xF2, 0xCC, 0x7C, 0x11, 0x00, 0x5D, 0xFD, 0xFF, 0xBA, 0x00,
  0x00, 0xC2, 0xFF, 0xBA, 0x00, 0x00, 0x00, 0x00, 0xC8, 0xFF, 0xC0, 0x00, 0x00, 0x00, 0x00, 0xC8,
  0xFF, 0xC0, 0x00, 0x00, 0x00, 0x00, 0xC8, 0xFF, 0xC0, 0x00, 0x00, 0x00, 0x00, 0xC3, 0xFF, 0xBB,
  0x00, 0x00, 0x00, 0x00, 0x00, 0x00, 0x00, 0x00, 0x00, 0x00, 0x00, 0x00, 0x00, 0x00, 0x00, 0x00,
  0x00, 0x00, 0x00, 0x00, 0x00, 0x00, 0x00, 0x00, 0x00, 0x00, 0x00, 0x00, 0x00, 0x00, 0x00, 0x00,
  0x00, 0x00, 0x00, 0x00, 0x00, 0x00, 0x00, 0x00, 0x00, 0x00, 0x00, 0x00, 0x00, 0x00, 0x00, 0x00,
  0x00, 0x00, 0x00, 0x00, 0x00, 0x00, 0x00, 0x00, 0x00, 0x00, 0x00, 0x00, 0x00, 0x00, 0x00, 0x00,
  0x00, 0x00, 0x00, 0x00, 0x00, 0x00, 0x00, 0x00, 0x00, 0x00, 0x00, 0x00, 0x00, 0x9C, 0xFF, 0x81,
  0x00, 0x00, 0x00, 0x00, 0x5F, 0xFF, 0xE6, 0x0C, 0x00, 0x00, 0x00, 0x18, 0xEF, 0xFF, 0x5F, 0x00,
  0x00, 0x00, 0x00, 0x98, 0xFF, 0xE2, 0x03, 0x00, 0x00, 0x00, 0x18, 0xFA, 0xFF, 0x7A, 0x00, 0x00,
  0x00, 0x00, 0x74, 0xFF, 0xFE, 0x18, 0x00, 0x00, 0x00, 0x00, 0xBB, 0xFF, 0xD2, 0x00, 0x00, 0x00,
  0x00, 0x08, 0xF7, 0xFF, 0x93, 0x00, 0x00, 0x00, 0x00, 0x27, 0xFF, 0xFF, 0x69, 0x00, 0x00, 0x00,
  0x00, 0x3E, 0xFF, 0xFF, 0x54, 0x00, 0x00, 0x00, 0x00, 0x4E, 0xFF, 0xFF, 0x45, 0x00, 0x00, 0x00,
  0x00, 0x3E, 0xFF, 0xFF, 0x54, 0x00, 0x00, 0x00, 0x00, 0x28, 0xFF, 0xFF, 0x68, 0x00, 0x00, 0x00,
  0x00, 0x09, 0xF8, 0xFF, 0x91, 0x00, 0x00, 0x00, 0x00, 0x00, 0xBD, 0xFF, 0xCF, 0x00, 0x00, 0x00,
  0x00, 0x00, 0x76, 0xFF, 0xFD, 0x14, 0x00, 0x00, 0x00, 0x00, 0x1A, 0xFB, 0xFF, 0x75, 0x00, 0x00,
  0x00, 0x00, 0x00, 0x9B, 0xFF, 0xDD, 0x02, 0x00, 0x00, 0x00, 0x00, 0x19, 0xF0, 0xFF, 0x5B, 0x00,
  0x00, 0x00, 0x00, 0x00, 0x61, 0xFF, 0xE4, 0x0B, 0x00, 0x00, 0x00, 0x00, 0x00, 0x9D, 0xFF, 0x80,
  0x6A, 0xFF, 0xB2, 0x01, 0x00, 0x00, 0x00, 0x00, 0x04, 0xD6, 0xFF, 0x77, 0x00, 0x00, 0x00, 0x00,
  0x00, 0x49, 0xFF, 0xF8, 0x27, 0x00, 0x00, 0x00, 0x00, 0x00, 0xCF, 0xFF, 0xAF, 0x00, 0x00, 0x00,
  0x00, 0x00, 0x66, 0xFF, 0xFF, 0x2A, 0x00, 0x00, 0x00, 0x00, 0x0B, 0xF6, 0xFF, 0x8C, 0x00, 0x00,
  0x00, 0x00, 0x00, 0xBE, 0xFF, 0xD2, 0x00, 0x00, 0x00, 0x00, 0x00, 0x7D, 0xFF, 0xFF, 0x18, 0x00,
  0x00, 0x00, 0x00, 0x53, 0xFF, 0xFF, 0x3E, 0x00, 0x00, 0x00, 0x00, 0x3E, 0xFF, 0xFF, 0x55, 0x00,
  0x00, 0x00, 0x00, 0x2D, 0xFF, 0xFF, 0x66, 0x00, 0x00, 0x00, 0x00, 0x3D, 0xFF, 0xFF, 0x55, 0x00,
  0x00, 0x00, 0x00, 0x52, 0xFF, 0xFF, 0x3F, 0x00, 0x00, 0x00, 0x00, 0x7B, 0xFF, 0xFF, 0x1A, 0x00,
  0x00, 0x00, 0x00, 0xBA, 0xFF, 0xD4, 0x00, 0x00, 0x00, 0x00, 0x09, 0xF4, 0xFF, 0x8E, 0x00, 0x00,
  0x00, 0x00, 0x61, 0xFF, 0xFF, 0x2E, 0x00, 0x00, 0x00, 0x00, 0xCA, 0xFF, 0xB3, 0x00, 0x00, 0x00,
  0x00, 0x44, 0xFF, 0xF9, 0x29, 0x00, 0x00, 0x00, 0x04, 0xD4, 0xFF, 0x79, 0x00, 0x00, 0x00, 0x00,
  0x68, 0xFF, 0xB3, 0x01, 0x00, 0x00, 0x00, 0x00, 0x00, 0x00, 0x00, 0x00, 0x00, 0x62, 0xFF, 0xE3,
  0x00, 0x00, 0x00, 0x00, 0x00, 0x00, 0x00, 0x00, 0x05, 0x00, 0x5B, 0xFF, 0xDC, 0x00, 0x00, 0x00,
  0x00, 0x00, 0x00, 0x00, 0x52, 0xEB, 0x83, 0x65, 0xFF, 0xCB, 0x46, 0xAE, 0xC1, 0x00, 0x00, 0x00,
  0x00, 0xAE, 0xFF, 0xFF, 0xFF, 0xFF, 0xFF, 0xFF, 0xFF, 0xFF, 0x1B, 0x00, 0x00, 0x00, 0x24, 0x73,
  0xBB, 0xFF, 0xFF, 0xFF, 0xE1, 0x9D, 0x5E, 0x09, 0x00, 0x00, 0x00, 0x00, 0x00, 0x74, 0xFF, 0xFF,
  0xFF, 0xD2, 0x0F, 0x00, 0x00, 0x00, 0x00, 0x00, 0x00, 0x4C, 0xFD, 0xFF, 0x81, 0xDE, 0xFF, 0xBE,
  0x03, 0x00, 0x00, 0x00, 0x00, 0x00, 0x61, 0xF9, 0xC7, 0x03, 0x4B, 0xFF, 0xB1, 0x07, 0x00, 0x00,
  0x00, 0x00, 0x00, 0x00, 0x2F, 0x20, 0x00, 0x00, 0x46, 0x00, 0x00, 0x00, 0x00, 0x00, 0x00, 0x00,
  0x00, 0x00, 0x00, 0x00, 0x00, 0x00, 0x00, 0x00, 0x00, 0x00, 0x00, 0x00, 0x00, 0x00, 0x00, 0x00,
  0x00, 0x00, 0x00, 0x00, 0x00, 0x00, 0x00, 0x00, 0x00, 0x00, 0x00, 0x00, 0x00, 0x00, 0x00, 0x00,
  0x00, 0x00, 0x00, 0x00, 0x00, 0x00, 0x00, 0x00, 0x00, 0x00, 0xE7, 0xFF, 0x62, 0x00, 0x00, 0x00,
  0x00, 0x00, 0x00, 0x00, 0x00, 0x00, 0x00, 0x00, 0xEC, 0xFF, 0x68, 0x00, 0x00, 0x00, 0x00, 0x00,
  0x00, 0x00, 0x00, 0x00, 0x00, 0x00, 0xEC, 0xFF, 0x68, 0x00, 0x00, 0x00, 0x00, 0x00, 0x00, 0x00,
  0x00, 0x00, 0x00, 0x00, 0xEC, 0xFF, 0x68, 0x00, 0x00, 0x00, 0x00, 0x00, 0x00, 0x00, 0x00, 0x00,
  0x00, 0x00, 0xEC, 0xFF, 0x68, 0x00, 0x00, 0x00, 0x00, 0x00, 0x00, 0xD7, 0xFF, 0xFF, 0xFF, 0xFF,
  0xFF, 0xFF, 0xFF, 0xFF, 0xFF, 0xFF, 0xFF, 0x4B, 0x00, 0xD7, 0xFF, 0xFF, 0xFF, 0xFF, 0xFF, 0xFF,
  0xFF, 0xFF, 0xFF, 0xFF, 0xFF, 0x4C, 0x00, 0x00, 0x00, 0x00, 0x00, 0x00, 0xEC, 0xFF, 0x68, 0x00,
  0x00, 0x00, 0x00, 0x00, 0x00, 0x00, 0x00, 0x00, 0x00, 0x00, 0xEC, 0xFF, 0x68, 0x00, 0x00, 0x00,
  0x00, 0x00, 0x00, 0x00, 0x00, 0x00, 0x00, 0x00, 0xEC, 0xFF, 0x68, 0x00, 0x00, 0x00, 0x00, 0x00,
  0x00, 0x00, 0x00, 0x00, 0x00, 0x00, 0xEC, 0xFF, 0x68, 0x00, 0x00, 0x00, 0x00, 0x00, 0x00, 0x00,
  0x00, 0x00, 0x00, 0x00, 0xE7, 0xFF, 0x63, 0x00, 0x00, 0x00, 0x00, 0x00, 0x00, 0x00, 0x00, 0x00,
  0x00, 0x00, 0x00, 0x00, 0x00, 0x00, 0x00, 0x00, 0x00, 0x00, 0x00, 0x00, 0xB9, 0xFF, 0xFC, 0x19,
  0x00, 0x00, 0x13, 0xFC, 0xFF, 0xAD, 0x00, 0x00, 0x00, 0x61, 0xFF, 0xFF, 0x3A, 0x00, 0x00, 0x00,
  0xAB, 0xFF, 0xC2, 0x00, 0x00, 0x00, 0x00, 0xCE, 0xFF, 0xFF, 0xFF, 0xFF, 0xFD, 0x0D, 0x00, 0xCF,
  0xFF, 0xFF, 0xFF, 0xFF, 0xFE, 0x0D, 0x00, 0x00, 0x00, 0x00, 0x00, 0x00, 0x00, 0x00, 0x00, 0x00,
  0x00, 0x00, 0x00, 0x00, 0x00, 0x00, 0x00, 0x00, 0x00, 0x00, 0x00, 0x00, 0x00, 0x00, 0x00, 0x00,
  0x00, 0x00, 0x00, 0x00, 0x00, 0x00, 0x00, 0x00, 0x00, 0x00, 0x00, 0x00, 0x00, 0x00, 0x00, 0x00,
  0x00, 0x00, 0x00, 0x00, 0x00, 0x00, 0x00, 0x00, 0x00, 0x00, 0x00, 0x00, 0x00, 0x00, 0x00, 0x04,
  0xAB, 0xF4, 0x9D, 0x00, 0x00, 0x00, 0x2A, 0xFF, 0xFF, 0xFF, 0x16, 0x00, 0x00, 0x03, 0xAB, 0xF5,
  0x9C, 0x00, 0x00, 0x00, 0x00, 0x00, 0x00, 0x00, 0x4E, 0xFE, 0xFF, 0x27, 0x00, 0x00, 0x00, 0x00,
  0x00, 0xB3, 0xFF, 0xD5, 0x00, 0x00, 0x00, 0x00, 0x00, 0x16, 0xFB, 0xFF, 0x76, 0x00, 0x00, 0x00,
  0x00, 0x00, 0x70, 0xFF, 0xFD, 0x1B, 0x00, 0x00, 0x00, 0x00, 0x00, 0xCE, 0xFF, 0xB9, 0x00, 0x00,
  0x00, 0x00, 0x00, 0x2C, 0xFF, 0xFF, 0x5B, 0x00, 0x00, 0x00, 0x00, 0x00, 0x8B, 0xFF, 0xF2, 0x0A,
  0x00, 0x00, 0x00, 0x00, 0x03, 0xE6, 0xFF, 0x9E, 0x00, 0x00, 0x00, 0x00, 0x00, 0x48, 0xFF, 0xFF,
  0x3F, 0x00, 0x00, 0x00, 0x00, 0x00, 0xA7, 0xFF, 0xE0, 0x01, 0x00, 0x00, 0x00, 0x00, 0x0E, 0xF6,
  0xFF, 0x82, 0x00, 0x00, 0x00, 0x00, 0x00, 0x64, 0xFF, 0xFF, 0x24, 0x00, 0x00, 0x00, 0x00, 0x00,
  0xC2, 0xFF, 0xC5, 0x00, 0x00, 0x00, 0x00, 0x00, 0x21, 0xFE, 0xFF, 0x66, 0x00, 0x00, 0x00, 0x00,
  0x00, 0x7F, 0xFF, 0xF8, 0x10, 0x00, 0x00, 0x00, 0x00, 0x00, 0xD1, 0xFF, 0xA2, 0x00, 0x00, 0x00,
  0x00, 0x00, 0x00, 0x00, 0x00, 0x00, 0x0B, 0x7E, 0xD7, 0xF6, 0xEE, 0xB4, 0x3C, 0x00, 0x00, 0x00,
  0x00, 0x00, 0x0D, 0xCA, 0xFF, 0xFF, 0xFF, 0xFF, 0xFF, 0xFD, 0x56, 0x00, 0x00, 0x00, 0x00, 0x98,
  0xFF, 0xF8, 0x5D, 0x09, 0x23, 0xB9, 0xFF, 0xF0, 0x1B, 0x00, 0x00, 0x16, 0xFA, 0xFF, 0x7F, 0x00,
  0x00, 0x00, 0x0F, 0xF0, 0xFF, 0x7F, 0x00, 0x00, 0x60, 0xFF, 0xFF, 0x1E, 0x00, 0x00, 0x00, 0x00,
  0xA0, 0xFF, 0xD3, 0x00, 0x00, 0x92, 0xFF, 0xE7, 0x00, 0x00, 0x00, 0x00, 0x00, 0x6B, 0xFF, 0xFB,
  0x07, 0x00, 0xA7, 0xFF, 0xCB, 0x00, 0x00, 0x00, 0x00, 0x00, 0x4D, 0xFF, 0xFF, 0x26, 0x00, 0xBA,
  0xFF, 0xC0, 0x00, 0x00, 0x00, 0x00, 0x00, 0x41, 0xFF, 0xFF, 0x35, 0x00, 0xBF, 0xFF, 0xBF, 0x00,
  0x00, 0x00, 0x00, 0x00, 0x41, 0xFF, 0xFF, 0x35, 0x00, 0xB2, 0xFF, 0xCA, 0x00, 0x00, 0x00, 0x00,
  0x00, 0x4C, 0xFF, 0xFF, 0x29, 0x00, 0x92, 0xFF, 0xE6, 0x00, 0x00, 0x00, 0x00, 0x00, 0x6A, 0xFF,
  0xFF, 0x0B, 0x00, 0x62, 0xFF, 0xFF, 0x1D, 0x00, 0x00, 0x00, 0x00, 0x9F, 0xFF, 0xDC, 0x00, 0x00,
  0x18, 0xFC, 0xFF, 0x7D, 0x00, 0x00, 0x00, 0x0E, 0xEF, 0xFF, 0x8F, 0x00, 0x00, 0x00, 0xA0, 0xFF,
  0xF7, 0x5C, 0x09, 0x22, 0xB8, 0xFF, 0xF9, 0x20, 0x00, 0x00, 0x00, 0x12, 0xD8, 0xFF, 0xFF, 0xFF,
  0xFF, 0xFF, 0xFD, 0x60, 0x00, 0x00, 0x00, 0x00, 0x00, 0x0D, 0x88, 0xDB, 0xF8, 0xED, 0xB5, 0x3D,
  0x00, 0x00, 0x00, 0x00, 0x00, 0x00, 0x00, 0x00, 0x35, 0xE6, 0xFF, 0x51, 0x00, 0x00, 0x00, 0x00,
  0x00, 0x00, 0x00, 0x00, 0x50, 0xF5, 0xFF, 0xFF, 0x58, 0x00, 0x00, 0x00, 0x00, 0x00, 0x00, 0x00,
  0x70, 0xFD, 0xF9, 0xFF, 0xFF, 0x58, 0x00, 0x00, 0x00, 0x00, 0x00, 0x00, 0x10, 0xF0, 0xFE, 0x5B,
  0xFF, 0xFF, 0x58, 0x00, 0x00, 0x00, 0x00, 0x00, 0x00, 0x00, 0x44, 0x68, 0x04, 0xFF, 0xFF, 0x58,
  0x00, 0x00, 0x00, 0x00, 0x00, 0x00, 0x00, 0x00, 0x00, 0x04, 0xFF, 0xFF, 0x58, 0x00, 0x00, 0x00,
  0x00, 0x00, 0x00, 0x00, 0x00, 0x00, 0x04, 0xFF, 0xFF, 0x58, 0x00, 0x00, 0x00, 0x00, 0x00, 0x00,
  0x00, 0x00, 0x00, 0x04, 0xFF, 0xFF, 0x58, 0x00, 0x00, 0x00, 0x00, 0x00, 0x00, 0x00, 0x00, 0x00,
  0x04, 0xFF, 0xFF, 0x58, 0x00, 0x00, 0x00, 0x00, 0x00, 0x00, 0x00, 0x00, 0x00, 0x04, 0xFF, 0xFF,
  0x58, 0x00, 0x00, 0x00, 0x00, 0x00, 0x00, 0x00, 0x00, 0x00, 0x04, 0xFF, 0xFF, 0x58, 0x00, 0x00,
  0x00, 0x00, 0x00, 0x00, 0x00, 0x00, 0x00, 0x04, 0xFF, 0xFF, 0x58, 0x00, 0x00, 0x00, 0x00, 0x00,
  0x00, 0x00, 0x00, 0x00, 0x04, 0xFF, 0xFF, 0x58, 0x00, 0x00, 0x00, 0x00, 0x00, 0x00, 0x00, 0x00,
  0x00, 0x04, 0xFF, 0xFF, 0x58, 0x00, 0x00, 0x00, 0x00, 0x00, 0x00, 0x00, 0x00, 0x00, 0x04, 0xFF,
  0xFF, 0x58, 0x00, 0x00, 0x00, 0x00, 0x00, 0x00, 0x00, 0x00, 0x00, 0x02, 0xFB, 0xFF, 0x52, 0x00,
  0x00, 0x00, 0x00, 0x00, 0x00, 0x24, 0x7F, 0xCA, 0xF3, 0xF9, 0xDB, 0x84, 0x12, 0x00, 0x00, 0x00,
  0x00, 0x21, 0xFE, 0xFF, 0xFF, 0xFF, 0xFF, 0xFF, 0xFF, 0xE8, 0x23, 0x00, 0x00, 0x00, 0x04, 0xEE,
  0x9E, 0x44, 0x1B, 0x10, 0x79, 0xFF, 0xFF, 0xAB, 0x00, 0x00, 0x00, 0x00, 0x06, 0x00, 0x00, 0x00,
  0x00, 0x00, 0xBA, 0xFF, 0xF2, 0x00, 0x00, 0x00, 0x00, 0x00, 0x00, 0x00, 0x00, 0x00, 0x00, 0x87,
  0xFF, 0xF8, 0x00, 0x00, 0x00, 0x00, 0x00, 0x00, 0x00, 0x00, 0x00, 0x00, 0xB1, 0xFF, 0xC8, 0x00,
  0x00, 0x00, 0x00, 0x00, 0x00, 0x00, 0x00, 0x00, 0x26, 0xFC, 0xFF, 0x5F, 0x00, 0x00, 0x00, 0x00,
  0x00, 0x00, 0x00, 0x00, 0x01, 0xBC, 0xFF, 0xD0, 0x02, 0x00, 0x00, 0x00, 0x00, 0x00, 0x00, 0x00,
  0x00, 0x6F, 0xFF, 0xF9, 0x35, 0x00, 0x00, 0x00, 0x00, 0x00, 0x00, 0x00, 0x00, 0x3C, 0xFA, 0xFF,
  0x69, 0x00, 0x00, 0x00, 0x00, 0x00, 0x00, 0x00, 0x00, 0x1C, 0xE8, 0xFF, 0x97, 0x00, 0x00, 0x00,
  0x00, 0x00, 0x00, 0x00, 0x00, 0x0B, 0xCF, 0xFF, 0xB7, 0x03, 0x00, 0x00, 0x00, 0x00, 0x00, 0x00,
  0x00, 0x02, 0xB1, 0xFF, 0xD5, 0x0E, 0x00, 0x00, 0x00, 0x00, 0x00, 0x00, 0x00, 0x00, 0x8D, 0xFF,
  0xE7, 0x1F, 0x00, 0x00, 0x00, 0x00, 0x00, 0x00, 0x00, 0x00, 0x65, 0xFF, 0xFF, 0xFF, 0xFF, 0xFF,
  0xFF, 0xFF, 0xFF, 0xFF, 0x55, 0x00, 0x00, 0xBA, 0xFF, 0xFF, 0xFF, 0xFF, 0xFF, 0xFF, 0xFF, 0xFF,
  0xFF, 0x55, 0x00, 0x00, 0x00, 0x12, 0x6E, 0xC6, 0xF3, 0xF4, 0xD5, 0xA0, 0x30, 0x00, 0x00, 0x00,
  0x00, 0x00, 0xDF, 0xFF, 0xFF, 0xFF, 0xFF, 0xFF, 0xFF, 0xFC, 0x5D, 0x00, 0x00, 0x00, 0x00, 0xC3,
  0xAF, 0x53, 0x12, 0x12, 0x5B, 0xEB, 0xFF, 0xF6, 0x15, 0x00, 0x00, 0x00, 0x03, 0x00, 0x00, 0x00,
  0x00, 0x00, 0x3C, 0xFF, 0xFF, 0x5B, 0x00, 0x00, 0x00, 0x00, 0x00, 0x00, 0x00, 0x00, 0x00, 0x0B,
  0xFF, 0xFF, 0x5E, 0x00, 0x00, 0x00, 0x00, 0x00, 0x00, 0x00, 0x00, 0x00, 0x77, 0xFF, 0xFB, 0x20,
  0x00, 0x00, 0x00, 0x00, 0x00, 0x00, 0x10, 0x45, 0xAB, 0xFF, 0xFF, 0x86, 0x00, 0x00, 0x00, 0x00,
  0x00, 0x5C, 0xFF, 0xFF, 0xFF, 0xFF, 0xF4, 0x79, 0x00, 0x00, 0x00, 0x00, 0x00, 0x00, 0x5C, 0xFF,
  0xFF, 0xFF, 0xFF, 0xF5, 0x8B, 0x09, 0x00, 0x00, 0x00, 0x00, 0x00, 0x00, 0x00, 0x06, 0x22, 0x6D,
  0xEB, 0xFF, 0xC4, 0x03, 0x00, 0x00, 0x00, 0x00, 0x00, 0x00, 0x00, 0x00, 0x00, 0x3F, 0xFF, 0xFF,
  0x5A, 0x00, 0x00, 0x00, 0x00, 0x00, 0x00, 0x00, 0x00, 0x00, 0x05, 0xFF, 0xFF, 0x82, 0x00, 0x00,
  0x02, 0x00, 0x00, 0x00, 0x00, 0x00, 0x00, 0x42, 0xFF, 0xFF, 0x5F, 0x00, 0x00, 0x89, 0xBF, 0x47,
  0x05, 0x00, 0x09, 0x53, 0xE5, 0xFF, 0xE6, 0x0D, 0x00, 0x00, 0xA3, 0xFF, 0xFF, 0xFC, 0xF2, 0xFD,
  0xFF, 0xFF, 0xEB, 0x36, 0x00, 0x00, 0x00, 0x05, 0x58, 0xBA, 0xEE, 0xFC, 0xED, 0xC4, 0x7A, 0x11,
  0x00, 0x00, 0x00, 0x00, 0x00, 0x00, 0x00, 0x00, 0x00, 0x00, 0x7B, 0xFF, 0xFF, 0x54, 0x00, 0x00,
  0x00, 0x00, 0x00, 0x00, 0x00, 0x00, 0x31, 0xFA, 0xFF, 0xFF, 0x58, 0x00, 0x00, 0x00, 0x00, 0x00,
  0x00, 0x00, 0x06, 0xD2, 0xFF, 0xFF, 0xFF, 0x58, 0x00, 0x00, 0x00, 0x00, 0x00, 0x00, 0x00, 0x88,
  0xFF, 0xB0, 0xFF, 0xFF, 0x58, 0x00, 0x00, 0x00, 0x00, 0x00, 0x00, 0x38, 0xFC, 0xE9, 0x19, 0xFF,
  0xFF, 0x58, 0x00, 0x00, 0x00, 0x00, 0x00, 0x09, 0xD9, 0xFF, 0x50, 0x04, 0xFF, 0xFF, 0x58, 0x00,
  0x00, 0x00, 0x00, 0x00, 0x91, 0xFF, 0xA1, 0x00, 0x04, 0xFF, 0xFF, 0x58, 0x00, 0x00, 0x00, 0x00,
  0x3F, 0xFE, 0xE3, 0x10, 0x00, 0x04, 0xFF, 0xFF, 0x58, 0x00, 0x00, 0x00, 0x0C, 0xDE, 0xFF, 0x46,
  0x00, 0x00, 0x04, 0xFF, 0xFF, 0x58, 0x00, 0x00, 0x00, 0x9A, 0xFF, 0x97, 0x00, 0x00, 0x00, 0x04,
  0xFF, 0xFF, 0x58, 0x00, 0x00, 0x42, 0xFF, 0xFF, 0xFF, 0xFF, 0xFF, 0xFF, 0xFF, 0xFF, 0xFF, 0xFF,
  0xFF, 0xB3, 0x65, 0xFF, 0xFF, 0xFF, 0xFF, 0xFF, 0xFF, 0xFF, 0xFF, 0xFF, 0xFF, 0xFF, 0xB3, 0x00,
  0x00, 0x00, 0x00, 0x00, 0x00, 0x00, 0x04, 0xFF, 0xFF, 0x58, 0x00, 0x00, 0x00, 0x00, 0x00, 0x00,
  0x00, 0x00, 0x00, 0x04, 0xFF, 0xFF, 0x58, 0x00, 0x00, 0x00, 0x00, 0x00, 0x00, 0x00, 0x00, 0x00,
  0x04, 0xFF, 0xFF, 0x58, 0x00, 0x00, 0x00, 0x00, 0x00, 0x00, 0x00, 0x00, 0x00, 0x02, 0xF8, 0xFF,
  0x50, 0x00, 0x00, 0x00, 0x00, 0x9C, 0xFF, 0xFF, 0xFF, 0xFF, 0xFF, 0xFF, 0xFF, 0xFF, 0x27, 0x00,
  0x00, 0x00, 0xA8, 0xFF, 0xFF, 0xFF, 0xFF, 0xFF, 0xFF, 0xFF, 0xFF, 0x27, 0x00, 0x00, 0x00, 0xAB,
  0xFF, 0xC4, 0x00, 0x00, 0x00, 0x00, 0x00, 0x00, 0x00, 0x00, 0x00, 0x00, 0xAF, 0xFF, 0xBF, 0x00,
  0x00, 0x00, 0x00, 0x00, 0x00, 0x00, 0x00, 0x00, 0x00, 0xB2, 0xFF, 0xB9, 0x00, 0x00, 0x00, 0x00,
  0x00, 0x00, 0x00, 0x00, 0x00, 0x00, 0xB6, 0xFF, 0xB3, 0x00, 0x00, 0x00, 0x00, 0x00, 0x00, 0x00,
  0x00, 0x00, 0x00, 0xB9, 0xFF, 0xF1, 0xE1, 0xF9, 0xED, 0xB8, 0x51, 0x00, 0x00, 0x00, 0x00, 0x00,
  0xBC, 0xFF, 0xFF, 0xFF, 0xFF, 0xFF, 0xFF, 0xFF, 0x9C, 0x01, 0x00, 0x00, 0x00, 0xBB, 0xCC, 0x52,
  0x0F, 0x07, 0x32, 0xB4, 0xFF, 0xFF, 0x5E, 0x00, 0x00, 0x00, 0x0C, 0x00, 0x00, 0x00, 0x00, 0x00,
  0x0A, 0xE3, 0xFF, 0xC0, 0x00, 0x00, 0x00, 0x00, 0x00, 0x00, 0x00, 0x00, 0x00, 0x00, 0xA5, 0xFF,
  0xE1, 0x00, 0x00, 0x00, 0x00, 0x00, 0x00, 0x00, 0x00, 0x00, 0x00, 0xB1, 0xFF, 0xD3, 0x00, 0x00,
  0x00, 0x03, 0x00, 0x00, 0x00, 0x00, 0x00, 0x1C, 0xF0, 0xFF, 0x99, 0x00, 0x00, 0x00, 0xCE, 0x87,
  0x34, 0x0A, 0x11, 0x4D, 0xD8, 0xFF, 0xFA, 0x2A, 0x00, 0x00, 0x00, 0xD8, 0xFF, 0xFF, 0xFF, 0xFF,
  0xFF, 0xFF, 0xF7, 0x56, 0x00, 0x00, 0x00, 0x00, 0x21, 0x90, 0xD4, 0xF9, 0xF5, 0xD4, 0x91, 0x24,
  0x00, 0x00, 0x00, 0x00, 0x00, 0x00, 0x00, 0x03, 0x5F, 0xB5, 0xE2, 0xF9, 0xFF, 0xFF, 0x93, 0x00,
  0x00, 0x00, 0x00, 0x20, 0xCF, 0xFF, 0xFF, 0xFF, 0xFF, 0xFF, 0xFF, 0x8D, 0x00, 0x00, 0x00, 0x11,
  0xDF, 0xFF, 0xFB, 0x85, 0x23, 0x04, 0x00, 0x00, 0x00, 0x00, 0x00, 0x00, 0x92, 0xFF, 0xFF, 0x5C,
  0x00, 0x00, 0x00, 0x00, 0x00, 0x00, 0x00, 0x00, 0x09, 0xF3, 0xFF, 0xBA, 0x00, 0x00, 0x00, 0x00,
  0x00, 0x00, 0x00, 0x00, 0x00, 0x47, 0xFF, 0xFF, 0x59, 0x00, 0x00, 0x00, 0x00, 0x00, 0x00, 0x00,
  0x00, 0x00, 0x75, 0xFF, 0xFF, 0x41, 0xA4, 0xEE, 0xF4, 0xCC, 0x74, 0x08, 0x00, 0x00, 0x00, 0x8E,
  0xFF, 0xFD, 0xEC, 0xFF, 0xFF, 0xFF, 0xFF, 0xFF, 0xCF, 0x11, 0x00, 0x00, 0x98, 0xFF, 0xFF, 0xE8,
  0x58, 0x13, 0x16, 0x6D, 0xF9, 0xFF, 0xA4, 0x00, 0x00, 0x90, 0xFF, 0xFF, 0x47, 0x00, 0x00, 0x00,
  0x00, 0x88, 0xFF, 0xFA, 0x0E, 0x00, 0x7C, 0xFF, 0xFA, 0x03, 0x00, 0x00, 0x00, 0x00, 0x42, 0xFF,
  0xFF, 0x32, 0x00, 0x51, 0xFF, 0xFF, 0x11, 0x00, 0x00, 0x00, 0x00, 0x47, 0xFF, 0xFF, 0x2D, 0x00,
  0x11, 0xFA, 0xFF, 0x6F, 0x00, 0x00, 0x00, 0x00, 0x97, 0xFF, 0xF2, 0x05, 0x00, 0x00, 0x9E, 0xFF,
  0xF6, 0x68, 0x13, 0x1D, 0x83, 0xFE, 0xFF, 0x87, 0x00, 0x00, 0x00, 0x13, 0xD4, 0xFF, 0xFF, 0xFF,
  0xFF, 0xFF, 0xFF, 0xB6, 0x06, 0x00, 0x00, 0x00, 0x00, 0x0D, 0x84, 0xD8, 0xF8, 0xF1, 0xC2, 0x60,
  0x02, 0x00, 0x00, 0x00, 0x88, 0xFF, 0xFF, 0xFF, 0xFF, 0xFF, 0xFF, 0xFF, 0xFF, 0xFF, 0xAE, 0x00,
  0x00, 0x87, 0xFF, 0xFF, 0xFF, 0xFF, 0xFF, 0xFF, 0xFF, 0xFF, 0xFF, 0x9A, 0x00, 0x00, 0x00, 0x00,
  0x00, 0x00, 0x00, 0x00, 0x00, 0x63, 0xFF, 0xFF, 0x36, 0x00, 0x00, 0x00, 0x00, 0x00, 0x00, 0x00,
  0x00, 0x00, 0xCE, 0xFF, 0xCD, 0x00, 0x00, 0x00, 0x00, 0x00, 0x00, 0x00, 0x00, 0x00, 0x3B, 0xFF,
  0xFF, 0x63, 0x00, 0x00, 0x00, 0x00, 0x00, 0x00, 0x00, 0x00, 0x00, 0xA7, 0xFF, 0xEF, 0x0A, 0x00,
  0x00, 0x00, 0x00, 0x00, 0x00, 0x00, 0x00, 0x18, 0xFA, 0xFF, 0x8F, 0x00, 0x00, 0x00, 0x00, 0x00,
  0x00, 0x00, 0x00, 0x00, 0x7F, 0xFF, 0xFF, 0x27, 0x00, 0x00, 0x00, 0x00, 0x00, 0x00, 0x00, 0x00,
  0x05, 0xE5, 0xFF, 0xBC, 0x00, 0x00, 0x00, 0x00, 0x00, 0x00, 0x00, 0x00, 0x00, 0x58, 0xFF, 0xFF,
  0x53, 0x00, 0x00, 0x00, 0x00, 0x00, 0x00, 0x00, 0x00, 0x00, 0xC4, 0xFF, 0xE4, 0x04, 0x00, 0x00,
  0x00, 0x00, 0x00, 0x00, 0x00, 0x00, 0x2F, 0xFF, 0xFF, 0x7F, 0x00, 0x00, 0x00, 0x00, 0x00, 0x00,
  0x00, 0x00, 0x00, 0x9C, 0xFF, 0xFB, 0x1A, 0x00, 0x00, 0x00, 0x00, 0x00, 0x00, 0x00, 0x00, 0x11,
  0xF6, 0xFF, 0xAC, 0x00, 0x00, 0x00, 0x00, 0x00, 0x00, 0x00, 0x00, 0x00, 0x74, 0xFF, 0xFF, 0x42,
  0x00, 0x00, 0x00, 0x00, 0x00, 0x00, 0x00, 0x00, 0x00, 0xD3, 0xFF, 0xD2, 0x00, 0x00, 0x00, 0x00,
  0x00, 0x00, 0x00, 0x00, 0x00, 0x00, 0x15, 0x8A, 0xDB, 0xF9, 0xF2, 0xC6, 0x6B, 0x04, 0x00, 0x00,
  0x00, 0x00, 0x43, 0xF3, 0xFF, 0xFF, 0xFF, 0xFF, 0xFF, 0xFF, 0xC2, 0x08, 0x00, 0x00, 0x0A, 0xEA,
  0xFF, 0xEF, 0x59, 0x0E, 0x24, 0xA8, 0xFF, 0xFF, 0x7B, 0x00, 0x00, 0x4B, 0xFF, 0xFF, 0x5D, 0x00,
  0x00, 0x00, 0x03, 0xDA, 0xFF, 0xC7, 0x00, 0x00, 0x4F, 0xFF, 0xFF, 0x33, 0x00, 0x00, 0x00, 0x00,
  0xBC, 0xFF, 0xC4, 0x00, 0x00, 0x16, 0xF5, 0xFF, 0xB5, 0x04, 0x00, 0x00, 0x4D, 0xFE, 0xFF, 0x74,
  0x00, 0x00, 0x00, 0x67, 0xFF, 0xFF, 0xBF, 0x29, 0x6B, 0xF9, 0xFF, 0xBC, 0x06, 0x00, 0x00, 0x00,
  0x00, 0x56, 0xEC, 0xFF, 0xFF, 0xFF, 0xFF, 0xA1, 0x09, 0x00, 0x00, 0x00, 0x00, 0x05, 0x7B, 0xF0,
  0xFF, 0xFF, 0xFF, 0xFF, 0xB9, 0x2A, 0x00, 0x00, 0x00, 0x0A, 0xC6, 0xFF, 0xF2, 0x7E, 0x1D, 0x52,
  0xDB, 0xFF, 0xF6, 0x52, 0x00, 0x00, 0x8B, 0xFF, 0xF2, 0x30, 0x00, 0x00, 0x00, 0x0A, 0xC2, 0xFF,
  0xF3, 0x16, 0x00, 0xCC, 0xFF, 0xAB, 0x00, 0x00, 0x00, 0x00, 0x00, 0x31, 0xFF, 0xFF, 0x4D, 0x00,
  0xB7, 0xFF, 0xD6, 0x08, 0x00, 0x00, 0x00, 0x00, 0x5C, 0xFF, 0xFF, 0x41, 0x00, 0x57, 0xFF, 0xFF,
  0xC4, 0x3F, 0x0B, 0x17, 0x6B, 0xF5, 0xFF, 0xE1, 0x05, 0x00, 0x00, 0x88, 0xFF, 0xFF, 0xFF, 0xFF,
  0xFF, 0xFF, 0xFF, 0xEB, 0x35, 0x00, 0x00, 0x00, 0x00, 0x2D, 0x9C, 0xE1, 0xFB, 0xF3, 0xCC, 0x72,
  0x0E, 0x00, 0x00, 0x00, 0x00, 0x00, 0x24, 0x9A, 0xE0, 0xF9, 0xED, 0xB7, 0x45, 0x00, 0x00, 0x00,
  0x00, 0x00, 0x4A, 0xF5, 0xFF, 0xFF, 0xFF, 0xFF, 0xFF, 0xFF, 0x70, 0x00, 0x00, 0x00, 0x18, 0xF3,
  0xFF, 0xD1, 0x3F, 0x0B, 0x2B, 0xC5, 0xFF, 0xFB, 0x2B, 0x00, 0x00, 0x7C, 0xFF, 0xF4, 0x1C, 0x00,
  0x00, 0x00, 0x0D, 0xE7, 0xFF, 0x93, 0x00, 0x00, 0xB1, 0xFF, 0xC1, 0x00, 0x00, 0x00, 0x00, 0x00,
  0x96, 0xFF, 0xD6, 0x00, 0x00, 0xB7, 0xFF, 0xBE, 0x00, 0x00, 0x00, 0x00, 0x00, 0x83, 0xFF, 0xFB,
  0x02, 0x00, 0x8E, 0xFF, 0xF0, 0x12, 0x00, 0x00, 0x00, 0x02, 0xC8, 0xFF, 0xFF, 0x0E, 0x00, 0x2B,
  0xFC, 0xFF, 0xBF, 0x2F, 0x09, 0x29, 0xA6, 0xFF, 0xFF, 0xFF, 0x12, 0x00, 0x00, 0x67, 0xFD, 0xFF,
  0xFF, 0xFF, 0xFF, 0xFF, 0xF9, 0xFF, 0xFF, 0x04, 0x00, 0x00, 0x00, 0x36, 0xA9, 0xE6, 0xFA, 0xDA,
  0x81, 0xA4, 0xFF, 0xE2, 0x00, 0x00, 0x00, 0x00, 0x00, 0x00, 0x00, 0x00, 0x00, 0x00, 0xD6, 0xFF,
  0xB2, 0x00, 0x00, 0x00, 0x00, 0x00, 0x00, 0x00, 0x00, 0x00, 0x42, 0xFF, 0xFF, 0x65, 0x00, 0x00,
  0x00, 0x00, 0x00, 0x00, 0x00, 0x00, 0x09, 0xCD, 0xFF, 0xE8, 0x0D, 0x00, 0x00, 0x00, 0x01, 0x00,
  0x00, 0x0D, 0x44, 0xCA, 0xFF, 0xFE, 0x53, 0x00, 0x00, 0x00, 0x12, 0xFF, 0xFF, 0xFF, 0xFF, 0xFF,
  0xFF, 0xF4, 0x5F, 0x00, 0x00, 0x00, 0x00, 0x18, 0xFF, 0xFF, 0xFF, 0xEE, 0xD1, 0x86, 0x1F, 0x00,
  0x00, 0x00, 0x00, 0x00, 0x03, 0xA8, 0xF4, 0x9A, 0x00, 0x00, 0x00, 0x2A, 0xFF, 0xFF, 0xFF, 0x16,
  0x00, 0x00, 0x03, 0xAB, 0xF5, 0x9C, 0x00, 0x00, 0x00, 0x00, 0x00, 0x00, 0x00, 0x00, 0x00, 0x00,
  0x00, 0x00, 0x00, 0x00, 0x00, 0x00, 0x00, 0x00, 0x00, 0x00, 0x00, 0x00, 0x00, 0x00, 0x00, 0x00,
  0x00, 0x00, 0x00, 0x00, 0x00, 0x00, 0x00, 0x00, 0x00, 0x00, 0x00, 0x00, 0x00, 0x00, 0x00, 0x00,
  0x00, 0x00, 0x00, 0x00, 0x00, 0x00, 0x00, 0x00, 0x00, 0x00, 0x00, 0x00, 0x00, 0x00, 0x00, 0x00,
  0x00, 0x03, 0xA8, 0xF4, 0x9A, 0x00, 0x00, 0x00, 0x2A, 0xFF, 0xFF, 0xFF, 0x16, 0x00, 0x00, 0x03,
  0xAB, 0xF5, 0x9C, 0x00, 0x00, 0x00, 0x01, 0xA0, 0xF4, 0x9D, 0x01, 0x00, 0x00, 0x1E, 0xFF, 0xFF,
  0xFF, 0x1D, 0x00, 0x00, 0x01, 0xA2, 0xF5, 0xA0, 0x01, 0x00, 0x00, 0x00, 0x00, 0x00, 0x00, 0x00,
  0x00, 0x00, 0x00, 0x00, 0x00, 0x00, 0x00, 0x00, 0x00, 0x00, 0x00, 0x00, 0x00, 0x00, 0x00, 0x00,
  0x00, 0x00, 0x00, 0x00, 0x00, 0x00, 0x00, 0x00, 0x00, 0x00, 0x00, 0x00, 0x00, 0x00, 0x00, 0x00,
  0x00, 0x00, 0x00, 0x00, 0x00, 0x00, 0x00, 0x00, 0x00, 0x00, 0x00, 0x00, 0x00, 0x00, 0x00, 0x00,
  0x00, 0x00, 0x00, 0x00, 0xC7, 0xFF, 0xF2, 0x02, 0x00, 0x00, 0x13, 0xFE, 0xFF, 0xA3, 0x00, 0x00,
  0x00, 0x51, 0xFF, 0xFF, 0x48, 0x00, 0x00, 0x00, 0x91, 0xFF, 0xE8, 0x03, 0x00, 0x00, 0x00, 0xCA,
  0xFF, 0x89, 0x00, 0x00, 0x00, 0x00, 0x00, 0x00, 0x00, 0x00, 0x00, 0x00, 0x00, 0x00, 0x00, 0x0D,
  0x02, 0x00, 0x00, 0x00, 0x00, 0x00, 0x00, 0x00, 0x00, 0x00, 0x0C, 0xC8, 0x0F, 0x00, 0x00, 0x00,
  0x00, 0x00, 0x00, 0x00, 0x00, 0x08, 0xBE, 0xFF, 0x10, 0x00, 0x00, 0x00, 0x00, 0x00, 0x00, 0x00,
  0x05, 0xB4, 0xFF, 0xFE, 0x0B, 0x00, 0x00, 0x00, 0x00, 0x00, 0x00, 0x02, 0xA8, 0xFF, 0xFF, 0x77,
  0x00, 0x00, 0x00, 0x00, 0x00, 0x00, 0x01, 0x9C, 0xFF, 0xFF, 0x87, 0x00, 0x00, 0x00, 0x00, 0x00,
  0x00, 0x00, 0x8F, 0xFF, 0xFF, 0x96, 0x00, 0x00, 0x00, 0x00, 0x00, 0x00, 0x00, 0x82, 0xFF, 0xFF,
  0xA4, 0x02, 0x00, 0x00, 0x00, 0x00, 0x00, 0x00, 0x73, 0xFF, 0xFF, 0xB1, 0x04, 0x00, 0x00, 0x00,
  0x00, 0x00, 0x00, 0x66, 0xFF, 0xFF, 0xBE, 0x08, 0x00, 0x00, 0x00, 0x00, 0x00, 0x00, 0x38, 0xFD,
  0xFF, 0xC9, 0x0C, 0x00, 0x00, 0x00, 0x00, 0x00, 0x00, 0x00, 0x58, 0xFF, 0xFF, 0x41, 0x00, 0x00,
  0x00, 0x00, 0x00, 0x00, 0x00, 0x00, 0x38, 0xFD, 0xFF, 0xDE, 0x19, 0x00, 0x00, 0x00, 0x00, 0x00,
  0x00, 0x00, 0x00, 0x66, 0xFF, 0xFF, 0xD2, 0x10, 0x00, 0x00, 0x00, 0x00, 0x00, 0x00, 0x00, 0x00,
  0x74, 0xFF, 0xFF, 0xC3, 0x09, 0x00, 0x00, 0x00, 0x00, 0x00, 0x00, 0x00, 0x00, 0x82, 0xFF, 0xFF,
  0xB3, 0x04, 0x00, 0x00, 0x00, 0x00, 0x00, 0x00, 0x00, 0x00, 0x8F, 0xFF, 0xFF, 0xA1, 0x01, 0x00,
  0x00, 0x00, 0x00, 0x00, 0x00, 0x00, 0x01, 0x9C, 0xFF, 0xFF, 0x8D, 0x00, 0x00, 0x00, 0x00, 0x00,
  0x00, 0x00, 0x00, 0x02, 0xA9, 0xFF, 0xFF, 0x78, 0x00, 0x00, 0x00, 0x00, 0x00, 0x00, 0x00, 0x00,
  0x05, 0xB4, 0xFF, 0xFE, 0x0A, 0x00, 0x00, 0x00, 0x00, 0x00, 0x00, 0x00, 0x00, 0x08, 0xBF, 0xFF,
  0x10, 0x00, 0x00, 0x00, 0x00, 0x00, 0x00, 0x00, 0x00, 0x00, 0x0C, 0xC8, 0x0F, 0x00, 0x00, 0x00,
  0x00, 0x00, 0x00, 0x00, 0x00, 0x00, 0x00, 0x0F, 0x02, 0x00, 0xCB, 0xFF, 0xFF, 0xFF, 0xFF, 0xFF,
  0xFF, 0xFF, 0xFF, 0xFF, 0xFF, 0xFF, 0x4E, 0x00, 0xCB, 0xFF, 0xFF, 0xFF, 0xFF, 0xFF, 0xFF, 0xFF,
  0xFF, 0xFF, 0xFF, 0xFF, 0x4F, 0x00, 0x00, 0x00, 0x00, 0x00, 0x00, 0x00, 0x00, 0x00, 0x00, 0x00,
  0x00, 0x00, 0x00, 0x00, 0x00, 0x00, 0x00, 0x00, 0x00, 0x00, 0x00, 0x00, 0x00, 0x00, 0x00, 0x00,
  0x00, 0x00, 0x00, 0x00, 0x00, 0x00, 0x00, 0x00, 0x00, 0x00, 0x00, 0x00, 0x00, 0x00, 0x00, 0x00,
  0xCB, 0xFF, 0xFF, 0xFF, 0xFF, 0xFF, 0xFF, 0xFF, 0xFF, 0xFF, 0xFF, 0xFF, 0x4E, 0x00, 0xCB, 0xFF,
  0xFF, 0xFF, 0xFF, 0xFF, 0xFF, 0xFF, 0xFF, 0xFF, 0xFF, 0xFF, 0x4F, 0x00, 0x00, 0x00, 0x00, 0x00,
  0x00, 0x00, 0x00, 0x00, 0x00, 0x00, 0x00, 0x00, 0x00, 0x00, 0x00, 0x00, 0x00, 0x00, 0x00, 0x00,
  0x00, 0x00, 0x00, 0x00, 0x00, 0x00, 0x00, 0x00, 0x00, 0x00, 0x00, 0x00, 0x00, 0x00, 0x00, 0x00,
  0x00, 0x00, 0x00, 0x00, 0x00, 0x00, 0x00, 0x00, 0x00, 0x00, 0x00, 0x00, 0x00, 0x00, 0x00, 0x00,
  0x00, 0x00, 0x00, 0x00, 0x10, 0x00, 0x00, 0x00, 0x00, 0x00, 0x00, 0x00, 0x00, 0x00, 0x00, 0x00,
  0xBB, 0x24, 0x00, 0x00, 0x00, 0x00, 0x00, 0x00, 0x00, 0x00, 0x00, 0x00, 0xD4, 0xE1, 0x1E, 0x00,
  0x00, 0x00, 0x00, 0x00, 0x00, 0x00, 0x00, 0x00, 0xCE, 0xFF, 0xDA, 0x17, 0x00, 0x00, 0x00, 0x00,
  0x00, 0x00, 0x00, 0x00, 0x43, 0xF8, 0xFF, 0xD2, 0x12, 0x00, 0x00, 0x00, 0x00, 0x00, 0x00, 0x00,
  0x00, 0x50, 0xFB, 0xFF, 0xC9, 0x0D, 0x00, 0x00, 0x00, 0x00, 0x00, 0x00, 0x00, 0x00, 0x5D, 0xFE,
  0xFF, 0xC0, 0x09, 0x00, 0x00, 0x00, 0x00, 0x00, 0x00, 0x00, 0x00, 0x6B, 0xFF, 0xFF, 0xB6, 0x05,
  0x00, 0x00, 0x00, 0x00, 0x00, 0x00, 0x00, 0x00, 0x7B, 0xFF, 0xFF, 0xAB, 0x03, 0x00, 0x00, 0x00,
  0x00, 0x00, 0x00, 0x00, 0x00, 0x8A, 0xFF, 0xFF, 0x9F, 0x01, 0x00, 0x00, 0x00, 0x00, 0x00, 0x00,
  0x00, 0x00, 0x9A, 0xFF, 0xFF, 0x70, 0x00, 0x00, 0x00, 0x00, 0x00, 0x00, 0x00, 0x00, 0x0C, 0xF8,
  0xFF, 0x94, 0x00, 0x00, 0x00, 0x00, 0x00, 0x00, 0x00, 0x04, 0xB4, 0xFF, 0xFF, 0x70, 0x00, 0x00,
  0x00, 0x00, 0x00, 0x00, 0x01, 0xA2, 0xFF, 0xFF, 0xA0, 0x01, 0x00, 0x00, 0x00, 0x00, 0x00, 0x00,
  0x8F, 0xFF, 0xFF, 0xAB, 0x03, 0x00, 0x00, 0x00, 0x00, 0x00, 0x00, 0x7B, 0xFF, 0xFF, 0xB6, 0x05,
  0x00, 0x00, 0x00, 0x00, 0x00, 0x00, 0x66, 0xFF, 0xFF, 0xC0, 0x09, 0x00, 0x00, 0x00, 0x00, 0x00,
  0x00, 0x53, 0xFD, 0xFF, 0xC9, 0x0D, 0x00, 0x00, 0x00, 0x00, 0x00, 0x00, 0x42, 0xF8, 0xFF, 0xD2,
  0x12, 0x00, 0x00, 0x00, 0x00, 0x00, 0x00, 0x00, 0xCE, 0xFF, 0xDA, 0x17, 0x00, 0x00, 0x00, 0x00,
  0x00, 0x00, 0x00, 0x00, 0xD4, 0xE1, 0x1E, 0x00, 0x00, 0x00, 0x00, 0x00, 0x00, 0x00, 0x00, 0x00,
  0xBB, 0x25, 0x00, 0x00, 0x00, 0x00, 0x00, 0x00, 0x00, 0x00, 0x00, 0x00, 0x11, 0x00, 0x00, 0x00,
  0x00, 0x00, 0x00, 0x00, 0x00, 0x00, 0x00, 0x00, 0x00, 0x19, 0x85, 0xD2, 0xF7, 0xED, 0xAD, 0x2E,
  0x00, 0x00, 0x00, 0x00, 0x00, 0xDB, 0xFF, 0xFF, 0xFF, 0xFF, 0xFF, 0xFD, 0x5E, 0x00, 0x00, 0x00,
  0x00, 0xD4, 0x74, 0x26, 0x09, 0x34, 0xD0, 0xFF, 0xF3, 0x0D, 0x00, 0x00, 0x00, 0x03, 0x00, 0x00,
  0x00, 0x00, 0x3F, 0xFF, 0xFF, 0x3E, 0x00, 0x00, 0x00, 0x00, 0x00, 0x00, 0x00, 0x00, 0x38, 0xFF,
  0xFF, 0x39, 0x00, 0x00, 0x00, 0x00, 0x00, 0x00, 0x00, 0x00, 0x97, 0xFF, 0xEF, 0x0A, 0x00, 0x00,
  0x00, 0x00, 0x00, 0x00, 0x00, 0x47, 0xFE, 0xFF, 0x73, 0x00, 0x00, 0x00, 0x00, 0x00, 0x00, 0x00,
  0x1D, 0xEA, 0xFF, 0xB3, 0x01, 0x00, 0x00, 0x00, 0x00, 0x00, 0x00, 0x00, 0xC0, 0xFF, 0xDF, 0x11,
  0x00, 0x00, 0x00, 0x00, 0x00, 0x00, 0x00, 0x3E, 0xFF, 0xFF, 0x42, 0x00, 0x00, 0x00, 0x00, 0x00,
  0x00, 0x00, 0x00, 0x84, 0xFF, 0xDA, 0x00, 0x00, 0x00, 0x00, 0x00, 0x00, 0x00, 0x00, 0x00, 0x98,
  0xFF, 0xAD, 0x00, 0x00, 0x00, 0x00, 0x00, 0x00, 0x00, 0x00, 0x00, 0x00, 0x00, 0x00, 0x00, 0x00,
  0x00, 0x00, 0x00, 0x00, 0x00, 0x00, 0x00, 0x8B, 0xF2, 0x65, 0x00, 0x00, 0x00, 0x00, 0x00, 0x00,
  0x00, 0x00, 0x00, 0xF4, 0xFF, 0xCF, 0x00, 0x00, 0x00, 0x00, 0x00, 0x00, 0x00, 0x00, 0x00, 0x8E,
  0xF2, 0x68, 0x00, 0x00, 0x00, 0x00, 0x00, 0x00, 0x00, 0x00, 0x00, 0x00, 0x19, 0x77, 0xC0, 0xE5,
  0xF9, 0xED, 0xD0, 0x92, 0x38, 0x00, 0x00, 0x00, 0x00, 0x00, 0x00, 0x00, 0x00, 0x02, 0x7E, 0xF5,
  0xFF, 0xFF, 0xFF, 0xFF, 0xFF, 0xFF, 0xFF, 0xFF, 0xBF, 0x23, 0x00, 0x00, 0x00, 0x00, 0x00, 0x04,
  0xAF, 0xFF, 0xFF, 0xD1, 0x60, 0x1E, 0x06, 0x15, 0x44, 0x98, 0xF8, 0xFF, 0xF1, 0x39, 0x00, 0x00,
  0x00, 0x00, 0x8D, 0xFF, 0xFF, 0x83, 0x02, 0x00, 0x00, 0x00, 0x00, 0x00, 0x00, 0x1F, 0xCD, 0xFF,
  0xEF, 0x1A, 0x00, 0x00, 0x2C, 0xFD, 0xFF, 0x8E, 0x00, 0x00, 0x45, 0xB8, 0xEF, 0xF3, 0xCC, 0x96,
  0xFF, 0xE3, 0xE6, 0xFF, 0xA2, 0x00, 0x00, 0x9F, 0xFF, 0xE6, 0x09, 0x00, 0x88, 0xFF, 0xFF, 0xFF,
  0xFF, 0xFF, 0xFF, 0xFF, 0x90, 0x6C, 0xFF, 0xF6, 0x0B, 0x00, 0xE9, 0xFF, 0x8A, 0x00, 0x66, 0xFF,
  0xFF, 0xAD, 0x1C, 0x12, 0xCC, 0xFF, 0xFF, 0x3C, 0x24, 0xFF, 0xFF, 0x30, 0x10, 0xFF, 0xFF, 0x53,
  0x08, 0xEB, 0xFF, 0xC6, 0x03, 0x00, 0x00, 0xA2, 0xFF, 0xE5, 0x02, 0x1E, 0xFF, 0xFF, 0x38, 0x1D,
  0xFF, 0xFF, 0x47, 0x45, 0xFF, 0xFF, 0x50, 0x00, 0x00, 0x02, 0xDC, 0xFF, 0x90, 0x00, 0x5A, 0xFF,
  0xFB, 0x12, 0x06, 0xFE, 0xFF, 0x67, 0x64, 0xFF, 0xFF, 0x25, 0x00, 0x00, 0x66, 0xFF, 0xFF, 0x3B,
  0x05, 0xD8, 0xFF, 0xA6, 0x00, 0x00, 0xC5, 0xFF, 0xBD, 0x48, 0xFF, 0xFF, 0x6C, 0x0C, 0x6E, 0xFB,
  0xFF, 0xF0, 0x16, 0x9D, 0xFF, 0xE5, 0x18, 0x00, 0x00, 0x5D, 0xFF, 0xFF, 0x5F, 0xDB, 0xFF, 0xFF,
  0xFF, 0xFF, 0xF3, 0xFF, 0xFF, 0xFF, 0xFF, 0xE1, 0x2A, 0x00, 0x00, 0x00, 0x01, 0xBD, 0xFF, 0xF8,
  0x78, 0xB0, 0xEC, 0xEB, 0x94, 0x15, 0xAD, 0xF8, 0xE0, 0xFF, 0xFF, 0xFC, 0x47, 0x00, 0x00, 0x00,
  0x11, 0xCF, 0xFF, 0xFF, 0xBC, 0x56, 0x1B, 0x05, 0x0E, 0x29, 0x67, 0xD4, 0xFF, 0xFD, 0x6D, 0x00,
  0x00, 0x00, 0x00, 0x00, 0x09, 0x94, 0xFB, 0xFF, 0xFF, 0xFF, 0xFF, 0xFF, 0xFF, 0xFF, 0xFF, 0xDD,
  0x3D, 0x00, 0x00, 0x00, 0x00, 0x00, 0x00, 0x00, 0x00, 0x1F, 0x81, 0xC3, 0xE9, 0xFB, 0xF5, 0xDA,
  0xA7, 0x58, 0x05, 0x00, 0x00, 0x00, 0x00, 0x00, 0x00, 0x00, 0x00, 0x00, 0x00, 0x6B, 0xFF, 0xFF,
  0x8A, 0x00, 0x00, 0x00, 0x00, 0x00, 0x00, 0x00, 0x00, 0x00, 0x00, 0x00, 0x00, 0xD6, 0xFF, 0xFF,
  0xED, 0x08, 0x00, 0x00, 0x00, 0x00, 0x00, 0x00, 0x00, 0x00, 0x00, 0x00, 0x41, 0xFF, 0xFF, 0xFC,
  0xFF, 0x60, 0x00, 0x00, 0x00, 0x00, 0x00, 0x00, 0x00, 0x00, 0x00, 0x00, 0xAB, 0xFF, 0xCA, 0xB3,
  0xFF, 0xCA, 0x00, 0x00, 0x00, 0x00, 0x00, 0x00, 0x00, 0x00, 0x00, 0x1A, 0xFB, 0xFF, 0x6A, 0x53,
  0xFF, 0xFF, 0x35, 0x00, 0x00, 0x00, 0x00, 0x00, 0x00, 0x00, 0x00, 0x80, 0xFF, 0xF9, 0x12, 0x06,
  0xED, 0xFF, 0x9F, 0x00, 0x00, 0x00, 0x00, 0x00, 0x00, 0x00, 0x04, 0xE5, 0xFF, 0xAC, 0x00, 0x00,
  0x95, 0xFF, 0xF6, 0x12, 0x00, 0x00, 0x00, 0x00, 0x00, 0x00, 0x55, 0xFF, 0xFF, 0x4D, 0x00, 0x00,
  0x36, 0xFF, 0xFF, 0x74, 0x00, 0x00, 0x00, 0x00, 0x00, 0x00, 0xBF, 0xFF, 0xE9, 0x04, 0x00, 0x00,
  0x00, 0xD7, 0xFF, 0xDC, 0x01, 0x00, 0x00, 0x00, 0x00, 0x29, 0xFF, 0xFF, 0x8F, 0x00, 0x00, 0x00,
  0x00, 0x78, 0xFF, 0xFF, 0x48, 0x00, 0x00, 0x00, 0x00, 0x93, 0xFF, 0xFF, 0xFF, 0xFF, 0xFF, 0xFF,
  0xFF, 0xFF, 0xFF, 0xFF, 0xB2, 0x00, 0x00, 0x00, 0x0C, 0xF1, 0xFF, 0xFF, 0xFF, 0xFF, 0xFF, 0xFF,
  0xFF, 0xFF, 0xFF, 0xFF, 0xFD, 0x1F, 0x00, 0x00, 0x68, 0xFF, 0xFF, 0x41, 0x00, 0x00, 0x00, 0x00,
  0x00, 0x00, 0x28, 0xFF, 0xFF, 0x87, 0x00, 0x00, 0xD1, 0xFF, 0xD6, 0x00, 0x00, 0x00, 0x00, 0x00,
  0x00, 0x00, 0x00, 0xBD, 0xFF, 0xEA, 0x06, 0x3C, 0xFF, 0xFF, 0x6B, 0x00, 0x00, 0x00, 0x00, 0x00,
  0x00, 0x00, 0x00, 0x52, 0xFF, 0xFF, 0x5B, 0x9F, 0xFF, 0xF0, 0x0D, 0x00, 0x00, 0x00, 0x00, 0x00,
  0x00, 0x00, 0x00, 0x03, 0xE1, 0xFF, 0xBE, 0x00, 0x02, 0xFC, 0xFF, 0xFF, 0xFF, 0xF9, 0xE0, 0xA5,
  0x36, 0x00, 0x00, 0x00, 0x00, 0x04, 0xFF, 0xFF, 0xFF, 0xFF, 0xFF, 0xFF, 0xFF, 0xFE, 0x60, 0x00,
  0x00, 0x00, 0x04, 0xFF, 0xFF, 0x7C, 0x00, 0x0F, 0x4A, 0xE4, 0xFF, 0xF3, 0x0E, 0x00, 0x00, 0x04,
  0xFF, 0xFF, 0x7C, 0x00, 0x00, 0x00, 0x5B, 0xFF, 0xFF, 0x46, 0x00, 0x00, 0x04, 0xFF, 0xFF, 0x7C,
  0x00, 0x00, 0x00, 0x2E, 0xFF, 0xFF, 0x53, 0x00, 0x00, 0x04, 0xFF, 0xFF, 0x7C, 0x00, 0x00, 0x00,
  0x61, 0xFF, 0xFF, 0x31, 0x00, 0x00, 0x04, 0xFF, 0xFF, 0x7C, 0x00, 0x0F, 0x53, 0xEB, 0xFF, 0xCC,
  0x00, 0x00, 0x00, 0x04, 0xFF, 0xFF, 0xFF, 0xFF, 0xFF, 0xFF, 0xFF, 0xD2, 0x21, 0x00, 0x00, 0x00,
  0x04, 0xFF, 0xFF, 0xFF, 0xFF, 0xFF, 0xFF, 0xFF, 0xDC, 0x46, 0x00, 0x00, 0x00, 0x04, 0xFF, 0xFF,
  0x70, 0x02, 0x13, 0x47, 0xC9, 0xFF, 0xF8, 0x32, 0x00, 0x00, 0x04, 0xFF, 0xFF, 0x70, 0x00, 0x00,
  0x00, 0x0F, 0xEA, 0xFF, 0xA3, 0x00, 0x00, 0x04, 0xFF, 0xFF, 0x70, 0x00, 0x00, 0x00, 0x00, 0xB9,
  0xFF, 0xC8, 0x00, 0x00, 0x04, 0xFF, 0xFF, 0x70, 0x00, 0x00, 0x00, 0x09, 0xE5, 0xFF, 0xAF, 0x00,
  0x00, 0x04, 0xFF, 0xFF, 0x70, 0x00, 0x0D, 0x3A, 0xB7, 0xFF, 0xFF, 0x56, 0x00, 0x00, 0x04, 0xFF,
  0xFF, 0xFF, 0xFF, 0xFF, 0xFF, 0xFF, 0xFF, 0x95, 0x00, 0x00, 0x00, 0x03, 0xFD, 0xFF, 0xFF, 0xFE,
  0xF3, 0xD6, 0x9E, 0x3D, 0x00, 0x00, 0x00, 0x00, 0x00, 0x00, 0x00, 0x00, 0x12, 0x74, 0xBD, 0xE6,
  0xFA, 0xFF, 0xFF, 0xFF, 0xA0, 0x00, 0x00, 0x00, 0x00, 0x00, 0x6A, 0xF2, 0xFF, 0xFF, 0xFF, 0xFF,
  0xFF, 0xFF, 0xFF, 0xA0, 0x00, 0x00, 0x00, 0x00, 0x89, 0xFF, 0xFF, 0xD6, 0x61, 0x1E, 0x05, 0x00,
  0x00, 0x00, 0x05, 0x00, 0x00, 0x00, 0x51, 0xFF, 0xFF, 0xA9, 0x06, 0x00, 0x00, 0x00, 0x00, 0x00,
  0x00, 0x00, 0x00, 0x00, 0x01, 0xD7, 0xFF, 0xD9, 0x08, 0x00, 0x00, 0x00, 0x00, 0x00, 0x00, 0x00,
  0x00, 0x00, 0x00, 0x32, 0xFF, 0xFF, 0x65, 0x00, 0x00, 0x00, 0x00, 0x00, 0x00, 0x00, 0x00, 0x00,
  0x00, 0x00, 0x6D, 0xFF, 0xFF, 0x1D, 0x00, 0x00, 0x00, 0x00, 0x00, 0x00, 0x00, 0x00, 0x00, 0x00,
  0x00, 0x85, 0xFF, 0xFC, 0x01, 0x00, 0x00, 0x00, 0x00, 0x00, 0x00, 0x00, 0x00, 0x00, 0x00, 0x00,
  0x85, 0xFF, 0xFC, 0x02, 0x00, 0x00, 0x00, 0x00, 0x00, 0x00, 0x00, 0x00, 0x00, 0x00, 0x00, 0x6C,
  0xFF, 0xFF, 0x22, 0x00, 0x00, 0x00, 0x00, 0x00, 0x00, 0x00, 0x00, 0x00, 0x00, 0x00, 0x31, 0xFF,
  0xFF, 0x71, 0x00, 0x00, 0x00, 0x00, 0x00, 0x00, 0x00, 0x00, 0x00, 0x00, 0x00, 0x01, 0xD7, 0xFF,
  0xE6, 0x12, 0x00, 0x00, 0x00, 0x00, 0x00, 0x00, 0x00, 0x00, 0x00, 0x00, 0x00, 0x50, 0xFF, 0xFF,
  0xC0, 0x10, 0x00, 0x00, 0x00, 0x00, 0x00, 0x00, 0x00, 0x00, 0x00, 0x00, 0x00, 0x8C, 0xFF, 0xFF,
  0xE4, 0x6C, 0x21, 0x05, 0x00, 0x00, 0x00, 0x03, 0x00, 0x00, 0x00, 0x00, 0x00, 0x6F, 0xF5, 0xFF,
  0xFF, 0xFF, 0xFF, 0xFF, 0xFF, 0xFF, 0x98, 0x00, 0x00, 0x00, 0x00, 0x00, 0x00, 0x16, 0x7B, 0xC0,
  0xE8, 0xFB, 0xFF, 0xFF, 0xFF, 0x9D, 0x00, 0x00, 0x08, 0xFC, 0xFF, 0xFF, 0xFF, 0xFA, 0xE8, 0xC9,
  0x8A, 0x2C, 0x00, 0x00, 0x00, 0x00, 0x00, 0x00, 0x0C, 0xFF, 0xFF, 0xFF, 0xFF, 0xFF, 0xFF, 0xFF,
  0xFF, 0xFE, 0x9C, 0x07, 0x00, 0x00, 0x00, 0x00, 0x0C, 0xFF, 0xFF, 0x84, 0x00, 0x06, 0x1B, 0x54,
  0xBF, 0xFF, 0xFF, 0xBB, 0x03, 0x00, 0x00, 0x00, 0x0C, 0xFF, 0xFF, 0x84, 0x00, 0x00, 0x00, 0x00,
  0x00, 0x84, 0xFF, 0xFF, 0x73, 0x00, 0x00, 0x00, 0x0C, 0xFF, 0xFF, 0x84, 0x00, 0x00, 0x00, 0x00,
  0x00, 0x01, 0xC4, 0xFF, 0xE5, 0x03, 0x00, 0x00, 0x0C, 0xFF, 0xFF, 0x84, 0x00, 0x00, 0x00, 0x00,
  0x00, 0x00, 0x5F, 0xFF, 0xFF, 0x31, 0x00, 0x00, 0x0C, 0xFF, 0xFF, 0x84, 0x00, 0x00, 0x00, 0x00,
  0x00, 0x00, 0x28, 0xFF, 0xFF, 0x5E, 0x00, 0x00, 0x0C, 0xFF, 0xFF, 0x84, 0x00, 0x00, 0x00, 0x00,
  0x00, 0x00, 0x12, 0xFF, 0xFF, 0x70, 0x00, 0x00, 0x0C, 0xFF, 0xFF, 0x84, 0x00, 0x00, 0x00, 0x00,
  0x00, 0x00, 0x1A, 0xFF, 0xFF, 0x6A, 0x00, 0x00, 0x0C, 0xFF, 0xFF, 0x84, 0x00, 0x00, 0x00, 0x00,
  0x00, 0x00, 0x3B, 0xFF, 0xFF, 0x51, 0x00, 0x00, 0x0C, 0xFF, 0xFF, 0x84, 0x00, 0x00, 0x00, 0x00,
  0x00, 0x00, 0x8B, 0xFF, 0xFD, 0x17, 0x00, 0x00, 0x0C, 0xFF, 0xFF, 0x84, 0x00, 0x00, 0x00, 0x00,
  0x00, 0x20, 0xF5, 0xFF, 0xBC, 0x00, 0x00, 0x00, 0x0C, 0xFF, 0xFF, 0x84, 0x00, 0x00, 0x00, 0x00,
  0x26, 0xDC, 0xFF, 0xFD, 0x32, 0x00, 0x00, 0x00, 0x0C, 0xFF, 0xFF, 0x84, 0x02, 0x11, 0x3B, 0x8E,
  0xF6, 0xFF, 0xFE, 0x66, 0x00, 0x00, 0x00, 0x00, 0x0C, 0xFF, 0xFF, 0xFF, 0xFF, 0xFF, 0xFF, 0xFF,
  0xFF, 0xDF, 0x4B, 0x00, 0x00, 0x00, 0x00, 0x00, 0x07, 0xFC, 0xFF, 0xFF, 0xFB, 0xEC, 0xCB, 0x99,
  0x4B, 0x04, 0x00, 0x00, 0x00, 0x00, 0x00, 0x00, 0x00, 0xD5, 0xFF, 0xFF, 0xFF, 0xFF, 0xFF, 0xFF,
  0xFF, 0xD3, 0x00, 0x00, 0x00, 0x00, 0xDC, 0xFF, 0xFF, 0xFF, 0xFF, 0xFF, 0xFF, 0xFF, 0xD2, 0x00,
  0x00, 0x00, 0x00, 0xDC, 0xFF, 0x8C, 0x00, 0x00, 0x00, 0x00, 0x00, 0x00, 0x00, 0x00, 0x00, 0x00,
  0xDC, 0xFF, 0x8C, 0x00, 0x00, 0x00, 0x00, 0x00, 0x00, 0x00, 0x00, 0x00, 0x00, 0xDC, 0xFF, 0x8C,
  0x00, 0x00, 0x00, 0x00, 0x00, 0x00, 0x00, 0x00, 0x00, 0x00, 0xDC, 0xFF, 0x8C, 0x00, 0x00, 0x00,
  0x00, 0x00, 0x00, 0x00, 0x00, 0x00, 0x00, 0xDC, 0xFF, 0x8C, 0x00, 0x00, 0x00, 0x00, 0x00, 0x00,
  0x00, 0x00, 0x00, 0x00, 0xDC, 0xFF, 0xFF, 0xFF, 0xFF, 0xFF, 0xFF, 0xFF, 0x89, 0x00, 0x00, 0x00,
  0x00, 0xDC, 0xFF, 0xFF, 0xFF, 0xFF, 0xFF, 0xFF, 0xFF, 0x89, 0x00, 0x00, 0x00, 0x00, 0xDC, 0xFF,
  0x8C, 0x00, 0x00, 0x00, 0x00, 0x00, 0x00, 0x00, 0x00, 0x00, 0x00, 0xDC, 0xFF, 0x8C, 0x00, 0x00,
  0x00, 0x00, 0x00, 0x00, 0x00, 0x00, 0x00, 0x00, 0xDC, 0xFF, 0x8C, 0x00, 0x00, 0x00, 0x00, 0x00,
  0x00, 0x00, 0x00, 0x00, 0x00, 0xDC, 0xFF, 0x8C, 0x00, 0x00, 0x00, 0x00, 0x00, 0x00, 0x00, 0x00,
  0x00, 0x00, 0xDC, 0xFF, 0x8C, 0x00, 0x00, 0x00, 0x00, 0x00, 0x00, 0x00, 0x00, 0x00, 0x00, 0xDC,
  0xFF, 0xFF, 0xFF, 0xFF, 0xFF, 0xFF, 0xFF, 0xFD, 0x13, 0x00, 0x00, 0x00, 0xD5, 0xFF, 0xFF, 0xFF,
  0xFF, 0xFF, 0xFF, 0xFF, 0xFE, 0x14, 0x00, 0x00, 0x12, 0xFD, 0xFF, 0xFF, 0xFF, 0xFF, 0xFF, 0xFF,
  0xFF, 0x5F, 0x00, 0x18, 0xFF, 0xFF, 0xFF, 0xFF, 0xFF, 0xFF, 0xFF, 0xFF, 0x5F, 0x00, 0x18, 0xFF,
  0xFF, 0x5C, 0x00, 0x00, 0x00, 0x00, 0x00, 0x00, 0x00, 0x18, 0xFF, 0xFF, 0x5C, 0x00, 0x00, 0x00,
  0x00, 0x00, 0x00, 0x00, 0x18, 0xFF, 0xFF, 0x5C, 0x00, 0x00, 0x00, 0x00, 0x00, 0x00, 0x00, 0x18,
  0xFF, 0xFF, 0x5C, 0x00, 0x00, 0x00, 0x00, 0x00, 0x00, 0x00, 0x18, 0xFF, 0xFF, 0x5C, 0x00, 0x00,
  0x00, 0x00, 0x00, 0x00, 0x00, 0x18, 0xFF, 0xFF, 0xFF, 0xFF, 0xFF, 0xFF, 0xFF, 0xFE, 0x15, 0x00,
  0x18, 0xFF, 0xFF, 0xFF, 0xFF, 0xFF, 0xFF, 0xFF, 0xFE, 0x15, 0x00, 0x18, 0xFF, 0xFF, 0x5C, 0x00,
  0x00, 0x00, 0x00, 0x00, 0x00, 0x00, 0x18, 0xFF, 0xFF, 0x5C, 0x00, 0x00, 0x00, 0x00, 0x00, 0x00,
  0x00, 0x18, 0xFF, 0xFF, 0x5C, 0x00, 0x00, 0x00, 0x00, 0x00, 0x00, 0x00, 0x18, 0xFF, 0xFF, 0x5C,
  0x00, 0x00, 0x00, 0x00, 0x00, 0x00, 0x00, 0x18, 0xFF, 0xFF, 0x5C, 0x00, 0x00, 0x00, 0x00, 0x00,
  0x00, 0x00, 0x18, 0xFF, 0xFF, 0x5C, 0x00, 0x00, 0x00, 0x00, 0x00, 0x00, 0x00, 0x13, 0xFD, 0xFF,
  0x55, 0x00, 0x00, 0x00, 0x00, 0x00, 0x00, 0x00, 0x00, 0x00, 0x00, 0x00, 0x07, 0x61, 0xAC, 0xE0,
  0xF5, 0xF9, 0xE5, 0xB1, 0x54, 0x06, 0x00, 0x00, 0x00, 0x00, 0x00, 0x00, 0x00, 0x4A, 0xE5, 0xFF,
  0xFF, 0xFF, 0xFF, 0xFF, 0xFF, 0xFF, 0xFF, 0x9A, 0x00, 0x00, 0x00, 0x00, 0x00, 0x00, 0x64, 0xFE,
  0xFF, 0xEF, 0x81, 0x30, 0x0C, 0x0E, 0x2D, 0x64, 0xC9, 0x74, 0x00, 0x00, 0x00, 0x00, 0x00, 0x33,
  0xFB, 0xFF, 0xD3, 0x1C, 0x00, 0x00, 0x00, 0x00, 0x00, 0x00, 0x00, 0x01, 0x00, 0x00, 0x00, 0x00,
  0x00, 0xBA, 0xFF, 0xF6, 0x20, 0x00, 0x00, 0x00, 0x00, 0x00, 0x00, 0x00, 0x00, 0x00, 0x00, 0x00,
  0x00, 0x00, 0x16, 0xFE, 0xFF, 0x93, 0x00, 0x00, 0x00, 0x00, 0x00, 0x00, 0x00, 0x00, 0x00, 0x00,
  0x00, 0x00, 0x00, 0x00, 0x4D, 0xFF, 0xFF, 0x4B, 0x00, 0x00, 0x00, 0x00, 0x00, 0x00, 0x00, 0x00,
  0x00, 0x00, 0x00, 0x00, 0x00, 0x00, 0x64, 0xFF, 0xFF, 0x2F, 0x00, 0x00, 0x00, 0x13, 0xFD, 0xFF,
  0xFF, 0xFF, 0xFF, 0xFF, 0x51, 0x00, 0x00, 0x00, 0x5D, 0xFF, 0xFF, 0x35, 0x00, 0x00, 0x00, 0x14,
  0xFE, 0xFF, 0xFF, 0xFF, 0xFF, 0xFF, 0x5C, 0x00, 0x00, 0x00, 0x42, 0xFF, 0xFF, 0x57, 0x00, 0x00,
  0x00, 0x00, 0x00, 0x00, 0x00, 0x2C, 0xFF, 0xFF, 0x5C, 0x00, 0x00, 0x00, 0x0A, 0xF7, 0xFF, 0x9F,
  0x00, 0x00, 0x00, 0x00, 0x00, 0x00, 0x00, 0x2C, 0xFF, 0xFF, 0x5C, 0x00, 0x00, 0x00, 0x00, 0xA7,
  0xFF, 0xF9, 0x26, 0x00, 0x00, 0x00, 0x00, 0x00, 0x00, 0x2C, 0xFF, 0xFF, 0x5C, 0x00, 0x00, 0x00,
  0x00, 0x24, 0xF7, 0xFF, 0xD5, 0x1C, 0x00, 0x00, 0x00, 0x00, 0x00, 0x2C, 0xFF, 0xFF, 0x5C, 0x00,
  0x00, 0x00, 0x00, 0x00, 0x55, 0xFD, 0xFF, 0xEC, 0x7B, 0x2C, 0x0A, 0x05, 0x20, 0x84, 0xFF, 0xFF,
  0x5C, 0x00, 0x00, 0x00, 0x00, 0x00, 0x00, 0x41, 0xE2, 0xFF, 0xFF, 0xFF, 0xFF, 0xFF, 0xFF, 0xFF,
  0xFF, 0xFF, 0x4F, 0x00, 0x00, 0x00, 0x00, 0x00, 0x00, 0x00, 0x06, 0x5E, 0xAB, 0xE0, 0xF6, 0xFC,
  0xED, 0xCD, 0x9E, 0x55, 0x01, 0x00, 0x00, 0x00, 0x00, 0xD7, 0xFF, 0x9A, 0x00, 0x00, 0x00, 0x00,
  0x00, 0x00, 0x8A, 0xFF, 0xE6, 0x00, 0x00, 0x00, 0x00, 0xDC, 0xFF, 0xA0, 0x00, 0x00, 0x00, 0x00,
  0x00, 0x00, 0x90, 0xFF, 0xEC, 0x00, 0x00, 0x00, 0x00, 0xDC, 0xFF, 0xA0, 0x00, 0x00, 0x00, 0x00,
  0x00, 0x00, 0x90, 0xFF, 0xEC, 0x00, 0x00, 0x00, 0x00, 0xDC, 0xFF, 0xA0, 0x00, 0x00, 0x00, 0x00,
  0x00, 0x00, 0x90, 0xFF, 0xEC, 0x00, 0x00, 0x00, 0x00, 0xDC, 0xFF, 0xA0, 0x00, 0x00, 0x00, 0x00,
  0x00, 0x00, 0x90, 0xFF, 0xEC, 0x00, 0x00, 0x00, 0x00, 0xDC, 0xFF, 0xA0, 0x00, 0x00, 0x00, 0x00,
  0x00, 0x00, 0x90, 0xFF, 0xEC, 0x00, 0x00, 0x00, 0x00, 0xDC, 0xFF, 0xA0, 0x00, 0x00, 0x00, 0x00,
  0x00, 0x00, 0x90, 0xFF, 0xEC, 0x00, 0x00, 0x00, 0x00, 0xDC, 0xFF, 0xFF, 0xFF, 0xFF, 0xFF, 0xFF,
  0xFF, 0xFF, 0xFF, 0xFF, 0xEC, 0x00, 0x00, 0x00, 0x00, 0xDC, 0xFF, 0xFF, 0xFF, 0xFF, 0xFF, 0xFF,
  0xFF, 0xFF, 0xFF, 0xFF, 0xEC, 0x00, 0x00, 0x00, 0x00, 0xDC, 0xFF, 0xA0, 0x00, 0x00, 0x00, 0x00,
  0x00, 0x00, 0x90, 0xFF, 0xEC, 0x00, 0x00, 0x00, 0x00, 0xDC, 0xFF, 0xA0, 0x00, 0x00, 0x00, 0x00,
  0x00, 0x00, 0x90, 0xFF, 0xEC, 0x00, 0x00, 0x00, 0x00, 0xDC, 0xFF, 0xA0, 0x00, 0x00, 0x00, 0x00,
  0x00, 0x00, 0x90, 0xFF, 0xEC, 0x00, 0x00, 0x00, 0x00, 0xDC, 0xFF, 0xA0, 0x00, 0x00, 0x00, 0x00,
  0x00, 0x00, 0x90, 0xFF, 0xEC, 0x00, 0x00, 0x00, 0x00, 0xDC, 0xFF, 0xA0, 0x00, 0x00, 0x00, 0x00,
  0x00, 0x00, 0x90, 0xFF, 0xEC, 0x00, 0x00, 0x00, 0x00, 0xDC, 0xFF, 0xA0, 0x00, 0x00, 0x00, 0x00,
  0x00, 0x00, 0x90, 0xFF, 0xEC, 0x00, 0x00, 0x00, 0x00, 0xD7, 0xFF, 0x9B, 0x00, 0x00, 0x00, 0x00,
  0x00, 0x00, 0x8B, 0xFF, 0xE6, 0x00, 0x00, 0x00, 0x6A, 0xFF, 0xFE, 0x1F, 0x00, 0x70, 0xFF, 0xFF,
  0x24, 0x00, 0x70, 0xFF, 0xFF, 0x24, 0x00, 0x70, 0xFF, 0xFF, 0x24, 0x00, 0x70, 0xFF, 0xFF, 0x24,
  0x00, 0x70, 0xFF, 0xFF, 0x24, 0x00, 0x70, 0xFF, 0xFF, 0x24, 0x00, 0x70, 0xFF, 0xFF, 0x24, 0x00,
  0x70, 0xFF, 0xFF, 0x24, 0x00, 0x70, 0xFF, 0xFF, 0x24, 0x00, 0x70, 0xFF, 0xFF, 0x24, 0x00, 0x70,
  0xFF, 0xFF, 0x24, 0x00, 0x70, 0xFF, 0xFF, 0x24, 0x00, 0x70, 0xFF, 0xFF, 0x24, 0x00, 0x70, 0xFF,
  0xFF, 0x24, 0x00, 0x6A, 0xFF, 0xFF, 0x1F, 0x00, 0x00, 0x00, 0x42, 0xFF, 0xFF, 0x3A, 0x00, 0x00,
  0x00, 0x00, 0x48, 0xFF, 0xFF, 0x40, 0x00, 0x00, 0x00, 0x00, 0x48, 0xFF, 0xFF, 0x40, 0x00, 0x00,
  0x00, 0x00, 0x48, 0xFF, 0xFF, 0x40, 0x00, 0x00, 0x00, 0x00, 0x48, 0xFF, 0xFF, 0x40, 0x00, 0x00,
  0x00, 0x00, 0x48, 0xFF, 0xFF, 0x40, 0x00, 0x00, 0x00, 0x00, 0x48, 0xFF, 0xFF, 0x40, 0x00, 0x00,
  0x00, 0x00, 0x48, 0xFF, 0xFF, 0x40, 0x00, 0x00, 0x00, 0x00, 0x48, 0xFF, 0xFF, 0x40, 0x00, 0x00,
  0x00, 0x00, 0x48, 0xFF, 0xFF, 0x40, 0x00, 0x00, 0x00, 0x00, 0x48, 0xFF, 0xFF, 0x40, 0x00, 0x00,
  0x00, 0x00, 0x49, 0xFF, 0xFF, 0x3B, 0x00, 0x00, 0x00, 0x00, 0x5D, 0xFF, 0xFF, 0x23, 0x00, 0x00,
  0x00, 0x11, 0xC0, 0xFF, 0xF7, 0x07, 0x00, 0x06, 0xC0, 0xFE, 0xFF, 0xFF, 0x9A, 0x00, 0x00, 0x87,
  0xFF, 0xFB, 0xDD, 0x86, 0x07, 0x00, 0x00, 0x79, 0x58, 0x04, 0x00, 0x00, 0x00, 0x00, 0x00, 0x00,
  0x2F, 0xFF, 0xFF, 0x47, 0x00, 0x00, 0x00, 0x00, 0x4B, 0xF9, 0xFF, 0xA2, 0x00, 0x00, 0x34, 0xFF,
  0xFF, 0x4C, 0x00, 0x00, 0x00, 0x26, 0xF0, 0xFF, 0xCE, 0x0A, 0x00, 0x00, 0x34, 0xFF, 0xFF, 0x4C,
  0x00, 0x00, 0x0D, 0xD6, 0xFF, 0xEA, 0x1E, 0x00, 0x00, 0x00, 0x34, 0xFF, 0xFF, 0x4C, 0x00, 0x01,
  0xB0, 0xFF, 0xFA, 0x3D, 0x00, 0x00, 0x00, 0x00, 0x34, 0xFF, 0xFF, 0x4C, 0x00, 0x7F, 0xFF, 0xFF,
  0x67, 0x00, 0x00, 0x00, 0x00, 0x00, 0x34, 0xFF, 0xFF, 0x4C, 0x4E, 0xFE, 0xFF, 0x96, 0x00, 0x00,
  0x00, 0x00, 0x00, 0x00, 0x34, 0xFF, 0xFF, 0x74, 0xF1, 0xFF, 0xC1, 0x05, 0x00, 0x00, 0x00, 0x00,
  0x00, 0x00, 0x34, 0xFF, 0xFF, 0xF9, 0xFF, 0xFF, 0xAC, 0x00, 0x00, 0x00, 0x00, 0x00, 0x00, 0x00,
  0x34, 0xFF, 0xFF, 0xFF, 0xFF, 0xFF, 0xFF, 0x60, 0x00, 0x00, 0x00, 0x00, 0x00, 0x00, 0x34, 0xFF,
  0xFF, 0xFC, 0x50, 0xD5, 0xFF, 0xF2, 0x22, 0x00, 0x00, 0x00, 0x00, 0x00, 0x34, 0xFF, 0xFF, 0x7B,
  0x00, 0x31, 0xF9, 0xFF, 0xC5, 0x03, 0x00, 0x00, 0x00, 0x00, 0x34, 0xFF, 0xFF, 0x4C, 0x00, 0x00,
  0x77, 0xFF, 0xFF, 0x7E, 0x00, 0x00, 0x00, 0x00, 0x34, 0xFF, 0xFF, 0x4C, 0x00, 0x00, 0x02, 0xC1,
  0xFF, 0xFB, 0x37, 0x00, 0x00, 0x00, 0x34, 0xFF, 0xFF, 0x4C, 0x00, 0x00, 0x00, 0x1F, 0xF0, 0xFF,
  0xDB, 0x0B, 0x00, 0x00, 0x34, 0xFF, 0xFF, 0x4C, 0x00, 0x00, 0x00, 0x00, 0x5C, 0xFF, 0xFF, 0x9B,
  0x00, 0x00, 0x2F, 0xFF, 0xFF, 0x47, 0x00, 0x00, 0x00, 0x00, 0x00, 0xA3, 0xFF, 0xFF, 0x49, 0x00,
  0x0D, 0xFD, 0xFF, 0x6A, 0x00, 0x00, 0x00, 0x00, 0x00, 0x00, 0x00, 0x10, 0xFF, 0xFF, 0x70, 0x00,
  0x00, 0x00, 0x00, 0x00, 0x00, 0x00, 0x10, 0xFF, 0xFF, 0x70, 0x00, 0x00, 0x00, 0x00, 0x00, 0x00,
  0x00, 0x10, 0xFF, 0xFF, 0x70, 0x00, 0x00, 0x00, 0x00, 0x00, 0x00, 0x00, 0x10, 0xFF, 0xFF, 0x70,
  0x00, 0x00, 0x00, 0x00, 0x00, 0x00, 0x00, 0x10, 0xFF, 0xFF, 0x70, 0x00, 0x00, 0x00, 0x00, 0x00,
  0x00, 0x00, 0x10, 0xFF, 0xFF, 0x70, 0x00, 0x00, 0x00, 0x00, 0x00, 0x00, 0x00, 0x10, 0xFF, 0xFF,
  0x70, 0x00, 0x00, 0x00, 0x00, 0x00, 0x00, 0x00, 0x10, 0xFF, 0xFF, 0x70, 0x00, 0x00, 0x00, 0x00,
  0x00, 0x00, 0x00, 0x10, 0xFF, 0xFF, 0x70, 0x00, 0x00, 0x00, 0x00, 0x00, 0x00, 0x00, 0x10, 0xFF,
  0xFF, 0x70, 0x00, 0x00, 0x00, 0x00, 0x00, 0x00, 0x00, 0x10, 0xFF, 0xFF, 0x70, 0x00, 0x00, 0x00,
  0x00, 0x00, 0x00, 0x00, 0x10, 0xFF, 0xFF, 0x70, 0x00, 0x00, 0x00, 0x00, 0x00, 0x00, 0x00, 0x10,
  0xFF, 0xFF, 0x70, 0x00, 0x00, 0x00, 0x00, 0x00, 0x00, 0x00, 0x10, 0xFF, 0xFF, 0xFF, 0xFF, 0xFF,
  0xFF, 0xFF, 0xFF, 0x63, 0x00, 0x0D, 0xFD, 0xFF, 0xFF, 0xFF, 0xFF, 0xFF, 0xFF, 0xFF, 0x63, 0x00,
  0x02, 0xFA, 0xFF, 0xFF, 0x75, 0x00, 0x00, 0x00, 0x00, 0x00, 0x00, 0x00, 0x00, 0x00, 0x4A, 0xFF,
  0xFF, 0xFF, 0x29, 0x00, 0x00, 0x04, 0xFF, 0xFF, 0xFF, 0xDC, 0x01, 0x00, 0x00, 0x00, 0x00, 0x00,
  0x00, 0x00, 0x00, 0xB3, 0xFF, 0xFF, 0xFF, 0x30, 0x00, 0x00, 0x04, 0xFF, 0xFF, 0xFF, 0xFF, 0x44,
  0x00, 0x00, 0x00, 0x00, 0x00, 0x00, 0x00, 0x1D, 0xFC, 0xFF, 0xFF, 0xFF, 0x30, 0x00, 0x00, 0x04,
  0xFF, 0xFF, 0xFF, 0xFF, 0xAB, 0x00, 0x00, 0x00, 0x00, 0x00, 0x00, 0x00, 0x81, 0xFF, 0xFF, 0xFF,
  0xFF, 0x30, 0x00, 0x00, 0x04, 0xFF, 0xFF, 0xC2, 0xFF, 0xFA, 0x17, 0x00, 0x00, 0x00, 0x00, 0x00,
  0x03, 0xE4, 0xFF, 0xC1, 0xFF, 0xFF, 0x30, 0x00, 0x00, 0x04, 0xFF, 0xFF, 0x8C, 0xCF, 0xFF, 0x78,
  0x00, 0x00, 0x00, 0x00, 0x00, 0x4F, 0xFF, 0xEE, 0x6C, 0xFF, 0xFF, 0x30, 0x00, 0x00, 0x04, 0xFF,
  0xFF, 0x8C, 0x69, 0xFF, 0xDD, 0x01, 0x00, 0x00, 0x00, 0x00, 0xB6, 0xFF, 0x91, 0x64, 0xFF, 0xFF,
  0x30, 0x00, 0x00, 0x04, 0xFF, 0xFF, 0x8C, 0x0E, 0xF4, 0xFF, 0x45, 0x00, 0x00, 0x00, 0x1E, 0xFD,
  0xFF, 0x2B, 0x64, 0xFF, 0xFF, 0x30, 0x00, 0x00, 0x04, 0xFF, 0xFF, 0x8C, 0x00, 0x9C, 0xFF, 0xAC,
  0x00, 0x00, 0x00, 0x83, 0xFF, 0xC5, 0x00, 0x64, 0xFF, 0xFF, 0x30, 0x00, 0x00, 0x04, 0xFF, 0xFF,
  0x8C, 0x00, 0x36, 0xFF, 0xFB, 0x18, 0x00, 0x04, 0xE5, 0xFF, 0x5F, 0x00, 0x64, 0xFF, 0xFF, 0x30,
  0x00, 0x00, 0x04, 0xFF, 0xFF, 0x8C, 0x00, 0x00, 0xCF, 0xFF, 0x79, 0x00, 0x51, 0xFF, 0xEF, 0x09,
  0x00, 0x64, 0xFF, 0xFF, 0x30, 0x00, 0x00, 0x04, 0xFF, 0xFF, 0x8C, 0x00, 0x00, 0x69, 0xFF, 0xDE,
  0x01, 0xB8, 0xFF, 0x93, 0x00, 0x00, 0x64, 0xFF, 0xFF, 0x30, 0x00, 0x00, 0x04, 0xFF, 0xFF, 0x8C,
  0x00, 0x00, 0x0E, 0xF4, 0xFF, 0x67, 0xFD, 0xFF, 0x2D, 0x00, 0x00, 0x64, 0xFF, 0xFF, 0x30, 0x00,
  0x00, 0x04, 0xFF, 0xFF, 0x8C, 0x00, 0x00, 0x00, 0x9C, 0xFF, 0xF9, 0xFF, 0xC7, 0x00, 0x00, 0x00,
  0x64, 0xFF, 0xFF, 0x30, 0x00, 0x00, 0x04, 0xFF, 0xFF, 0x8C, 0x00, 0x00, 0x00, 0x36, 0xFF, 0xFF,
  0xFF, 0x61, 0x00, 0x00, 0x00, 0x64, 0xFF, 0xFF, 0x30, 0x00, 0x00, 0x03, 0xFC, 0xFF, 0x89, 0x00,
  0x00, 0x00, 0x00, 0xCD, 0xFF, 0xEF, 0x0A, 0x00, 0x00, 0x00, 0x61, 0xFF, 0xFF, 0x2C, 0x00, 0x00,
  0x1A, 0xFD, 0xFF, 0xD5, 0x06, 0x00, 0x00, 0x00, 0x00, 0x00, 0x46, 0xFF, 0xFF, 0x32, 0x00, 0x00,
  0x20, 0xFF, 0xFF, 0xFF, 0x75, 0x00, 0x00, 0x00, 0x00, 0x00, 0x4C, 0xFF, 0xFF, 0x38, 0x00, 0x00,
  0x20, 0xFF, 0xFF, 0xFF, 0xF1, 0x17, 0x00, 0x00, 0x00, 0x00, 0x4C, 0xFF, 0xFF, 0x38, 0x00, 0x00,
  0x20, 0xFF, 0xFF, 0xFA, 0xFF, 0x9E, 0x00, 0x00, 0x00, 0x00, 0x4C, 0xFF, 0xFF, 0x38, 0x00, 0x00,
  0x20, 0xFF, 0xFF, 0x93, 0xFB, 0xFE, 0x35, 0x00, 0x00, 0x00, 0x4C, 0xFF, 0xFF, 0x38, 0x00, 0x00,
  0x20, 0xFF, 0xFF, 0x68, 0x92, 0xFF, 0xC7, 0x01, 0x00, 0x00, 0x4C, 0xFF, 0xFF, 0x38, 0x00, 0x00,
  0x20, 0xFF, 0xFF, 0x68, 0x11, 0xEC, 0xFF, 0x5C, 0x00, 0x00, 0x4C, 0xFF, 0xFF, 0x38, 0x00, 0x00,
  0x20, 0xFF, 0xFF, 0x68, 0x00, 0x69, 0xFF, 0xE5, 0x0C, 0x00, 0x4C, 0xFF, 0xFF, 0x38, 0x00, 0x00,
  0x20, 0xFF, 0xFF, 0x68, 0x00, 0x03, 0xD1, 0xFF, 0x86, 0x00, 0x4C, 0xFF, 0xFF, 0x38, 0x00, 0x00,
  0x20, 0xFF, 0xFF, 0x68, 0x00, 0x00, 0x40, 0xFF, 0xF8, 0x22, 0x4C, 0xFF, 0xFF, 0x38, 0x00, 0x00,
  0x20, 0xFF, 0xFF, 0x68, 0x00, 0x00, 0x00, 0xAC, 0xFF, 0xAF, 0x4C, 0xFF, 0xFF, 0x38, 0x00, 0x00,
  0x20, 0xFF, 0xFF, 0x68, 0x00, 0x00, 0x00, 0x20, 0xF7, 0xFF, 0x8F, 0xFF, 0xFF, 0x38, 0x00, 0x00,
  0x20, 0xFF, 0xFF, 0x68, 0x00, 0x00, 0x00, 0x00, 0x83, 0xFF, 0xFB, 0xFF, 0xFF, 0x38, 0x00, 0x00,
  0x20, 0xFF, 0xFF, 0x68, 0x00, 0x00, 0x00, 0x00, 0x0A, 0xE3, 0xFF, 0xFF, 0xFF, 0x38, 0x00, 0x00,
  0x20, 0xFF, 0xFF, 0x68, 0x00, 0x00, 0x00, 0x00, 0x00, 0x5A, 0xFF, 0xFF, 0xFF, 0x38, 0x00, 0x00,
  0x1B, 0xFE, 0xFF, 0x61, 0x00, 0x00, 0x00, 0x00, 0x00, 0x00, 0xC0, 0xFF, 0xFF, 0x31, 0x00, 0x00,
  0x00, 0x00, 0x00, 0x02, 0x59, 0xB2, 0xE3, 0xF8, 0xEC, 0xCA, 0x7B, 0x14, 0x00, 0x00, 0x00, 0x00,
  0x00, 0x00, 0x00, 0x19, 0xC9, 0xFF, 0xFF, 0xFF, 0xFF, 0xFF, 0xFF, 0xFF, 0xED, 0x50, 0x00, 0x00,
  0x00, 0x00, 0x00, 0x0E, 0xDA, 0xFF, 0xFE, 0x95, 0x2D, 0x08, 0x18, 0x63, 0xE8, 0xFF, 0xFC, 0x4C,
  0x00, 0x00, 0x00, 0x00, 0x95, 0xFF, 0xFF, 0x63, 0x00, 0x00, 0x00, 0x00, 0x00, 0x1C, 0xE4, 0xFF,
  0xE9, 0x0F, 0x00, 0x00, 0x11, 0xF7, 0xFF, 0xB1, 0x00, 0x00, 0x00, 0x00, 0x00, 0x00, 0x00, 0x4D,
  0xFF, 0xFF, 0x6E, 0x00, 0x00, 0x57, 0xFF, 0xFF, 0x47, 0x00, 0x00, 0x00, 0x00, 0x00, 0x00, 0x00,
  0x00, 0xE0, 0xFF, 0xBE, 0x00, 0x00, 0x89, 0xFF, 0xFD, 0x0B, 0x00, 0x00, 0x00, 0x00, 0x00, 0x00,
  0x00, 0x00, 0xA1, 0xFF, 0xF2, 0x00, 0x00, 0x9F, 0xFF, 0xEB, 0x00, 0x00, 0x00, 0x00, 0x00, 0x00,
  0x00, 0x00, 0x00, 0x83, 0xFF, 0xFF, 0x07, 0x00, 0x9F, 0xFF, 0xEC, 0x00, 0x00, 0x00, 0x00, 0x00,
  0x00, 0x00, 0x00, 0x00, 0x85, 0xFF, 0xFF, 0x05, 0x00, 0x8A, 0xFF, 0xFE, 0x0B, 0x00, 0x00, 0x00,
  0x00, 0x00, 0x00, 0x00, 0x00, 0xA4, 0xFF, 0xEF, 0x00, 0x00, 0x5B, 0xFF, 0xFF, 0x48, 0x00, 0x00,
  0x00, 0x00, 0x00, 0x00, 0x00, 0x01, 0xE2, 0xFF, 0xC0, 0x00, 0x00, 0x15, 0xF9, 0xFF, 0xB2, 0x00,
  0x00, 0x00, 0x00, 0x00, 0x00, 0x00, 0x4F, 0xFF, 0xFF, 0x78, 0x00, 0x00, 0x00, 0x9D, 0xFF, 0xFF,
  0x62, 0x00, 0x00, 0x00, 0x00, 0x00, 0x19, 0xE2, 0xFF, 0xF2, 0x15, 0x00, 0x00, 0x00, 0x13, 0xE2,
  0xFF, 0xFE, 0x95, 0x2C, 0x08, 0x16, 0x60, 0xE5, 0xFF, 0xFF, 0x5E, 0x00, 0x00, 0x00, 0x00, 0x00,
  0x21, 0xD2, 0xFF, 0xFF, 0xFF, 0xFF, 0xFF, 0xFF, 0xFF, 0xF7, 0x65, 0x00, 0x00, 0x00, 0x00, 0x00,
  0x00, 0x00, 0x04, 0x60, 0xB5, 0xE4, 0xF9, 0xEF, 0xCF, 0x88, 0x1D, 0x00, 0x00, 0x00, 0x00, 0x00,
  0x00, 0xDE, 0xFF, 0xFF, 0xFF, 0xFF, 0xF5, 0xD3, 0x89, 0x15, 0x00, 0x00, 0x00, 0x00, 0xE4, 0xFF,
  0xFF, 0xFF, 0xFF, 0xFF, 0xFF, 0xFF, 0xE8, 0x26, 0x00, 0x00, 0x00, 0xE4, 0xFF, 0xA0, 0x00, 0x00,
  0x0F, 0x63, 0xFB, 0xFF, 0xB6, 0x00, 0x00, 0x00, 0xE4, 0xFF, 0xA0, 0x00, 0x00, 0x00, 0x00, 0x99,
  0xFF, 0xFA, 0x04, 0x00, 0x00, 0xE4, 0xFF, 0xA0, 0x00, 0x00, 0x00, 0x00, 0x73, 0xFF, 0xFF, 0x11,
  0x00, 0x00, 0xE4, 0xFF, 0xA0, 0x00, 0x00, 0x00, 0x00, 0xA5, 0xFF, 0xF4, 0x02, 0x00, 0x00, 0xE4,
  0xFF, 0xA0, 0x00, 0x05, 0x22, 0x84, 0xFF, 0xFF, 0x9C, 0x00, 0x00, 0x00, 0xE4, 0xFF, 0xFF, 0xFF,
  0xFF, 0xFF, 0xFF, 0xFF, 0xCF, 0x12, 0x00, 0x00, 0x00, 0xE4, 0xFF, 0xFF, 0xFF, 0xFF, 0xF1, 0xC7,
  0x71, 0x07, 0x00, 0x00, 0x00, 0x00, 0xE4, 0xFF, 0xA0, 0x00, 0x00, 0x00, 0x00, 0x00, 0x00, 0x00,
  0x00, 0x00, 0x00, 0xE4, 0xFF, 0xA0, 0x00, 0x00, 0x00, 0x00, 0x00, 0x00, 0x00, 0x00, 0x00, 0x00,
  0xE4, 0xFF, 0xA0, 0x00, 0x00, 0x00, 0x00, 0x00, 0x00, 0x00, 0x00, 0x00, 0x00, 0xE4, 0xFF, 0xA0,
  0x00, 0x00, 0x00, 0x00, 0x00, 0x00, 0x00, 0x00, 0x00, 0x00, 0xE4, 0xFF, 0xA0, 0x00, 0x00, 0x00,
  0x00, 0x00, 0x00, 0x00, 0x00, 0x00, 0x00, 0xE4, 0xFF, 0xA0, 0x00, 0x00, 0x00, 0x00, 0x00, 0x00,
  0x00, 0x00, 0x00, 0x00, 0xDF, 0xFF, 0x9A, 0x00, 0x00, 0x00, 0x00, 0x00, 0x00, 0x00, 0x00, 0x00,
  0x00, 0x00, 0x00, 0x00, 0x51, 0xAB, 0xE1, 0xF8, 0xEC, 0xCB, 0x7C, 0x13, 0x00, 0x00, 0x00, 0x00,
  0x00, 0x00, 0x00, 0x18, 0xC4, 0xFF, 0xFF, 0xFF, 0xFF, 0xFF, 0xFF, 0xFF, 0xEC, 0x4F, 0x00, 0x00,
  0x00, 0x00, 0x00, 0x10, 0xDA, 0xFF, 0xFE, 0x93, 0x2C, 0x08, 0x17, 0x63, 0xE8, 0xFF, 0xFB, 0x4F,
  0x00, 0x00, 0x00, 0x00, 0x9C, 0xFF, 0xFF, 0x63, 0x00, 0x00, 0x00, 0x00, 0x00, 0x1D, 0xE6, 0xFF,
  0xED, 0x13, 0x00, 0x00, 0x16, 0xFA, 0xFF, 0xB5, 0x00, 0x00, 0x00, 0x00, 0x00, 0x00, 0x00, 0x56,
  0xFF, 0xFF, 0x78, 0x00, 0x00, 0x5D, 0xFF, 0xFF, 0x49, 0x00, 0x00, 0x00, 0x00, 0x00, 0x00, 0x00,
  0x03, 0xE6, 0xFF, 0xC6, 0x00, 0x00, 0x8C, 0xFF, 0xFE, 0x0B, 0x00, 0x00, 0x00, 0x00, 0x00, 0x00,
  0x00, 0x00, 0xA6, 0xFF, 0xF8, 0x00, 0x00, 0xA0, 0xFF, 0xEB, 0x00, 0x00, 0x00, 0x00, 0x00, 0x00,
  0x00, 0x00, 0x00, 0x85, 0xFF, 0xFF, 0x0F, 0x00, 0xA0, 0xFF, 0xEB, 0x00, 0x00, 0x00, 0x00, 0x00,
  0x00, 0x00, 0x00, 0x00, 0x85, 0xFF, 0xFF, 0x0C, 0x00, 0x8C, 0xFF, 0xFD, 0x0A, 0x00, 0x00, 0x00,
  0x00, 0x00, 0x00, 0x00, 0x00, 0xA2, 0xFF, 0xF0, 0x00, 0x00, 0x5E, 0xFF, 0xFF, 0x44, 0x00, 0x00,
  0x00, 0x00, 0x00, 0x00, 0x00, 0x01, 0xE1, 0xFF, 0xBC, 0x00, 0x00, 0x1A, 0xFB, 0xFF, 0xB0, 0x00,
  0x00, 0x00, 0x00, 0x00, 0x00, 0x00, 0x4E, 0xFF, 0xFF, 0x6A, 0x00, 0x00, 0x00, 0xA5, 0xFF, 0xFF,
  0x61, 0x00, 0x00, 0x00, 0x00, 0x00, 0x1A, 0xE1, 0xFF, 0xE9, 0x0B, 0x00, 0x00, 0x00, 0x16, 0xE6,
  0xFF, 0xFE, 0x95, 0x2D, 0x08, 0x15, 0x5F, 0xE4, 0xFF, 0xFB, 0x48, 0x00, 0x00, 0x00, 0x00, 0x00,
  0x22, 0xD4, 0xFF, 0xFF, 0xFF, 0xFF, 0xFF, 0xFF, 0xFF, 0xEC, 0x4A, 0x00, 0x00, 0x00, 0x00, 0x00,
  0x00, 0x00, 0x04, 0x60, 0xB5, 0xE5, 0xFA, 0xF8, 0xFF, 0xFF, 0xAB, 0x02, 0x00, 0x00, 0x00, 0x00,
  0x00, 0x00, 0x00, 0x00, 0x00, 0x00, 0x00, 0x00, 0x01, 0xA8, 0xFF, 0xFF, 0x97, 0x00, 0x00, 0x00,
  0x00, 0x00, 0x00, 0x00, 0x00, 0x00, 0x00, 0x00, 0x00, 0x00, 0x07, 0xC1, 0xFF, 0xFF, 0x87, 0x00,
  0x00, 0x00, 0x00, 0x00, 0x00, 0x00, 0x00, 0x00, 0x00, 0x00, 0x00, 0x00, 0x11, 0xD3, 0xFF, 0xFF,
  0x5F, 0x00, 0x00, 0x00, 0xE2, 0xFF, 0xFF, 0xFF, 0xFF, 0xF4, 0xD2, 0x86, 0x13, 0x00, 0x00, 0x00,
  0x00, 0x00, 0xE8, 0xFF, 0xFF, 0xFF, 0xFF, 0xFF, 0xFF, 0xFF, 0xE6, 0x25, 0x00, 0x00, 0x00, 0x00,
  0xE8, 0xFF, 0x98, 0x00, 0x00, 0x10, 0x65, 0xFC, 0xFF, 0xB5, 0x00, 0x00, 0x00, 0x00, 0xE8, 0xFF,
  0x98, 0x00, 0x00, 0x00, 0x00, 0x9F, 0xFF, 0xFA, 0x04, 0x00, 0x00, 0x00, 0xE8, 0xFF, 0x98, 0x00,
  0x00, 0x00, 0x00, 0x7B, 0xFF, 0xFF, 0x0F, 0x00, 0x00, 0x00, 0xE8, 0xFF, 0x98, 0x00, 0x00, 0x00,
  0x00, 0xAD, 0xFF, 0xEA, 0x00, 0x00, 0x00, 0x00, 0xE8, 0xFF, 0x98, 0x00, 0x05, 0x23, 0x89, 0xFF,
  0xFF, 0x6E, 0x00, 0x00, 0x00, 0x00, 0xE8, 0xFF, 0xFF, 0xFF, 0xFF, 0xFF, 0xFF, 0xEC, 0x69, 0x00,
  0x00, 0x00, 0x00, 0x00, 0xE8, 0xFF, 0xFF, 0xFF, 0xFF, 0xFF, 0xFF, 0xB1, 0x00, 0x00, 0x00, 0x00,
  0x00, 0x00, 0xE8, 0xFF, 0x98, 0x00, 0x00, 0xA5, 0xFF, 0xFE, 0x2D, 0x00, 0x00, 0x00, 0x00, 0x00,
  0xE8, 0xFF, 0x98, 0x00, 0x00, 0x28, 0xFD, 0xFF, 0xA7, 0x00, 0x00, 0x00, 0x00, 0x00, 0xE8, 0xFF,
  0x98, 0x00, 0x00, 0x00, 0xA6, 0xFF, 0xFD, 0x26, 0x00, 0x00, 0x00, 0x00, 0xE8, 0xFF, 0x98, 0x00,
  0x00, 0x00, 0x29, 0xFD, 0xFF, 0x9E, 0x00, 0x00, 0x00, 0x00, 0xE8, 0xFF, 0x98, 0x00, 0x00, 0x00,
  0x00, 0xA8, 0xFF, 0xFA, 0x1E, 0x00, 0x00, 0x00, 0xE8, 0xFF, 0x98, 0x00, 0x00, 0x00, 0x00, 0x2B,
  0xFE, 0xFF, 0x95, 0x00, 0x00, 0x00, 0xE3, 0xFF, 0x92, 0x00, 0x00, 0x00, 0x00, 0x00, 0xA5, 0xFF,
  0xF7, 0x10, 0x00, 0x00, 0x00, 0x1D, 0x9C, 0xE4, 0xFC, 0xFF, 0xFF, 0xF4, 0x02, 0x00, 0x00, 0x00,
  0x55, 0xF6, 0xFF, 0xFF, 0xFE, 0xFE, 0xFF, 0xC7, 0x00, 0x00, 0x00, 0x1B, 0xF5, 0xFF, 0xC5, 0x33,
  0x01, 0x00, 0x00, 0x00, 0x00, 0x00, 0x00, 0x6F, 0xFF, 0xFF, 0x23, 0x00, 0x00, 0x00, 0x00, 0x00,
  0x00, 0x00, 0x00, 0x7E, 0xFF, 0xFF, 0x1A, 0x00, 0x00, 0x00, 0x00, 0x00, 0x00, 0x00, 0x00, 0x39,
  0xFF, 0xFF, 0xBB, 0x0C, 0x00, 0x00, 0x00, 0x00, 0x00, 0x00, 0x00, 0x00, 0x89, 0xFF, 0xFF, 0xDC,
  0x47, 0x00, 0x00, 0x00, 0x00, 0x00, 0x00, 0x00, 0x00, 0x69, 0xF5, 0xFF, 0xFF, 0xB0, 0x1B, 0x00,
  0x00, 0x00, 0x00, 0x00, 0x00, 0x00, 0x1F, 0xAB, 0xFF, 0xFF, 0xEE, 0x47, 0x00, 0x00, 0x00, 0x00,
  0x00, 0x00, 0x00, 0x00, 0x45, 0xE8, 0xFF, 0xFA, 0x39, 0x00, 0x00, 0x00, 0x00, 0x00, 0x00, 0x00,
  0x00, 0x2D, 0xF7, 0xFF, 0xAF, 0x00, 0x00, 0x00, 0x00, 0x00, 0x00, 0x00, 0x00, 0x00, 0xB4, 0xFF,
  0xD7, 0x00, 0x00, 0x02, 0x00, 0x00, 0x00, 0x00, 0x00, 0x01, 0xD8, 0xFF, 0xBC, 0x00, 0x00, 0x52,
  0xC5, 0x48, 0x06, 0x00, 0x1A, 0x9A, 0xFF, 0xFF, 0x5A, 0x00, 0x00, 0x60, 0xFF, 0xFF, 0xFC, 0xEF,
  0xFF, 0xFF, 0xFF, 0x94, 0x00, 0x00, 0x00, 0x00, 0x49, 0xA9, 0xE4, 0xFD, 0xF3, 0xBC, 0x50, 0x00,
  0x00, 0x00, 0x00, 0x00, 0x00, 0x00, 0x00, 0x00, 0x00, 0x00, 0x00, 0x00, 0x00, 0x00, 0xA7, 0xFF,
  0xFF, 0xFF, 0xFF, 0xFF, 0xFF, 0xFF, 0xFF, 0xFF, 0xFF, 0xE2, 0xA7, 0xFF, 0xFF, 0xFF, 0xFF, 0xFF,
  0xFF, 0xFF, 0xFF, 0xFF, 0xFF, 0xE3, 0x00, 0x00, 0x00, 0x00, 0x24, 0xFF, 0xFF, 0x58, 0x00, 0x00,
  0x00, 0x00, 0x00, 0x00, 0x00, 0x00, 0x24, 0xFF, 0xFF, 0x58, 0x00, 0x00, 0x00, 0x00, 0x00, 0x00,
  0x00, 0x00, 0x24, 0xFF, 0xFF, 0x58, 0x00, 0x00, 0x00, 0x00, 0x00, 0x00, 0x00, 0x00, 0x24, 0xFF,
  0xFF, 0x58, 0x00, 0x00, 0x00, 0x00, 0x00, 0x00, 0x00, 0x00, 0x24, 0xFF, 0xFF, 0x58, 0x00, 0x00,
  0x00, 0x00, 0x00, 0x00, 0x00, 0x00, 0x24, 0xFF, 0xFF, 0x58, 0x00, 0x00, 0x00, 0x00, 0x00, 0x00,
  0x00, 0x00, 0x24, 0xFF, 0xFF, 0x58, 0x00, 0x00, 0x00, 0x00, 0x00, 0x00, 0x00, 0x00, 0x24, 0xFF,
  0xFF, 0x58, 0x00, 0x00, 0x00, 0x00, 0x00, 0x00, 0x00, 0x00, 0x24, 0xFF, 0xFF, 0x58, 0x00, 0x00,
  0x00, 0x00, 0x00, 0x00, 0x00, 0x00, 0x24, 0xFF, 0xFF, 0x58, 0x00, 0x00, 0x00, 0x00, 0x00, 0x00,
  0x00, 0x00, 0x24, 0xFF, 0xFF, 0x58, 0x00, 0x00, 0x00, 0x00, 0x00, 0x00, 0x00, 0x00, 0x24, 0xFF,
  0xFF, 0x58, 0x00, 0x00, 0x00, 0x00, 0x00, 0x00, 0x00, 0x00, 0x24, 0xFF, 0xFF, 0x58, 0x00, 0x00,
  0x00, 0x00, 0x00, 0x00, 0x00, 0x00, 0x20, 0xFF, 0xFF, 0x53, 0x00, 0x00, 0x00, 0x00, 0x00, 0x00,
  0xF9, 0xFF, 0x76, 0x00, 0x00, 0x00, 0x00, 0x00, 0x00, 0x56, 0xFF, 0xFE, 0x1A, 0x00, 0x00, 0x00,
  0xFF, 0xFF, 0x7C, 0x00, 0x00, 0x00, 0x00, 0x00, 0x00, 0x5C, 0xFF, 0xFF, 0x20, 0x00, 0x00, 0x00,
  0xFF, 0xFF, 0x7C, 0x00, 0x00, 0x00, 0x00, 0x00, 0x00, 0x5C, 0xFF, 0xFF, 0x20, 0x00, 0x00, 0x00,
  0xFF, 0xFF, 0x7C, 0x00, 0x00, 0x00, 0x00, 0x00, 0x00, 0x5C, 0xFF, 0xFF, 0x20, 0x00, 0x00, 0x00,
  0xFF, 0xFF, 0x7C, 0x00, 0x00, 0x00, 0x00, 0x00, 0x00, 0x5C, 0xFF, 0xFF, 0x20, 0x00, 0x00, 0x00,
  0xFF, 0xFF, 0x7C, 0x00, 0x00, 0x00, 0x00, 0x00, 0x00, 0x5C, 0xFF, 0xFF, 0x20, 0x00, 0x00, 0x00,
  0xFF, 0xFF, 0x7C, 0x00, 0x00, 0x00, 0x00, 0x00, 0x00, 0x5C, 0xFF, 0xFF, 0x20, 0x00, 0x00, 0x00,
  0xFF, 0xFF, 0x7C, 0x00, 0x00, 0x00, 0x00, 0x00, 0x00, 0x5C, 0xFF, 0xFF, 0x20, 0x00, 0x00, 0x00,
  0xFF, 0xFF, 0x7C, 0x00, 0x00, 0x00, 0x00, 0x00, 0x00, 0x5C, 0xFF, 0xFF, 0x20, 0x00, 0x00, 0x00,
  0xFF, 0xFF, 0x7C, 0x00, 0x00, 0x00, 0x00, 0x00, 0x00, 0x5C, 0xFF, 0xFF, 0x20, 0x00, 0x00, 0x00,
  0xF7, 0xFF, 0x8B, 0x00, 0x00, 0x00, 0x00, 0x00, 0x00, 0x6B, 0xFF, 0xFF, 0x16, 0x00, 0x00, 0x00,
  0xDC, 0xFF, 0xB6, 0x00, 0x00, 0x00, 0x00, 0x00, 0x00, 0x94, 0xFF, 0xF6, 0x02, 0x00, 0x00, 0x00,
  0x9A, 0xFF, 0xFD, 0x2E, 0x00, 0x00, 0x00, 0x00, 0x14, 0xF1, 0xFF, 0xB2, 0x00, 0x00, 0x00, 0x00,
  0x24, 0xF8, 0xFF, 0xE0, 0x4F, 0x0C, 0x09, 0x40, 0xCD, 0xFF, 0xFD, 0x35, 0x00, 0x00, 0x00, 0x00,
  0x00, 0x46, 0xF1, 0xFF, 0xFF, 0xFF, 0xFF, 0xFF, 0xFF, 0xF8, 0x5A, 0x00, 0x00, 0x00, 0x00, 0x00,
  0x00, 0x00, 0x19, 0x88, 0xD4, 0xF7, 0xF8, 0xDA, 0x96, 0x26, 0x00, 0x00, 0x00, 0x00, 0xCE, 0xFF,
  0xC8, 0x00, 0x00, 0x00, 0x00, 0x00, 0x00, 0x00, 0x00, 0x0D, 0xF2, 0xFF, 0x9B, 0x71, 0xFF, 0xFF,
  0x29, 0x00, 0x00, 0x00, 0x00, 0x00, 0x00, 0x00, 0x63, 0xFF, 0xFF, 0x40, 0x14, 0xF9, 0xFF, 0x89,
  0x00, 0x00, 0x00, 0x00, 0x00, 0x00, 0x00, 0xC3, 0xFF, 0xDB, 0x01, 0x00, 0xAA, 0xFF, 0xE5, 0x03,
  0x00, 0x00, 0x00, 0x00, 0x00, 0x23, 0xFF, 0xFF, 0x79, 0x00, 0x00, 0x47, 0xFF, 0xFF, 0x47, 0x00,
  0x00, 0x00, 0x00, 0x00, 0x83, 0xFF, 0xFC, 0x1A, 0x00, 0x00, 0x02, 0xE1, 0xFF, 0xA6, 0x00, 0x00,
  0x00, 0x00, 0x01, 0xE0, 0xFF, 0xB2, 0x00, 0x00, 0x00, 0x00, 0x80, 0xFF, 0xF6, 0x0F, 0x00, 0x00,
  0x00, 0x43, 0xFF, 0xFF, 0x4F, 0x00, 0x00, 0x00, 0x00, 0x1F, 0xFD, 0xFF, 0x65, 0x00, 0x00, 0x00,
  0xA3, 0xFF, 0xE8, 0x04, 0x00, 0x00, 0x00, 0x00, 0x00, 0xBA, 0xFF, 0xC4, 0x00, 0x00, 0x0D, 0xF5,
  0xFF, 0x89, 0x00, 0x00, 0x00, 0x00, 0x00, 0x00, 0x56, 0xFF, 0xFF, 0x24, 0x00, 0x63, 0xFF, 0xFF,
  0x26, 0x00, 0x00, 0x00, 0x00, 0x00, 0x00, 0x06, 0xEC, 0xFF, 0x83, 0x00, 0xC3, 0xFF, 0xC2, 0x00,
  0x00, 0x00, 0x00, 0x00, 0x00, 0x00, 0x00, 0x90, 0xFF, 0xE0, 0x25, 0xFF, 0xFF, 0x5F, 0x00, 0x00,
  0x00, 0x00, 0x00, 0x00, 0x00, 0x00, 0x2C, 0xFF, 0xFF, 0xC1, 0xFF, 0xF1, 0x0A, 0x00, 0x00, 0x00,
  0x00, 0x00, 0x00, 0x00, 0x00, 0x00, 0xC9, 0xFF, 0xFF, 0xFF, 0x98, 0x00, 0x00, 0x00, 0x00, 0x00,
  0x00, 0x00, 0x00, 0x00, 0x00, 0x66, 0xFF, 0xFF, 0xFF, 0x35, 0x00, 0x00, 0x00, 0x00, 0x00, 0x00,
  0x00, 0x00, 0x00, 0x00, 0x0D, 0xF2, 0xFF, 0xCF, 0x00, 0x00, 0x00, 0x00, 0x00, 0x00, 0xAD, 0xFF,
  0xCB, 0x00, 0x00, 0x00, 0x00, 0x00, 0x00, 0x22, 0xFD, 0xFF, 0xC9, 0x00, 0x00, 0x00, 0x00, 0x00,
  0x00, 0x24, 0xFE, 0xFF, 0x55, 0x67, 0xFF, 0xFE, 0x18, 0x00, 0x00, 0x00, 0x00, 0x00, 0x6A, 0xFF,
  0xFF, 0xFE, 0x17, 0x00, 0x00, 0x00, 0x00, 0x00, 0x71, 0xFF, 0xFC, 0x12, 0x1B, 0xFF, 0xFF, 0x5F,
  0x00, 0x00, 0x00, 0x00, 0x00, 0xB0, 0xFF, 0xFF, 0xFF, 0x5E, 0x00, 0x00, 0x00, 0x00, 0x00, 0xBC,
  0xFF, 0xC2, 0x00, 0x00, 0xCD, 0xFF, 0xA7, 0x00, 0x00, 0x00, 0x00, 0x04, 0xF1, 0xFF, 0xEA, 0xFF,
  0xA8, 0x00, 0x00, 0x00, 0x00, 0x0D, 0xF9, 0xFF, 0x75, 0x00, 0x00, 0x80, 0xFF, 0xEC, 0x02, 0x00,
  0x00, 0x00, 0x3D, 0xFF, 0xF8, 0x6A, 0xFF, 0xEE, 0x03, 0x00, 0x00, 0x00, 0x52, 0xFF, 0xFF, 0x28,
  0x00, 0x00, 0x33, 0xFF, 0xFF, 0x37, 0x00, 0x00, 0x00, 0x84, 0xFF, 0xB9, 0x14, 0xFD, 0xFF, 0x3A,
  0x00, 0x00, 0x00, 0x9E, 0xFF, 0xDB, 0x00, 0x00, 0x00, 0x01, 0xE5, 0xFF, 0x7F, 0x00, 0x00, 0x00,
  0xCA, 0xFF, 0x6D, 0x00, 0xC6, 0xFF, 0x84, 0x00, 0x00, 0x01, 0xE7, 0xFF, 0x8F, 0x00, 0x00, 0x00,
  0x00, 0x99, 0xFF, 0xC7, 0x00, 0x00, 0x13, 0xFD, 0xFF, 0x21, 0x00, 0x7A, 0xFF, 0xCD, 0x00, 0x00,
  0x34, 0xFF, 0xFF, 0x42, 0x00, 0x00, 0x00, 0x00, 0x4C, 0xFF, 0xFD, 0x12, 0x00, 0x58, 0xFF, 0xD4,
  0x00, 0x00, 0x2D, 0xFF, 0xFE, 0x18, 0x00, 0x7F, 0xFF, 0xF0, 0x05, 0x00, 0x00, 0x00, 0x00, 0x09,
  0xF6, 0xFF, 0x58, 0x00, 0x9E, 0xFF, 0x88, 0x00, 0x00, 0x00, 0xE0, 0xFF, 0x60, 0x00, 0xCB, 0xFF,
  0xA8, 0x00, 0x00, 0x00, 0x00, 0x00, 0x00, 0xB2, 0xFF, 0xA0, 0x00, 0xE4, 0xFF, 0x3C, 0x00, 0x00,
  0x00, 0x95, 0xFF, 0xA9, 0x17, 0xFE, 0xFF, 0x5B, 0x00, 0x00, 0x00, 0x00, 0x00, 0x00, 0x65, 0xFF,
  0xE7, 0x2C, 0xFF, 0xED, 0x03, 0x00, 0x00, 0x00, 0x49, 0xFF, 0xEF, 0x65, 0xFF, 0xFC, 0x12, 0x00,
  0x00, 0x00, 0x00, 0x00, 0x00, 0x19, 0xFE, 0xFF, 0xA2, 0xFF, 0xA4, 0x00, 0x00, 0x00, 0x00, 0x07,
  0xF4, 0xFF, 0xDF, 0xFF, 0xC2, 0x00, 0x00, 0x00, 0x00, 0x00, 0x00, 0x00, 0x00, 0xCB, 0xFF, 0xFE,
  0xFF, 0x58, 0x00, 0x00, 0x00, 0x00, 0x00, 0xB1, 0xFF, 0xFF, 0xFF, 0x75, 0x00, 0x00, 0x00, 0x00,
  0x00, 0x00, 0x00, 0x00, 0x7E, 0xFF, 0xFF, 0xFB, 0x10, 0x00, 0x00, 0x00, 0x00, 0x00, 0x65, 0xFF,
  0xFF, 0xFF, 0x28, 0x00, 0x00, 0x00, 0x00, 0x00, 0x00, 0x00, 0x00, 0x2F, 0xFF, 0xFF, 0xBE, 0x00,
  0x00, 0x00, 0x00, 0x00, 0x00, 0x19, 0xFC, 0xFF, 0xD9, 0x00, 0x00, 0x00, 0x00, 0x00, 0x0B, 0xE5,
  0xFF, 0xC8, 0x02, 0x00, 0x00, 0x00, 0x00, 0x00, 0x0E, 0xE2, 0xFF, 0xC8, 0x00, 0x00, 0x48, 0xFF,
  0xFF, 0x6C, 0x00, 0x00, 0x00, 0x00, 0x00, 0x94, 0xFF, 0xF6, 0x28, 0x00, 0x00, 0x00, 0x98, 0xFF,
  0xF0, 0x18, 0x00, 0x00, 0x00, 0x34, 0xFD, 0xFF, 0x6F, 0x00, 0x00, 0x00, 0x00, 0x0B, 0xDC, 0xFF,
  0xA5, 0x00, 0x00, 0x03, 0xCD, 0xFF, 0xBD, 0x01, 0x00, 0x00, 0x00, 0x00, 0x00, 0x3A, 0xFD, 0xFF,
  0x42, 0x00, 0x6F, 0xFF, 0xF1, 0x1E, 0x00, 0x00, 0x00, 0x00, 0x00, 0x00, 0x00, 0x87, 0xFF, 0xD8,
  0x21, 0xF2, 0xFF, 0x5E, 0x00, 0x00, 0x00, 0x00, 0x00, 0x00, 0x00, 0x00, 0x06, 0xD0, 0xFF, 0xE9,
  0xFF, 0xAE, 0x00, 0x00, 0x00, 0x00, 0x00, 0x00, 0x00, 0x00, 0x00, 0x00, 0x34, 0xFF, 0xFF, 0xF6,
  0x15, 0x00, 0x00, 0x00, 0x00, 0x00, 0x00, 0x00, 0x00, 0x00, 0x00, 0x8A, 0xFF, 0xFF, 0xFF, 0x62,
  0x00, 0x00, 0x00, 0x00, 0x00, 0x00, 0x00, 0x00, 0x00, 0x3D, 0xFD, 0xFF, 0xE7, 0xFF, 0xF2, 0x21,
  0x00, 0x00, 0x00, 0x00, 0x00, 0x00, 0x00, 0x0D, 0xDE, 0xFF, 0xD1, 0x18, 0xE6, 0xFF, 0xC2, 0x02,
  0x00, 0x00, 0x00, 0x00, 0x00, 0x00, 0x9D, 0xFF, 0xFA, 0x30, 0x00, 0x4C, 0xFF, 0xFF, 0x76, 0x00,
  0x00, 0x00, 0x00, 0x00, 0x4E, 0xFF, 0xFF, 0x7C, 0x00, 0x00, 0x00, 0x9F, 0xFF, 0xF9, 0x2E, 0x00,
  0x00, 0x00, 0x15, 0xE9, 0xFF, 0xCA, 0x04, 0x00, 0x00, 0x00, 0x0F, 0xE2, 0xFF, 0xD2, 0x07, 0x00,
  0x00, 0xAF, 0xFF, 0xF7, 0x29, 0x00, 0x00, 0x00, 0x00, 0x00, 0x46, 0xFF, 0xFF, 0x8B, 0x00, 0x5C,
  0xFF, 0xFF, 0x6F, 0x00, 0x00, 0x00, 0x00, 0x00, 0x00, 0x00, 0x93, 0xFF, 0xFD, 0x3A, 0x79, 0xFF,
  0xFC, 0x4A, 0x00, 0x00, 0x00, 0x00, 0x00, 0x00, 0x00, 0x6C, 0xFF, 0xFF, 0x54, 0x06, 0xD5, 0xFF,
  0xDE, 0x09, 0x00, 0x00, 0x00, 0x00, 0x00, 0x1B, 0xF2, 0xFF, 0xB6, 0x00, 0x00, 0x3A, 0xFE, 0xFF,
  0x83, 0x00, 0x00, 0x00, 0x00, 0x00, 0xAD, 0xFF, 0xF2, 0x1E, 0x00, 0x00, 0x00, 0x94, 0xFF, 0xF9,
  0x27, 0x00, 0x00, 0x00, 0x4A, 0xFF, 0xFF, 0x6B, 0x00, 0x00, 0x00, 0x00, 0x0D, 0xE2, 0xFF, 0xBC,
  0x00, 0x00, 0x0A, 0xDF, 0xFF, 0xC4, 0x01, 0x00, 0x00, 0x00, 0x00, 0x00, 0x4C, 0xFF, 0xFF, 0x5A,
  0x00, 0x88, 0xFF, 0xF8, 0x29, 0x00, 0x00, 0x00, 0x00, 0x00, 0x00, 0x00, 0xA8, 0xFF, 0xE7, 0x3A,
  0xFA, 0xFF, 0x7C, 0x00, 0x00, 0x00, 0x00, 0x00, 0x00, 0x00, 0x00, 0x16, 0xED, 0xFF, 0xF8, 0xFF,
  0xD1, 0x05, 0x00, 0x00, 0x00, 0x00, 0x00, 0x00, 0x00, 0x00, 0x00, 0x60, 0xFF, 0xFF, 0xFC, 0x35,
  0x00, 0x00, 0x00, 0x00, 0x00, 0x00, 0x00, 0x00, 0x00, 0x00, 0x00, 0xE0, 0xFF, 0xAE, 0x00, 0x00,
  0x00, 0x00, 0x00, 0x00, 0x00, 0x00, 0x00, 0x00, 0x00, 0x00, 0xD8, 0xFF, 0xA4, 0x00, 0x00, 0x00,
  0x00, 0x00, 0x00, 0x00, 0x00, 0x00, 0x00, 0x00, 0x00, 0xD8, 0xFF, 0xA4, 0x00, 0x00, 0x00, 0x00,
  0x00, 0x00, 0x00, 0x00, 0x00, 0x00, 0x00, 0x00, 0xD8, 0xFF, 0xA4, 0x00, 0x00, 0x00, 0x00, 0x00,
  0x00, 0x00, 0x00, 0x00, 0x00, 0x00, 0x00, 0xD8, 0xFF, 0xA4, 0x00, 0x00, 0x00, 0x00, 0x00, 0x00,
  0x00, 0x00, 0x00, 0x00, 0x00, 0x00, 0xD8, 0xFF, 0xA4, 0x00, 0x00, 0x00, 0x00, 0x00, 0x00, 0x00,
  0x00, 0x00, 0x00, 0x00, 0x00, 0xD3, 0xFF, 0x9F, 0x00, 0x00, 0x00, 0x00, 0x00, 0x00, 0x36, 0xFF,
  0xFF, 0xFF, 0xFF, 0xFF, 0xFF, 0xFF, 0xFF, 0xFF, 0xFF, 0x1D, 0x37, 0xFF, 0xFF, 0xFF, 0xFF, 0xFF,
  0xFF, 0xFF, 0xFF, 0xFF, 0xEE, 0x0A, 0x00, 0x00, 0x00, 0x00, 0x00, 0x00, 0x00, 0x39, 0xFE, 0xFF,
  0x6A, 0x00, 0x00, 0x00, 0x00, 0x00, 0x00, 0x00, 0x02, 0xCC, 0xFF, 0xD0, 0x03, 0x00, 0x00, 0x00,
  0x00, 0x00, 0x00, 0x00, 0x66, 0xFF, 0xFF, 0x3D, 0x00, 0x00, 0x00, 0x00, 0x00, 0x00, 0x00, 0x11,
  0xEB, 0xFF, 0xA5, 0x00, 0x00, 0x00, 0x00, 0x00, 0x00, 0x00, 0x00, 0x95, 0xFF, 0xF3, 0x1A, 0x00,
  0x00, 0x00, 0x00, 0x00, 0x00, 0x00, 0x2F, 0xFC, 0xFF, 0x76, 0x00, 0x00, 0x00, 0x00, 0x00, 0x00,
  0x00, 0x00, 0xC2, 0xFF, 0xD9, 0x06, 0x00, 0x00, 0x00, 0x00, 0x00, 0x00, 0x00, 0x5B, 0xFF, 0xFF,
  0x48, 0x00, 0x00, 0x00, 0x00, 0x00, 0x00, 0x00, 0x0C, 0xE5, 0xFF, 0xB0, 0x00, 0x00, 0x00, 0x00,
  0x00, 0x00, 0x00, 0x00, 0x89, 0xFF, 0xF7, 0x22, 0x00, 0x00, 0x00, 0x00, 0x00, 0x00, 0x00, 0x26,
  0xF9, 0xFF, 0x82, 0x00, 0x00, 0x00, 0x00, 0x00, 0x00, 0x00, 0x00, 0xB7, 0xFF, 0xE1, 0x0A, 0x00,
  0x00, 0x00, 0x00, 0x00, 0x00, 0x00, 0x47, 0xFF, 0xFF, 0xFF, 0xFF, 0xFF, 0xFF, 0xFF, 0xFF, 0xFF,
  0xFF, 0x6B, 0x68, 0xFF, 0xFF, 0xFF, 0xFF, 0xFF, 0xFF, 0xFF, 0xFF, 0xFF, 0xFF, 0x6B, 0x00, 0x00,
  0x6E, 0xFF, 0xFF, 0xFF, 0xD2, 0x00, 0x00, 0x00, 0x74, 0xFF, 0xFF, 0xFF, 0xD3, 0x00, 0x00, 0x00,
  0x74, 0xFF, 0xE8, 0x00, 0x00, 0x00, 0x00, 0x00, 0x74, 0xFF, 0xE8, 0x00, 0x00, 0x00, 0x00, 0x00,
  0x74, 0xFF, 0xE8, 0x00, 0x00, 0x00, 0x00, 0x00, 0x74, 0xFF, 0xE8, 0x00, 0x00, 0x00, 0x00, 0x00,
  0x74, 0xFF, 0xE8, 0x00, 0x00, 0x00, 0x00, 0x00, 0x74, 0xFF, 0xE8, 0x00, 0x00, 0x00, 0x00, 0x00,
  0x74, 0xFF, 0xE8, 0x00, 0x00, 0x00, 0x00, 0x00, 0x74, 0xFF, 0xE8, 0x00, 0x00, 0x00, 0x00, 0x00,
  0x74, 0xFF, 0xE8, 0x00, 0x00, 0x00, 0x00, 0x00, 0x74, 0xFF, 0xE8, 0x00, 0x00, 0x00, 0x00, 0x00,
  0x74, 0xFF, 0xE8, 0x00, 0x00, 0x00, 0x00, 0x00, 0x74, 0xFF, 0xE8, 0x00, 0x00, 0x00, 0x00, 0x00,
  0x74, 0xFF, 0xE8, 0x00, 0x00, 0x00, 0x00, 0x00, 0x74, 0xFF, 0xE8, 0x00, 0x00, 0x00, 0x00, 0x00,
  0x74, 0xFF, 0xE8, 0x00, 0x00, 0x00, 0x00, 0x00, 0x74, 0xFF, 0xE8, 0x00, 0x00, 0x00, 0x00, 0x00,
  0x74, 0xFF, 0xE8, 0x00, 0x00, 0x00, 0x00, 0x00, 0x74, 0xFF, 0xFF, 0xFF, 0xD3, 0x00, 0x00, 0x00,
  0x6E, 0xFF, 0xFF, 0xFF, 0xD2, 0x00, 0x00, 0x00, 0xC8, 0xFF, 0x82, 0x00, 0x00, 0x00, 0x00, 0xAC,
  0xFF, 0xE3, 0x00, 0x00, 0x00, 0x00, 0x4F, 0xFF, 0xF9, 0x04, 0x00, 0x00, 0x00, 0x97, 0xFF, 0xBB,
  0x00, 0x00, 0x00, 0x00, 0xE6, 0xFF, 0xFF, 0x1D, 0x00, 0x00, 0x00, 0x88, 0xFF, 0xCA, 0x00, 0x00,
  0x00, 0x00, 0x5F, 0xFF, 0xEF, 0x01, 0x00, 0x00, 0x1E, 0xFF, 0xFF, 0xFF, 0x55, 0x00, 0x00, 0x00,
  0xBD, 0xFF, 0x92, 0x00, 0x00, 0x00, 0x00, 0x28, 0xFF, 0xFF, 0x26, 0x00, 0x00, 0x55, 0xFF, 0xFF,
  0xFF, 0x8C, 0x00, 0x00, 0x01, 0xF0, 0xFF, 0x5B, 0x00, 0x00, 0x00, 0x00, 0x01, 0xEE, 0xFF, 0x5B,
  0x00, 0x00, 0x8D, 0xFF, 0xE4, 0xFF, 0xC4, 0x00, 0x00, 0x28, 0xFF, 0xFF, 0x23, 0x00, 0x00, 0x00,
  0x00, 0x00, 0xB8, 0xFF, 0x91, 0x00, 0x00, 0xC4, 0xFF, 0x87, 0xFF, 0xF6, 0x05, 0x00, 0x5D, 0xFF,
  0xEB, 0x00, 0x00, 0x00, 0x09, 0xFD, 0xFF, 0xFF, 0xFF, 0xFF, 0xFF, 0xFF, 0xFF, 0xFF, 0xFF, 0xFF,
  0xFF, 0xFF, 0xFF, 0xFF, 0xFF, 0xFF, 0xFF, 0xFF, 0x37, 0x09, 0xFD, 0xFF, 0xFF, 0xFF, 0xFF, 0xFF,
  0xFF, 0xFF, 0xFF, 0xFF, 0xFF, 0xFF, 0xFF, 0xFF, 0xFF, 0xFF, 0xFF, 0xFF, 0xFF, 0x36, 0x00, 0x00,
  0x00, 0x11, 0xFE, 0xFF, 0x38, 0x7A, 0xFF, 0xAE, 0x00, 0x77, 0xFF, 0xB0, 0x09, 0xFB, 0xFF, 0x42,
  0x00, 0x00, 0x00, 0x00, 0x00, 0x00, 0x00, 0xD5, 0xFF, 0x71, 0xB6, 0xFF, 0x73, 0x00, 0x3C, 0xFF,
  0xEA, 0x3F, 0xFF, 0xFC, 0x0C, 0x00, 0x00, 0x00, 0x00, 0x00, 0x00, 0x00, 0x9B, 0xFF, 0xAC, 0xEF,
  0xFF, 0x39, 0x00, 0x08, 0xF9, 0xFF, 0x9D, 0xFF, 0xCF, 0x00, 0x00, 0x00, 0x00, 0x00, 0x00, 0x00,
  0x00, 0x61, 0xFF, 0xF8, 0xFF, 0xF8, 0x06, 0x00, 0x00, 0xC7, 0xFF, 0xF8, 0xFF, 0x96, 0x00, 0x00,
  0x00, 0x00, 0x00, 0x00, 0x00, 0x00, 0x27, 0xFF, 0xFF, 0xFF, 0xC3, 0x00, 0x00, 0x00, 0x8C, 0xFF,
  0xFF, 0xFF, 0x5C, 0x00, 0x00, 0x00, 0x00, 0x00, 0x00, 0x00, 0x00, 0x00, 0xEC, 0xFF, 0xFF, 0x89,
  0x00, 0x00, 0x00, 0x52, 0xFF, 0xFF, 0xFF, 0x23, 0x00, 0x00, 0x00, 0x00, 0x00, 0x00, 0x00, 0x00,
  0x00, 0xB3, 0xFF, 0xFF, 0x4E, 0x00, 0x00, 0x00, 0x17, 0xFF, 0xFF, 0xE9, 0x00, 0x00, 0x00, 0x00,
  0x00, 0x00, 0x00, 0x00, 0x00, 0x00, 0x76, 0xFF, 0xFC, 0x14, 0x00, 0x00, 0x00, 0x00, 0xDA, 0xFF,
  0xAD, 0x00, 0x00, 0x00, 0x00, 0x00, 0x00, 0xD6, 0xFF, 0xFF, 0xFF, 0x69, 0x00, 0x00, 0x00, 0xD7,
  0xFF, 0xFF, 0xFF, 0x70, 0x00, 0x00, 0x00, 0x00, 0x00, 0xEC, 0xFF, 0x70, 0x00, 0x00, 0x00, 0x00,
  0x00, 0xEC, 0xFF, 0x70, 0x00, 0x00, 0x00, 0x00, 0x00, 0xEC, 0xFF, 0x70, 0x00, 0x00, 0x00, 0x00,
  0x00, 0xEC, 0xFF, 0x70, 0x00, 0x00, 0x00, 0x00, 0x00, 0xEC, 0xFF, 0x70, 0x00, 0x00, 0x00, 0x00,
  0x00, 0xEC, 0xFF, 0x70, 0x00, 0x00, 0x00, 0x00, 0x00, 0xEC, 0xFF, 0x70, 0x00, 0x00, 0x00, 0x00,
  0x00, 0xEC, 0xFF, 0x70, 0x00, 0x00, 0x00, 0x00, 0x00, 0xEC, 0xFF, 0x70, 0x00, 0x00, 0x00, 0x00,
  0x00, 0xEC, 0xFF, 0x70, 0x00, 0x00, 0x00, 0x00, 0x00, 0xEC, 0xFF, 0x70, 0x00, 0x00, 0x00, 0x00,
  0x00, 0xEC, 0xFF, 0x70, 0x00, 0x00, 0x00, 0x00, 0x00, 0xEC, 0xFF, 0x70, 0x00, 0x00, 0x00, 0x00,
  0x00, 0xEC, 0xFF, 0x70, 0x00, 0x00, 0x00, 0x00, 0x00, 0xEC, 0xFF, 0x70, 0x00, 0x00, 0x00, 0x00,
  0x00, 0xEC, 0xFF, 0x70, 0x00, 0x00, 0x00, 0x00, 0x00, 0xEC, 0xFF, 0x70, 0x00, 0x00, 0x00, 0xD7,
  0xFF, 0xFF, 0xFF, 0x70, 0x00, 0x00, 0x00, 0xD6, 0xFF, 0xFF, 0xFF, 0x6A, 0x00, 0x00, 0x00, 0x00,
  0x00, 0x00, 0x00, 0x18, 0xF3, 0xFF, 0x77, 0x00, 0x00, 0x00, 0x00, 0x00, 0x00, 0x00, 0x00, 0x00,
  0x00, 0x95, 0xFF, 0xFF, 0xEE, 0x10, 0x00, 0x00, 0x00, 0x00, 0x00, 0x00, 0x00, 0x00, 0x20, 0xF9,
  0xFF, 0xF5, 0xFF, 0x85, 0x00, 0x00, 0x00, 0x00, 0x00, 0x00, 0x00, 0x00, 0xA1, 0xFF, 0xD1, 0x66,
  0xFF, 0xF4, 0x16, 0x00, 0x00, 0x00, 0x00, 0x00, 0x00, 0x2A, 0xFD, 0xFF, 0x52, 0x05, 0xDF, 0xFF,
  0x91, 0x00, 0x00, 0x00, 0x00, 0x00, 0x00, 0xAE, 0xFF, 0xD0, 0x01, 0x00, 0x65, 0xFF, 0xF8, 0x1E,
  0x00, 0x00, 0x00, 0x00, 0x34, 0xFF, 0xFF, 0x50, 0x00, 0x00, 0x05, 0xE0, 0xFF, 0x9D, 0x00, 0x00,
  0x00, 0x00, 0xBB, 0xFF, 0xCE, 0x01, 0x00, 0x00, 0x00, 0x66, 0xFF, 0xFC, 0x26, 0x00, 0x00, 0x40,
  0xFF, 0xFF, 0x4E, 0x00, 0x00, 0x00, 0x00, 0x05, 0xE0, 0xFF, 0xA8, 0x00, 0x00, 0xBD, 0xFF, 0xCB,
  0x00, 0x00, 0x00, 0x00, 0x00, 0x00, 0x64, 0xFF, 0xFE, 0x27, 0x00, 0x00, 0x00, 0x00, 0x00, 0x00,
  0x00, 0x00, 0x00, 0x00, 0x00, 0x00, 0x00, 0x00, 0x00, 0x00, 0x00, 0x00, 0x00, 0x00, 0x00, 0x00,
  0x00, 0x00, 0x00, 0x00, 0x00, 0x00, 0x00, 0x00, 0x00, 0x00, 0x00, 0x00, 0x00, 0x00, 0x00, 0x00,
  0x00, 0x00, 0x00, 0x00, 0x00, 0x00, 0x00, 0x00, 0x00, 0x00, 0x00, 0x00, 0x00, 0x00, 0x00, 0x00,
  0x00, 0x00, 0x00, 0x00, 0x00, 0x00, 0x00, 0x00, 0x00, 0x00, 0x00, 0x00, 0x00, 0x00, 0x00, 0x00,
  0x00, 0x00, 0x00, 0x00, 0x00, 0x00, 0x00, 0x00, 0x00, 0x00, 0x00, 0x00, 0x00, 0x00, 0x00, 0x00,
  0x00, 0x00, 0x00, 0x00, 0x00, 0x00, 0x00, 0x00, 0x00, 0x00, 0xFB, 0xFF, 0xFF, 0xFF, 0xFF, 0xFF,
  0xFF, 0xFF, 0xFF, 0xFF, 0xFF, 0xFB, 0x03, 0xFB, 0xFF, 0xFF, 0xFF, 0xFF, 0xFF, 0xFF, 0xFF, 0xFF,
  0xFF, 0xFF, 0xFC, 0x03, 0x01, 0xBD, 0xFF, 0xFE, 0x59, 0x00, 0x00, 0x00, 0x07, 0xB0, 0xFF, 0xF4,
  0x29, 0x00, 0x00, 0x00, 0x03, 0x9C, 0xFF, 0xD5, 0x08, 0x00, 0x00, 0x00, 0x00, 0x00, 0x00, 0x00,
  0x00, 0x00, 0x00, 0x00, 0x00, 0x00, 0x00, 0x00, 0x00, 0x00, 0x00, 0x00, 0x00, 0x00, 0x00, 0x00,
  0x00, 0x00, 0x00, 0x00, 0x00, 0x00, 0x00, 0x00, 0x00, 0x00, 0x00, 0x00, 0x00, 0x00, 0x00, 0x00,
  0x00, 0x00, 0x00, 0x00, 0x00, 0x00, 0x00, 0x00, 0x00, 0x00, 0x00, 0x00, 0x00, 0x00, 0x00, 0x00,
  0x00, 0x00, 0x00, 0x00, 0x00, 0x00, 0x00, 0x00, 0x00, 0x00, 0x00, 0x00, 0x00, 0x00, 0x00, 0x00,
  0x00, 0x00, 0x00, 0x00, 0x00, 0x00, 0x00, 0x00, 0x00, 0x00, 0x00, 0x00, 0x00, 0x00, 0x00, 0x0C,
  0x72, 0xD1, 0xF6, 0xF8, 0xD7, 0x7E, 0x06, 0x00, 0x00, 0x00, 0x00, 0xC3, 0xFF, 0xFF, 0xFF, 0xFF,
  0xFF, 0xFF, 0xAA, 0x00, 0x00, 0x00, 0x00, 0xC9, 0xAA, 0x3E, 0x0B, 0x15, 0x9A, 0xFF, 0xFF, 0x26,
  0x00, 0x00, 0x00, 0x0F, 0x00, 0x00, 0x00, 0x00, 0x10, 0xFF, 0xFF, 0x58, 0x00, 0x00, 0x00, 0x02,
  0x53, 0xA4, 0xD3, 0xF0, 0xFA, 0xFF, 0xFF, 0x67, 0x00, 0x00, 0x11, 0xC6, 0xFF, 0xFF, 0xFF, 0xFF,
  0xFF, 0xFF, 0xFF, 0x68, 0x00, 0x00, 0x97, 0xFF, 0xFF, 0xA6, 0x41, 0x16, 0x05, 0xF0, 0xFF, 0x68,
  0x00, 0x00, 0xE5, 0xFF, 0xB6, 0x00, 0x00, 0x00, 0x0B, 0xFE, 0xFF, 0x68, 0x00, 0x00, 0xF5, 0xFF,
  0x8F, 0x00, 0x00, 0x00, 0x5A, 0xFF, 0xFF, 0x68, 0x00, 0x00, 0xCE, 0xFF, 0xE3, 0x2E, 0x0D, 0x54,
  0xEE, 0xFF, 0xFF, 0x68, 0x00, 0x00, 0x43, 0xFD, 0xFF, 0xFF, 0xFF, 0xFF, 0xF8, 0xEA, 0xFF, 0x6A,
  0x00, 0x00, 0x00, 0x3F, 0xBB, 0xEA, 0xF5, 0xBB, 0x37, 0xC2, 0xFF, 0x76, 0x00, 0x00, 0x2E, 0xFF,
  0xFF, 0x23, 0x00, 0x00, 0x00, 0x00, 0x00, 0x00, 0x00, 0x00, 0x00, 0x34, 0xFF, 0xFF, 0x28, 0x00,
  0x00, 0x00, 0x00, 0x00, 0x00, 0x00, 0x00, 0x00, 0x34, 0xFF, 0xFF, 0x28, 0x00, 0x00, 0x00, 0x00,
  0x00, 0x00, 0x00, 0x00, 0x00, 0x34, 0xFF, 0xFF, 0x28, 0x00, 0x00, 0x00, 0x00, 0x00, 0x00, 0x00,
  0x00, 0x00, 0x34, 0xFF, 0xFF, 0x28, 0x00, 0x00, 0x00, 0x00, 0x00, 0x00, 0x00, 0x00, 0x00, 0x34,
  0xFF, 0xFF, 0x28, 0x00, 0x00, 0x00, 0x00, 0x00, 0x00, 0x00, 0x00, 0x00, 0x34, 0xFF, 0xFF, 0x46,
  0xA1, 0xEB, 0xF6, 0xD0, 0x6E, 0x04, 0x00, 0x00, 0x00, 0x34, 0xFF, 0xFF, 0xF7, 0xFF, 0xFF, 0xFF,
  0xFF, 0xFF, 0xB4, 0x03, 0x00, 0x00, 0x34, 0xFF, 0xFF, 0xFE, 0x7D, 0x18, 0x14, 0x89, 0xFF, 0xFF,
  0x6E, 0x00, 0x00, 0x34, 0xFF, 0xFF, 0x9D, 0x00, 0x00, 0x00, 0x00, 0xC5, 0xFF, 0xDA, 0x00, 0x00,
  0x34, 0xFF, 0xFF, 0x4A, 0x00, 0x00, 0x00, 0x00, 0x69, 0xFF, 0xFF, 0x18, 0x00, 0x34, 0xFF, 0xFF,
  0x2D, 0x00, 0x00, 0x00, 0x00, 0x49, 0xFF, 0xFF, 0x33, 0x00, 0x34, 0xFF, 0xFF, 0x39, 0x00, 0x00,
  0x00, 0x00, 0x4B, 0xFF, 0xFF, 0x33, 0x00, 0x34, 0xFF, 0xFF, 0x5E, 0x00, 0x00, 0x00, 0x00, 0x69,
  0xFF, 0xFF, 0x19, 0x00, 0x34, 0xFF, 0xFF, 0xC3, 0x00, 0x00, 0x00, 0x00, 0xC3, 0xFF, 0xDD, 0x00,
  0x00, 0x34, 0xFF, 0xFF, 0xFF, 0x98, 0x12, 0x1D, 0x91, 0xFF, 0xFF, 0x73, 0x00, 0x00, 0x34, 0xFF,
  0xFF, 0xFF, 0xFF, 0xFF, 0xFF, 0xFF, 0xFF, 0xBB, 0x04, 0x00, 0x00, 0x2C, 0xFE, 0xFE, 0x61, 0xB6,
  0xF0, 0xF8, 0xD5, 0x78, 0x06, 0x00, 0x00, 0x00, 0x00, 0x00, 0x0B, 0x74, 0xC9, 0xF0, 0xFF, 0xFF,
  0xFF, 0x09, 0x00, 0x00, 0x26, 0xDB, 0xFF, 0xFF, 0xFF, 0xFF, 0xFF, 0xE6, 0x00, 0x00, 0x08, 0xDA,
  0xFF, 0xE7, 0x58, 0x10, 0x00, 0x00, 0x00, 0x00, 0x00, 0x6C, 0xFF, 0xFF, 0x38, 0x00, 0x00, 0x00,
  0x00, 0x00, 0x00, 0x00, 0xBD, 0xFF, 0xC0, 0x00, 0x00, 0x00, 0x00, 0x00, 0x00, 0x00, 0x00, 0xE1,
  0xFF, 0x95, 0x00, 0x00, 0x00, 0x00, 0x00, 0x00, 0x00, 0x00, 0xE2, 0xFF, 0x96, 0x00, 0x00, 0x00,
  0x00, 0x00, 0x00, 0x00, 0x00, 0xC1, 0xFF, 0xC5, 0x00, 0x00, 0x00, 0x00, 0x00, 0x00, 0x00, 0x00,
  0x76, 0xFF, 0xFF, 0x44, 0x00, 0x00, 0x00, 0x00, 0x00, 0x00, 0x00, 0x0F, 0xE3, 0xFF, 0xF6, 0x71,
  0x1D, 0x00, 0x00, 0x00, 0x00, 0x00, 0x00, 0x2F, 0xE4, 0xFF, 0xFF, 0xFF, 0xF6, 0xEE, 0xF7, 0x01,
  0x00, 0x00, 0x00, 0x0E, 0x7D, 0xCD, 0xF5, 0xFF, 0xFF, 0xFE, 0x0D, 0x00, 0x00, 0x00, 0x00, 0x00,
  0x00, 0x00, 0x03, 0x00, 0x00, 0x00, 0x00, 0x00, 0x00, 0x00, 0x00, 0x00, 0x00, 0x00, 0x00, 0xA8,
  0xFF, 0xAA, 0x00, 0x00, 0x00, 0x00, 0x00, 0x00, 0x00, 0x00, 0x00, 0x00, 0xAC, 0xFF, 0xB0, 0x00,
  0x00, 0x00, 0x00, 0x00, 0x00, 0x00, 0x00, 0x00, 0x00, 0xAC, 0xFF, 0xB0, 0x00, 0x00, 0x00, 0x00,
  0x00, 0x00, 0x00, 0x00, 0x00, 0x00, 0xAC, 0xFF, 0xB0, 0x00, 0x00, 0x00, 0x00, 0x00, 0x00, 0x00,
  0x00, 0x00, 0x00, 0xAC, 0xFF, 0xB0, 0x00, 0x00, 0x00, 0x00, 0x00, 0x00, 0x00, 0x00, 0x00, 0x00,
  0xAC, 0xFF, 0xB0, 0x00, 0x00, 0x00, 0x00, 0x2C, 0xA8, 0xEA, 0xF9, 0xD8, 0x70, 0xB3, 0xFF, 0xB0,
  0x00, 0x00, 0x00, 0x46, 0xF7, 0xFF, 0xFF, 0xFF, 0xFF, 0xFF, 0xFF, 0xFF, 0xB0, 0x00, 0x00, 0x0B,
  0xE9, 0xFF, 0xDA, 0x38, 0x0A, 0x3A, 0xD7, 0xFF, 0xFF, 0xB0, 0x00, 0x00, 0x62, 0xFF, 0xFF, 0x3E,
  0x00, 0x00, 0x00, 0x23, 0xFE, 0xFF, 0xB0, 0x00, 0x00, 0x9E, 0xFF, 0xE3, 0x00, 0x00, 0x00, 0x00,
  0x00, 0xCF, 0xFF, 0xB0, 0x00, 0x00, 0xB8, 0xFF, 0xC4, 0x00, 0x00, 0x00, 0x00, 0x00, 0xB1, 0xFF,
  0xB0, 0x00, 0x00, 0xB8, 0xFF, 0xC6, 0x00, 0x00, 0x00, 0x00, 0x00, 0xBE, 0xFF, 0xB0, 0x00, 0x00,
  0x9D, 0xFF, 0xE4, 0x00, 0x00, 0x00, 0x00, 0x00, 0xE1, 0xFF, 0xB0, 0x00, 0x00, 0x62, 0xFF, 0xFF,
  0x3F, 0x00, 0x00, 0x00, 0x48, 0xFF, 0xFF, 0xB0, 0x00, 0x00, 0x0D, 0xEB, 0xFF, 0xE1, 0x42, 0x0A,
  0x43, 0xE9, 0xFF, 0xFF, 0xB0, 0x00, 0x00, 0x00, 0x4C, 0xFA, 0xFF, 0xFF, 0xFF, 0xFF, 0xFF, 0xFF,
  0xFF, 0xB0, 0x00, 0x00, 0x00, 0x00, 0x34, 0xB0, 0xED, 0xFA, 0xD8, 0x82, 0xAF, 0xFF, 0xA7, 0x00,
  0x00, 0x00, 0x00, 0x33, 0xAF, 0xEC, 0xF7, 0xD5, 0x77, 0x05, 0x00, 0x00, 0x00, 0x00, 0x51, 0xFB,
  0xFF, 0xFF, 0xFF, 0xFF, 0xFF, 0xB8, 0x03, 0x00, 0x00, 0x17, 0xF1, 0xFF, 0xD6, 0x2E, 0x0A, 0x82,
  0xFF, 0xFF, 0x67, 0x00, 0x00, 0x7C, 0xFF, 0xFB, 0x26, 0x00, 0x00, 0x00, 0xBE, 0xFF, 0xC8, 0x00,
  0x00, 0xC1, 0xFF, 0xBE, 0x00, 0x00, 0x00, 0x00, 0x6E, 0xFF, 0xF9, 0x04, 0x00, 0xE2, 0xFF, 0xFF,
  0xFF, 0xFF, 0xFF, 0xFF, 0xFF, 0xFF, 0xFF, 0x18, 0x00, 0xE5, 0xFF, 0xFF, 0xFF, 0xFF, 0xFF, 0xFF,
  0xFF, 0xFF, 0xFE, 0x16, 0x00, 0xCF, 0xFF, 0xAD, 0x00, 0x00, 0x00, 0x00, 0x00, 0x00, 0x00, 0x00,
  0x00, 0x97, 0xFF, 0xF2, 0x1A, 0x00, 0x00, 0x00, 0x00, 0x00, 0x00, 0x00, 0x00, 0x32, 0xFD, 0xFF,
  0xD0, 0x3E, 0x0B, 0x1A, 0x48, 0xB0, 0x49, 0x00, 0x00, 0x00, 0x79, 0xFF, 0xFF, 0xFF, 0xFF, 0xFF,
  0xFF, 0xFF, 0x3F, 0x00, 0x00, 0x00, 0x00, 0x45, 0xB2, 0xE9, 0xFA, 0xE2, 0xB7, 0x4A, 0x00, 0x00,
  0x00, 0x00, 0x00, 0x16, 0xAB, 0xF2, 0xFF, 0xA9, 0x00, 0x00, 0x00, 0xB4, 0xFF, 0xFF, 0xFF, 0x9C,
  0x00, 0x00, 0x14, 0xFC, 0xFF, 0x75, 0x01, 0x00, 0x00, 0x00, 0x3A, 0xFF, 0xFF, 0x1A, 0x00, 0x00,
  0x00, 0x00, 0x4B, 0xFF, 0xFF, 0x09, 0x00, 0x00, 0x00, 0x00, 0x50, 0xFF, 0xFF, 0x08, 0x00, 0x00,
  0x63, 0xFF, 0xFF, 0xFF, 0xFF, 0xFF, 0xFF, 0x60, 0x63, 0xFF, 0xFF, 0xFF, 0xFF, 0xFF, 0xFF, 0x63,
  0x00, 0x00, 0x4C, 0xFF, 0xFF, 0x08, 0x00, 0x00, 0x00, 0x00, 0x4C, 0xFF, 0xFF, 0x08, 0x00, 0x00,
  0x00, 0x00, 0x4C, 0xFF, 0xFF, 0x08, 0x00, 0x00, 0x00, 0x00, 0x4C, 0xFF, 0xFF, 0x08, 0x00, 0x00,
  0x00, 0x00, 0x4C, 0xFF, 0xFF, 0x08, 0x00, 0x00, 0x00, 0x00, 0x4C, 0xFF, 0xFF, 0x08, 0x00, 0x00,
  0x00, 0x00, 0x4C, 0xFF, 0xFF, 0x08, 0x00, 0x00, 0x00, 0x00, 0x4C, 0xFF, 0xFF, 0x08, 0x00, 0x00,
  0x00, 0x00, 0x4C, 0xFF, 0xFF, 0x08, 0x00, 0x00, 0x00, 0x00, 0x47, 0xFF, 0xFD, 0x06, 0x00, 0x00,
  0x00, 0x00, 0x00, 0x4F, 0xBD, 0xEF, 0xF8, 0xD2, 0x7F, 0x9E, 0xFF, 0xAE, 0x00, 0x00, 0x00, 0x7B,
  0xFF, 0xFF, 0xFF, 0xFF, 0xFF, 0xFF, 0xFF, 0xFF, 0xB4, 0x00, 0x00, 0x27, 0xFD, 0xFF, 0xD5, 0x3B,
  0x0D, 0x38, 0xD4, 0xFF, 0xFF, 0xB4, 0x00, 0x00, 0x7F, 0xFF, 0xFD, 0x21, 0x00, 0x00, 0x00, 0x24,
  0xFC, 0xFF, 0xB4, 0x00, 0x00, 0xAE, 0xFF, 0xD1, 0x00, 0x00, 0x00, 0x00, 0x00, 0xC7, 0xFF, 0xB4,
  0x00, 0x00, 0xBF, 0xFF, 0xB8, 0x00, 0x00, 0x00, 0x00, 0x00, 0xAA, 0xFF, 0xB4, 0x00, 0x00, 0xB4,
  0xFF, 0xD0, 0x00, 0x00, 0x00, 0x00, 0x00, 0xC0, 0xFF, 0xB4, 0x00, 0x00, 0x7F, 0xFF, 0xFB, 0x26,
  0x00, 0x00, 0x00, 0x1F, 0xF6, 0xFF, 0xB4, 0x00, 0x00, 0x1B, 0xF5, 0xFF, 0xD5, 0x3B, 0x0C, 0x3D,
  0xD2, 0xFF, 0xFF, 0xB4, 0x00, 0x00, 0x00, 0x54, 0xF9, 0xFF, 0xFF, 0xFF, 0xFF, 0xFF, 0xFF, 0xFF,
  0xAB, 0x00, 0x00, 0x00, 0x00, 0x2E, 0xA7, 0xE9, 0xF5, 0xCF, 0x67, 0xE6, 0xFF, 0x90, 0x00, 0x00,
  0x00, 0x02, 0x00, 0x00, 0x00, 0x00, 0x00, 0x3B, 0xFF, 0xFF, 0x53, 0x00, 0x00, 0x00, 0xAC, 0xA9,
  0x41, 0x14, 0x12, 0x55, 0xE6, 0xFF, 0xDD, 0x05, 0x00, 0x00, 0x00, 0xBA, 0xFF, 0xFF, 0xFF, 0xFF,
  0xFF, 0xFF, 0xED, 0x34, 0x00, 0x00, 0x00, 0x00, 0x0D, 0x7D, 0xCD, 0xF0, 0xF6, 0xD8, 0x90, 0x1C,
  0x00, 0x00, 0x00, 0x00, 0x09, 0xFD, 0xFF, 0x45, 0x00, 0x00, 0x00, 0x00, 0x00, 0x00, 0x00, 0x00,
  0x00, 0x0C, 0xFF, 0xFF, 0x4C, 0x00, 0x00, 0x00, 0x00, 0x00, 0x00, 0x00, 0x00, 0x00, 0x0C, 0xFF,
  0xFF, 0x4C, 0x00, 0x00, 0x00, 0x00, 0x00, 0x00, 0x00, 0x00, 0x00, 0x0C, 0xFF, 0xFF, 0x4C, 0x00,
  0x00, 0x00, 0x00, 0x00, 0x00, 0x00, 0x00, 0x00, 0x0C, 0xFF, 0xFF, 0x4C, 0x00, 0x00, 0x00, 0x00,
  0x00, 0x00, 0x00, 0x00, 0x00, 0x0C, 0xFF, 0xFF, 0x4C, 0x00, 0x00, 0x00, 0x00, 0x00, 0x00, 0x00,
  0x00, 0x00, 0x0C, 0xFF, 0xFF, 0x6F, 0xA5, 0xED, 0xF8, 0xD5, 0x75, 0x02, 0x00, 0x00, 0x00, 0x0C,
  0xFF, 0xFF, 0xFF, 0xFF, 0xFF, 0xFF, 0xFF, 0xFF, 0x98, 0x00, 0x00, 0x00, 0x0C, 0xFF, 0xFF, 0xF2,
  0x61, 0x13, 0x11, 0x91, 0xFF, 0xFE, 0x22, 0x00, 0x00, 0x0C, 0xFF, 0xFF, 0x6C, 0x00, 0x00, 0x00,
  0x0A, 0xF5, 0xFF, 0x66, 0x00, 0x00, 0x0C, 0xFF, 0xFF, 0x4C, 0x00, 0x00, 0x00, 0x00, 0xD8, 0xFF,
  0x82, 0x00, 0x00, 0x0C, 0xFF, 0xFF, 0x4C, 0x00, 0x00, 0x00, 0x00, 0xCC, 0xFF, 0x8B, 0x00, 0x00,
  0x0C, 0xFF, 0xFF, 0x4C, 0x00, 0x00, 0x00, 0x00, 0xCC, 0xFF, 0x8C, 0x00, 0x00, 0x0C, 0xFF, 0xFF,
  0x4C, 0x00, 0x00, 0x00, 0x00, 0xCC, 0xFF, 0x8C, 0x00, 0x00, 0x0C, 0xFF, 0xFF, 0x4C, 0x00, 0x00,
  0x00, 0x00, 0xCC, 0xFF, 0x8C, 0x00, 0x00, 0x0C, 0xFF, 0xFF, 0x4C, 0x00, 0x00, 0x00, 0x00, 0xCC,
  0xFF, 0x8C, 0x00, 0x00, 0x0C, 0xFF, 0xFF, 0x4C, 0x00, 0x00, 0x00, 0x00, 0xCC, 0xFF, 0x8C, 0x00,
  0x00, 0x09, 0xFD, 0xFF, 0x47, 0x00, 0x00, 0x00, 0x00, 0xC7, 0xFF, 0x87, 0x00, 0x00, 0x22, 0xE0,
  0x9D, 0x00, 0x00, 0x8D, 0xFF, 0xFF, 0x27, 0x00, 0xAD, 0xFF, 0xFF, 0x48, 0x00, 0x8E, 0xFF, 0xFF,
  0x29, 0x00, 0x23, 0xE1, 0xA0, 0x00, 0x00, 0x00, 0x00, 0x00, 0x00, 0x00, 0x00, 0x00, 0x00, 0x00,
  0x00, 0x67, 0xFF, 0xEF, 0x00, 0x00, 0x6C, 0xFF, 0xF4, 0x00, 0x00, 0x6C, 0xFF, 0xF4, 0x00, 0x00,
  0x6C, 0xFF, 0xF4, 0x00, 0x00, 0x6C, 0xFF, 0xF4, 0x00, 0x00, 0x6C, 0xFF, 0xF4, 0x00, 0x00, 0x6C,
  0xFF, 0xF4, 0x00, 0x00, 0x6C, 0xFF, 0xF4, 0x00, 0x00, 0x6C, 0xFF, 0xF4, 0x00, 0x00, 0x6C, 0xFF,
  0xF4, 0x00, 0x00, 0x67, 0xFF, 0xEF, 0x00, 0x00, 0x04, 0xB5, 0xF0, 0x5B, 0x00, 0x00, 0x28, 0xFF,
  0xFF, 0xC3, 0x00, 0x00, 0x04, 0xB8, 0xF1, 0x5D, 0x00, 0x00, 0x00, 0x00, 0x00, 0x00, 0x00, 0x00,
  0x00, 0x00, 0x00, 0x00, 0x00, 0x00, 0x00, 0xE2, 0xFF, 0x6B, 0x00, 0x00, 0x00, 0xE8, 0xFF, 0x70,
  0x00, 0x00, 0x00, 0xE8, 0xFF, 0x70, 0x00, 0x00, 0x00, 0xE8, 0xFF, 0x70, 0x00, 0x00, 0x00, 0xE8,
  0xFF, 0x70, 0x00, 0x00, 0x00, 0xE8, 0xFF, 0x70, 0x00, 0x00, 0x00, 0xE8, 0xFF, 0x70, 0x00, 0x00,
  0x00, 0xE8, 0xFF, 0x70, 0x00, 0x00, 0x00, 0xE8, 0xFF, 0x70, 0x00, 0x00, 0x00, 0xE8, 0xFF, 0x70,
  0x00, 0x00, 0x00, 0xE8, 0xFF, 0x70, 0x00, 0x00, 0x00, 0xE9, 0xFF, 0x6B, 0x00, 0x00, 0x00, 0xF0,
  0xFF, 0x5B, 0x00, 0x00, 0x24, 0xFD, 0xFF, 0x41, 0x00, 0xD1, 0xFE, 0xFF, 0xE9, 0x08, 0x00, 0xC3,
  0xFD, 0xD5, 0x3D, 0x00, 0x00, 0x00, 0x76, 0xFF, 0xD1, 0x00, 0x00, 0x00, 0x00, 0x00, 0x00, 0x00,
  0x00, 0x00, 0x7C, 0xFF, 0xD8, 0x00, 0x00, 0x00, 0x00, 0x00, 0x00, 0x00, 0x00, 0x00, 0x7C, 0xFF,
  0xD8, 0x00, 0x00, 0x00, 0x00, 0x00, 0x00, 0x00, 0x00, 0x00, 0x7C, 0xFF, 0xD8, 0x00, 0x00, 0x00,
  0x00, 0x00, 0x00, 0x00, 0x00, 0x00, 0x7C, 0xFF, 0xD8, 0x00, 0x00, 0x00, 0x00, 0x00, 0x00, 0x00,
  0x00, 0x00, 0x7C, 0xFF, 0xD8, 0x00, 0x00, 0x00, 0x00, 0x00, 0x00, 0x00, 0x00, 0x00, 0x7C, 0xFF,
  0xD8, 0x00, 0x00, 0x00, 0x00, 0x00, 0x00, 0x00, 0x00, 0x00, 0x7C, 0xFF, 0xD8, 0x00, 0x00, 0x00,
  0x43, 0xF5, 0xFF, 0x6B, 0x00, 0x00, 0x7C, 0xFF, 0xD8, 0x00, 0x00, 0x30, 0xF1, 0xFD, 0x66, 0x00,
  0x00, 0x00, 0x7C, 0xFF, 0xD8, 0x00, 0x21, 0xE7, 0xFB, 0x5B, 0x00, 0x00, 0x00, 0x00, 0x7C, 0xFF,
  0xD8, 0x15, 0xDA, 0xF9, 0x51, 0x00, 0x00, 0x00, 0x00, 0x00, 0x7C, 0xFF, 0xE1, 0xCA, 0xFF, 0xA0,
  0x00, 0x00, 0x00, 0x00, 0x00, 0x00, 0x7C, 0xFF, 0xFF, 0xEE, 0xFD, 0xFE, 0x46, 0x00, 0x00, 0x00,
  0x00, 0x00, 0x7C, 0xFF, 0xF8, 0x38, 0x8B, 0xFF, 0xE9, 0x19, 0x00, 0x00, 0x00, 0x00, 0x7C, 0xFF,
  0xD8, 0x00, 0x06, 0xD1, 0xFF, 0xBF, 0x02, 0x00, 0x00, 0x00, 0x7C, 0xFF, 0xD8, 0x00, 0x00, 0x2C,
  0xF8, 0xFF, 0x80, 0x00, 0x00, 0x00, 0x7C, 0xFF, 0xD8, 0x00, 0x00, 0x00, 0x72, 0xFF, 0xFD, 0x42,
  0x00, 0x00, 0x76, 0xFF, 0xD3, 0x00, 0x00, 0x00, 0x01, 0xBA, 0xFF, 0xE7, 0x11, 0x00, 0x5A, 0xFF,
  0xFA, 0x00, 0x00, 0x60, 0xFF, 0xFF, 0x00, 0x00, 0x60, 0xFF, 0xFF, 0x00, 0x00, 0x60, 0xFF, 0xFF,
  0x00, 0x00, 0x60, 0xFF, 0xFF, 0x00, 0x00, 0x60, 0xFF, 0xFF, 0x00, 0x00, 0x60, 0xFF, 0xFF, 0x00,
  0x00, 0x60, 0xFF, 0xFF, 0x00, 0x00, 0x60, 0xFF, 0xFF, 0x00, 0x00, 0x60, 0xFF, 0xFF, 0x00, 0x00,
  0x60, 0xFF, 0xFF, 0x00, 0x00, 0x60, 0xFF, 0xFF, 0x00, 0x00, 0x60, 0xFF, 0xFF, 0x00, 0x00, 0x60,
  0xFF, 0xFF, 0x00, 0x00, 0x60, 0xFF, 0xFF, 0x00, 0x00, 0x60, 0xFF, 0xFF, 0x00, 0x00, 0x60, 0xFF,
  0xFF, 0x00, 0x00, 0x5B, 0xFF, 0xFA, 0x00, 0x00, 0x23, 0xFF, 0xFF, 0x35, 0x8A, 0xEB, 0xF1, 0xB6,
  0x33, 0x00, 0x31, 0xB1, 0xEE, 0xF7, 0xCA, 0x57, 0x00, 0x00, 0x00, 0x00, 0x1C, 0xFF, 0xFF, 0xD2,
  0xFF, 0xFF, 0xFF, 0xFF, 0xF8, 0x5D, 0xF8, 0xFF, 0xFF, 0xFF, 0xFF, 0xFF, 0x6E, 0x00, 0x00, 0x00,
  0x1A, 0xFF, 0xFF, 0xF7, 0x63, 0x11, 0x20, 0xC6, 0xFF, 0xFF, 0xFF, 0x86, 0x10, 0x1E, 0xC6, 0xFF,
  0xF1, 0x06, 0x00, 0x00, 0x18, 0xFF, 0xFF, 0x87, 0x00, 0x00, 0x00, 0x4B, 0xFF, 0xFF, 0xAE, 0x00,
  0x00, 0x00, 0x44, 0xFF, 0xFF, 0x2F, 0x00, 0x00, 0x18, 0xFF, 0xFF, 0x4E, 0x00, 0x00, 0x00, 0x2D,
  0xFF, 0xFF, 0x56, 0x00, 0x00, 0x00, 0x25, 0xFF, 0xFF, 0x3B, 0x00, 0x00, 0x18, 0xFF, 0xFF, 0x44,
  0x00, 0x00, 0x00, 0x2C, 0xFF, 0xFF, 0x38, 0x00, 0x00, 0x00, 0x24, 0xFF, 0xFF, 0x3C, 0x00, 0x00,
  0x18, 0xFF, 0xFF, 0x44, 0x00, 0x00, 0x00, 0x2C, 0xFF, 0xFF, 0x34, 0x00, 0x00, 0x00, 0x24, 0xFF,
  0xFF, 0x3C, 0x00, 0x00, 0x18, 0xFF, 0xFF, 0x44, 0x00, 0x00, 0x00, 0x2C, 0xFF, 0xFF, 0x34, 0x00,
  0x00, 0x00, 0x24, 0xFF, 0xFF, 0x3C, 0x00, 0x00, 0x18, 0xFF, 0xFF, 0x44, 0x00, 0x00, 0x00, 0x2C,
  0xFF, 0xFF, 0x34, 0x00, 0x00, 0x00, 0x24, 0xFF, 0xFF, 0x3C, 0x00, 0x00, 0x18, 0xFF, 0xFF, 0x44,
  0x00, 0x00, 0x00, 0x2C, 0xFF, 0xFF, 0x34, 0x00, 0x00, 0x00, 0x24, 0xFF, 0xFF, 0x3C, 0x00, 0x00,
  0x18, 0xFF, 0xFF, 0x44, 0x00, 0x00, 0x00, 0x2C, 0xFF, 0xFF, 0x34, 0x00, 0x00, 0x00, 0x24, 0xFF,
  0xFF, 0x3C, 0x00, 0x00, 0x13, 0xFE, 0xFF, 0x3F, 0x00, 0x00, 0x00, 0x26, 0xFF, 0xFF, 0x2F, 0x00,
  0x00, 0x00, 0x1E, 0xFE, 0xFF, 0x36, 0x00, 0x00, 0x14, 0xFE, 0xFF, 0x20, 0x7A, 0xE4, 0xF8, 0xD7,
  0x7A, 0x04, 0x00, 0x00, 0x00, 0x10, 0xFF, 0xFF, 0xB7, 0xFF, 0xFF, 0xFF, 0xFF, 0xFF, 0xA4, 0x00,
  0x00, 0x00, 0x0E, 0xFF, 0xFF, 0xFC, 0x74, 0x1A, 0x11, 0x8F, 0xFF, 0xFF, 0x2F, 0x00, 0x00, 0x0C,
  0xFF, 0xFF, 0x9F, 0x00, 0x00, 0x00, 0x08, 0xF3, 0xFF, 0x71, 0x00, 0x00, 0x0C, 0xFF, 0xFF, 0x61,
  0x00, 0x00, 0x00, 0x00, 0xD5, 0xFF, 0x88, 0x00, 0x00, 0x0C, 0xFF, 0xFF, 0x50, 0x00, 0x00, 0x00,
  0x00, 0xCC, 0xFF, 0x8C, 0x00, 0x00, 0x0C, 0xFF, 0xFF, 0x50, 0x00, 0x00, 0x00, 0x00, 0xCC, 0xFF,
  0x8C, 0x00, 0x00, 0x0C, 0xFF, 0xFF, 0x50, 0x00, 0x00, 0x00, 0x00, 0xCC, 0xFF, 0x8C, 0x00, 0x00,
  0x0C, 0xFF, 0xFF, 0x50, 0x00, 0x00, 0x00, 0x00, 0xCC, 0xFF, 0x8C, 0x00, 0x00, 0x0C, 0xFF, 0xFF,
  0x50, 0x00, 0x00, 0x00, 0x00, 0xCC, 0xFF, 0x8C, 0x00, 0x00, 0x0C, 0xFF, 0xFF, 0x50, 0x00, 0x00,
  0x00, 0x00, 0xCC, 0xFF, 0x8C, 0x00, 0x00, 0x09, 0xFC, 0xFF, 0x4B, 0x00, 0x00, 0x00, 0x00, 0xC6,
  0xFF, 0x87, 0x00, 0x00, 0x00, 0x00, 0x1F, 0x95, 0xDD, 0xF8, 0xEE, 0xBE, 0x5B, 0x01, 0x00, 0x00,
  0x00, 0x00, 0x47, 0xF4, 0xFF, 0xFF, 0xFF, 0xFF, 0xFF, 0xFF, 0xB2, 0x07, 0x00, 0x00, 0x1C, 0xF1,
  0xFF, 0xE8, 0x48, 0x09, 0x1D, 0x9E, 0xFF, 0xFF, 0x8B, 0x00, 0x00, 0x8A, 0xFF, 0xFD, 0x2B, 0x00,
  0x00, 0x00, 0x00, 0xAE, 0xFF, 0xF7, 0x12, 0x00, 0xD2, 0xFF, 0xB3, 0x00, 0x00, 0x00, 0x00, 0x00,
  0x38, 0xFF, 0xFF, 0x54, 0x00, 0xF3, 0xFF, 0x84, 0x00, 0x00, 0x00, 0x00, 0x00, 0x08, 0xFD, 0xFF,
  0x76, 0x00, 0xF2, 0xFF, 0x84, 0x00, 0x00, 0x00, 0x00, 0x00, 0x08, 0xFE, 0xFF, 0x75, 0x00, 0xD1,
  0xFF, 0xB4, 0x00, 0x00, 0x00, 0x00, 0x00, 0x38, 0xFF, 0xFF, 0x53, 0x00, 0x89, 0xFF, 0xFD, 0x2B,
  0x00, 0x00, 0x00, 0x00, 0xAC, 0xFF, 0xF6, 0x11, 0x00, 0x1B, 0xF1, 0xFF, 0xE7, 0x46, 0x08, 0x1B,
  0x9A, 0xFF, 0xFF, 0x89, 0x00, 0x00, 0x00, 0x48, 0xF4, 0xFF, 0xFF, 0xFF, 0xFF, 0xFF, 0xFF, 0xAE,
  0x06, 0x00, 0x00, 0x00, 0x00, 0x20, 0x97, 0xDE, 0xF9, 0xEF, 0xBE, 0x5A, 0x01, 0x00, 0x00, 0x00,
  0x48, 0xFF, 0xF9, 0x19, 0x9B, 0xEC, 0xF6, 0xCF, 0x72, 0x05, 0x00, 0x00, 0x00, 0x50, 0xFF, 0xFF,
  0xDD, 0xFF, 0xFF, 0xFF, 0xFF, 0xFF, 0xBA, 0x04, 0x00, 0x00, 0x50, 0xFF, 0xFF, 0xFA, 0x73, 0x14,
  0x20, 0x94, 0xFF, 0xFF, 0x73, 0x00, 0x00, 0x50, 0xFF, 0xFF, 0x89, 0x00, 0x00, 0x00, 0x00, 0xC5,
  0xFF, 0xD7, 0x00, 0x00, 0x50, 0xFF, 0xFF, 0x2D, 0x00, 0x00, 0x00, 0x00, 0x78, 0xFF, 0xFF, 0x0B,
  0x00, 0x50, 0xFF, 0xFF, 0x10, 0x00, 0x00, 0x00, 0x00, 0x60, 0xFF, 0xFF, 0x1B, 0x00, 0x50, 0xFF,
  0xFF, 0x26, 0x00, 0x00, 0x00, 0x00, 0x77, 0xFF, 0xFF, 0x0B, 0x00, 0x50, 0xFF, 0xFF, 0x73, 0x00,
  0x00, 0x00, 0x00, 0xC7, 0xFF, 0xD5, 0x00, 0x00, 0x50, 0xFF, 0xFF, 0xF2, 0x5E, 0x11, 0x1F, 0x95,
  0xFF, 0xFF, 0x70, 0x00, 0x00, 0x50, 0xFF, 0xFF, 0xDB, 0xFF, 0xFF, 0xFF, 0xFF, 0xFF, 0xB9, 0x04,
  0x00, 0x00, 0x50, 0xFF, 0xFF, 0x1C, 0x9C, 0xED, 0xF7, 0xD1, 0x73, 0x05, 0x00, 0x00, 0x00, 0x50,
  0xFF, 0xFF, 0x08, 0x00, 0x00, 0x00, 0x00, 0x00, 0x00, 0x00, 0x00, 0x00, 0x50, 0xFF, 0xFF, 0x08,
  0x00, 0x00, 0x00, 0x00, 0x00, 0x00, 0x00, 0x00, 0x00, 0x50, 0xFF, 0xFF, 0x08, 0x00, 0x00, 0x00,
  0x00, 0x00, 0x00, 0x00, 0x00, 0x00, 0x4C, 0xFF, 0xFD, 0x05, 0x00, 0x00, 0x00, 0x00, 0x00, 0x00,
  0x00, 0x00, 0x00, 0x00, 0x00, 0x3C, 0xB1, 0xEC, 0xF7, 0xC5, 0x3F, 0x7C, 0xCC, 0x87, 0x00, 0x00,
  0x00, 0x60, 0xFD, 0xFF, 0xFF, 0xFF, 0xFF, 0xFB, 0xE1, 0xFF, 0xB4, 0x00, 0x00, 0x19, 0xF7, 0xFF,
  0xD3, 0x3A, 0x0D, 0x3F, 0xD9, 0xFF, 0xFF, 0xB4, 0x00, 0x00, 0x73, 0xFF, 0xFD, 0x29, 0x00, 0x00,
  0x00, 0x2B, 0xFC, 0xFF, 0xB4, 0x00, 0x00, 0xA4, 0xFF, 0xDA, 0x00, 0x00, 0x00, 0x00, 0x00, 0xCE,
  0xFF, 0xB4, 0x00, 0x00, 0xB3, 0xFF, 0xC3, 0x00, 0x00, 0x00, 0x00, 0x00, 0xB1, 0xFF, 0xB4, 0x00,
  0x00, 0xA4, 0xFF, 0xDA, 0x00, 0x00, 0x00, 0x00, 0x00, 0xC7, 0xFF, 0xB4, 0x00, 0x00, 0x71, 0xFF,
  0xFE, 0x2B, 0x00, 0x00, 0x00, 0x1B, 0xF7, 0xFF, 0xB4, 0x00, 0x00, 0x16, 0xF5, 0xFF, 0xD4, 0x3A,
  0x0B, 0x33, 0xC8, 0xFF, 0xFF, 0xB4, 0x00, 0x00, 0x00, 0x5C, 0xFD, 0xFF, 0xFF, 0xFF, 0xFF, 0xFB,
  0xDF, 0xFF, 0xB4, 0x00, 0x00, 0x00, 0x00, 0x3B, 0xB4, 0xED, 0xF8, 0xC5, 0x41, 0xA8, 0xFF, 0xB4,
  0x00, 0x00, 0x00, 0x00, 0x00, 0x00, 0x00, 0x00, 0x00, 0x00, 0xA8, 0xFF, 0xB4, 0x00, 0x00, 0x00,
  0x00, 0x00, 0x00, 0x00, 0x00, 0x00, 0x00, 0xA8, 0xFF, 0xB4, 0x00, 0x00, 0x00, 0x00, 0x00, 0x00,
  0x00, 0x00, 0x00, 0x00, 0xA8, 0xFF, 0xB4, 0x00, 0x00, 0x00, 0x00, 0x00, 0x00, 0x00, 0x00, 0x00,
  0x00, 0xA3, 0xFF, 0xAF, 0x00, 0x00, 0x08, 0xFD, 0xFF, 0x43, 0x97, 0xFA, 0xFD, 0x06, 0x00, 0x08,
  0xFF, 0xFF, 0xC0, 0xFF, 0xFE, 0xFB, 0x06, 0x00, 0x02, 0xFF, 0xFF, 0xFF, 0x74, 0x05, 0x00, 0x00,
  0x00, 0x00, 0xFF, 0xFF, 0xBF, 0x00, 0x00, 0x00, 0x00, 0x00, 0x00, 0xFF, 0xFF, 0x75, 0x00, 0x00,
  0x00, 0x00, 0x00, 0x00, 0xFF, 0xFF, 0x5A, 0x00, 0x00, 0x00, 0x00, 0x00, 0x00, 0xFF, 0xFF, 0x54,
  0x00, 0x00, 0x00, 0x00, 0x00, 0x00, 0xFF, 0xFF, 0x54, 0x00, 0x00, 0x00, 0x00, 0x00, 0x00, 0xFF,
  0xFF, 0x54, 0x00, 0x00, 0x00, 0x00, 0x00, 0x00, 0xFF, 0xFF, 0x54, 0x00, 0x00, 0x00, 0x00, 0x00,
  0x00, 0xFF, 0xFF, 0x54, 0x00, 0x00, 0x00, 0x00, 0x00, 0x00, 0xFA, 0xFF, 0x4E, 0x00, 0x00, 0x00,
  0x00, 0x00, 0x00, 0x4C, 0xC0, 0xEE, 0xF4, 0xC3, 0x5A, 0x00, 0x00, 0x54, 0xFF, 0xFF, 0xFF, 0xFF,
  0xFF, 0xFF, 0x21, 0x00, 0xD7, 0xFF, 0xCD, 0x1D, 0x0C, 0x4B, 0xDD, 0x0C, 0x00, 0xEE, 0xFF, 0x9E,
  0x00, 0x00, 0x00, 0x00, 0x00, 0x00, 0xA3, 0xFF, 0xFF, 0x9F, 0x18, 0x00, 0x00, 0x00, 0x00, 0x08,
  0xA6, 0xFF, 0xFF, 0xF6, 0x87, 0x09, 0x00, 0x00, 0x00, 0x00, 0x44, 0xCB, 0xFF, 0xFF, 0xCA, 0x0C,
  0x00, 0x00, 0x00, 0x00, 0x01, 0x6C, 0xFF, 0xFF, 0x7C, 0x00, 0x00, 0x00, 0x00, 0x00, 0x00, 0xDB,
  0xFF, 0xA7, 0x00, 0x01, 0x00, 0x00, 0x07, 0x54, 0xFC, 0xFF, 0x84, 0x00, 0xF5, 0xFF, 0xFF, 0xFF,
  0xFF, 0xFF, 0xE4, 0x17, 0x0A, 0xFD, 0xFF, 0xFF, 0xFA, 0xDD, 0x90, 0x1A, 0x00, 0x00, 0x00, 0x4A,
  0xFF, 0xFC, 0x06, 0x00, 0x00, 0x00, 0x00, 0x50, 0xFF, 0xFF, 0x08, 0x00, 0x00, 0x00, 0x00, 0x50,
  0xFF, 0xFF, 0x08, 0x00, 0x00, 0x63, 0xFF, 0xFF, 0xFF, 0xFF, 0xFF, 0xFF, 0x63, 0x63, 0xFF, 0xFF,
  0xFF, 0xFF, 0xFF, 0xFF, 0x63, 0x00, 0x00, 0x50, 0xFF, 0xFF, 0x08, 0x00, 0x00, 0x00, 0x00, 0x50,
  0xFF, 0xFF, 0x08, 0x00, 0x00, 0x00, 0x00, 0x50, 0xFF, 0xFF, 0x08, 0x00, 0x00, 0x00, 0x00, 0x50,
  0xFF, 0xFF, 0x08, 0x00, 0x00, 0x00, 0x00, 0x50, 0xFF, 0xFF, 0x08, 0x00, 0x00, 0x00, 0x00, 0x4F,
  0xFF, 0xFF, 0x08, 0x00, 0x00, 0x00, 0x00, 0x4B, 0xFF, 0xFF, 0x0A, 0x00, 0x00, 0x00, 0x00, 0x35,
  0xFF, 0xFF, 0x2F, 0x2A, 0xA7, 0x00, 0x00, 0x03, 0xEB, 0xFF, 0xFF, 0xFF, 0xE4, 0x00, 0x00, 0x00,
  0x42, 0xD8, 0xF9, 0xCD, 0x48, 0x00, 0x09, 0xFC, 0xFF, 0x48, 0x00, 0x00, 0x00, 0x00, 0xC6, 0xFF,
  0x84, 0x00, 0x00, 0x0C, 0xFF, 0xFF, 0x50, 0x00, 0x00, 0x00, 0x00, 0xCC, 0xFF, 0x8C, 0x00, 0x00,
  0x0C, 0xFF, 0xFF, 0x50, 0x00, 0x00, 0x00, 0x00, 0xCC, 0xFF, 0x8C, 0x00, 0x00, 0x0C, 0xFF, 0xFF,
  0x50, 0x00, 0x00, 0x00, 0x00, 0xCC, 0xFF, 0x8C, 0x00, 0x00, 0x0C, 0xFF, 0xFF, 0x50, 0x00, 0x00,
  0x00, 0x00, 0xCC, 0xFF, 0x8C, 0x00, 0x00, 0x0C, 0xFF, 0xFF, 0x50, 0x00, 0x00, 0x00, 0x00, 0xCC,
  0xFF, 0x8C, 0x00, 0x00, 0x0C, 0xFF, 0xFF, 0x50, 0x00, 0x00, 0x00, 0x00, 0xCF, 0xFF, 0x8C, 0x00,
  0x00, 0x09, 0xFF, 0xFF, 0x5A, 0x00, 0x00, 0x00, 0x00, 0xEC, 0xFF, 0x8C, 0x00, 0x00, 0x00, 0xF3,
  0xFF, 0x80, 0x00, 0x00, 0x00, 0x3D, 0xFF, 0xFF, 0x8C, 0x00, 0x00, 0x00, 0xB5, 0xFF, 0xE9, 0x3D,
  0x0C, 0x44, 0xE0, 0xFF, 0xFF, 0x8C, 0x00, 0x00, 0x00, 0x38, 0xFA, 0xFF, 0xFF, 0xFF, 0xFF, 0xF6,
  0xD9, 0xFF, 0x90, 0x00, 0x00, 0x00, 0x00, 0x3B, 0xBA, 0xF2, 0xF6, 0xBC, 0x34, 0xA7, 0xFF, 0x91,
  0x00, 0xBC, 0xFF, 0xB9, 0x00, 0x00, 0x00, 0x00, 0x06, 0xEF, 0xFF, 0x87, 0x68, 0xFF, 0xFA, 0x10,
  0x00, 0x00, 0x00, 0x47, 0xFF, 0xFF, 0x32, 0x14, 0xFB, 0xFF, 0x59, 0x00, 0x00, 0x00, 0x95, 0xFF,
  0xD8, 0x00, 0x00, 0xB7, 0xFF, 0xA8, 0x00, 0x00, 0x00, 0xE2, 0xFF, 0x7F, 0x00, 0x00, 0x5E, 0xFF,
  0xF0, 0x05, 0x00, 0x32, 0xFF, 0xFF, 0x25, 0x00, 0x00, 0x0E, 0xF7, 0xFF, 0x45, 0x00, 0x80, 0xFF,
  0xCB, 0x00, 0x00, 0x00, 0x00, 0xAD, 0xFF, 0x94, 0x00, 0xCE, 0xFF, 0x72, 0x00, 0x00, 0x00, 0x00,
  0x55, 0xFF, 0xE1, 0x1D, 0xFF, 0xFD, 0x1A, 0x00, 0x00, 0x00, 0x00, 0x09, 0xF2, 0xFF, 0x9B, 0xFF,
  0xBF, 0x00, 0x00, 0x00, 0x00, 0x00, 0x00, 0xA4, 0xFF, 0xFE, 0xFF, 0x65, 0x00, 0x00, 0x00, 0x00,
  0x00, 0x00, 0x4B, 0xFF, 0xFF, 0xFA, 0x11, 0x00, 0x00, 0x00, 0x00, 0x00, 0x00, 0x05, 0xEB, 0xFF,
  0xB1, 0x00, 0x00, 0x00, 0x00, 0xCD, 0xFF, 0xA0, 0x00, 0x00, 0x00, 0x00, 0x10, 0xF6, 0xFF, 0xB2,
  0x00, 0x00, 0x00, 0x00, 0x05, 0xEC, 0xFF, 0x80, 0x7B, 0xFF, 0xEC, 0x02, 0x00, 0x00, 0x00, 0x59,
  0xFF, 0xFF, 0xF8, 0x0B, 0x00, 0x00, 0x00, 0x44, 0xFF, 0xFF, 0x2D, 0x24, 0xFF, 0xFF, 0x3A, 0x00,
  0x00, 0x00, 0xA5, 0xFF, 0xFF, 0xFF, 0x50, 0x00, 0x00, 0x00, 0x8F, 0xFF, 0xD6, 0x00, 0x00, 0xCE,
  0xFF, 0x86, 0x00, 0x00, 0x03, 0xEE, 0xFF, 0xBF, 0xFF, 0x9D, 0x00, 0x00, 0x00, 0xDA, 0xFF, 0x7E,
  0x00, 0x00, 0x77, 0xFF, 0xD2, 0x00, 0x00, 0x3E, 0xFF, 0xE5, 0x39, 0xFF, 0xE7, 0x01, 0x00, 0x27,
  0xFF, 0xFF, 0x27, 0x00, 0x00, 0x21, 0xFF, 0xFF, 0x1D, 0x00, 0x8B, 0xFF, 0x95, 0x01, 0xE6, 0xFF,
  0x36, 0x00, 0x72, 0xFF, 0xD0, 0x00, 0x00, 0x00, 0x00, 0xCA, 0xFF, 0x69, 0x00, 0xD7, 0xFF, 0x44,
  0x00, 0x97, 0xFF, 0x82, 0x00, 0xBE, 0xFF, 0x79, 0x00, 0x00, 0x00, 0x00, 0x74, 0xFF, 0xB5, 0x23,
  0xFF, 0xEE, 0x04, 0x00, 0x46, 0xFF, 0xCF, 0x0E, 0xFA, 0xFF, 0x23, 0x00, 0x00, 0x00, 0x00, 0x1E,
  0xFE, 0xF6, 0x7A, 0xFF, 0xA2, 0x00, 0x00, 0x05, 0xF0, 0xFF, 0x72, 0xFF, 0xCB, 0x00, 0x00, 0x00,
  0x00, 0x00, 0x00, 0xC7, 0xFF, 0xF1, 0xFF, 0x51, 0x00, 0x00, 0x00, 0xA5, 0xFF, 0xF1, 0xFF, 0x73,
  0x00, 0x00, 0x00, 0x00, 0x00, 0x00, 0x70, 0xFF, 0xFF, 0xF6, 0x0A, 0x00, 0x00, 0x00, 0x55, 0xFF,
  0xFF, 0xFE, 0x1E, 0x00, 0x00, 0x00, 0x00, 0x00, 0x00, 0x1B, 0xFC, 0xFF, 0xAD, 0x00, 0x00, 0x00,
  0x00, 0x0C, 0xF5, 0xFF, 0xC3, 0x00, 0x00, 0x00, 0x00, 0x34, 0xFE, 0xFF, 0x79, 0x00, 0x00, 0x00,
  0x44, 0xFD, 0xFF, 0x6B, 0x00, 0x00, 0x9F, 0xFF, 0xF4, 0x1A, 0x00, 0x03, 0xD4, 0xFF, 0xD2, 0x04,
  0x00, 0x00, 0x15, 0xEE, 0xFF, 0xA1, 0x00, 0x6A, 0xFF, 0xFE, 0x3C, 0x00, 0x00, 0x00, 0x00, 0x69,
  0xFF, 0xFE, 0x47, 0xEC, 0xFF, 0xA0, 0x00, 0x00, 0x00, 0x00, 0x00, 0x02, 0xCB, 0xFF, 0xFA, 0xFF,
  0xEF, 0x15, 0x00, 0x00, 0x00, 0x00, 0x00, 0x00, 0x34, 0xFD, 0xFF, 0xFF, 0x69, 0x00, 0x00, 0x00,
  0x00, 0x00, 0x00, 0x00, 0x10, 0xEA, 0xFF, 0xFF, 0x32, 0x00, 0x00, 0x00, 0x00, 0x00, 0x00, 0x00,
  0xAB, 0xFF, 0xF5, 0xFF, 0xD7, 0x0B, 0x00, 0x00, 0x00, 0x00, 0x00, 0x66, 0xFF, 0xF7, 0x31, 0xDC,
  0xFF, 0x9C, 0x00, 0x00, 0x00, 0x00, 0x29, 0xF5, 0xFF, 0x76, 0x00, 0x40, 0xFE, 0xFF, 0x56, 0x00,
  0x00, 0x07, 0xD0, 0xFF, 0xCA, 0x03, 0x00, 0x00, 0x97, 0xFF, 0xF0, 0x20, 0x00, 0x8F, 0xFF, 0xF6,
  0x2C, 0x00, 0x00, 0x00, 0x0D, 0xDD, 0xFF, 0xC5, 0x01, 0x98, 0xFF, 0xE5, 0x02, 0x00, 0x00, 0x00,
  0x65, 0xFF, 0xFD, 0x1A, 0x47, 0xFF, 0xFF, 0x3B, 0x00, 0x00, 0x00, 0xBB, 0xFF, 0xBC, 0x00, 0x04,
  0xEC, 0xFF, 0x8C, 0x00, 0x00, 0x11, 0xFB, 0xFF, 0x5C, 0x00, 0x00, 0x9B, 0xFF, 0xDC, 0x00, 0x00,
  0x5F, 0xFF, 0xF2, 0x0A, 0x00, 0x00, 0x44, 0xFF, 0xFF, 0x2D, 0x00, 0xB1, 0xFF, 0x9C, 0x00, 0x00,
  0x00, 0x03, 0xEA, 0xFF, 0x7D, 0x0B, 0xF7, 0xFF, 0x3C, 0x00, 0x00, 0x00, 0x00, 0x98, 0xFF, 0xCE,
  0x55, 0xFF, 0xDC, 0x00, 0x00, 0x00, 0x00, 0x00, 0x41, 0xFF, 0xFF, 0xC4, 0xFF, 0x7D, 0x00, 0x00,
  0x00, 0x00, 0x00, 0x02, 0xE8, 0xFF, 0xFF, 0xFE, 0x1F, 0x00, 0x00, 0x00, 0x00, 0x00, 0x00, 0x95,
  0xFF, 0xFF, 0xBD, 0x00, 0x00, 0x00, 0x00, 0x00, 0x00, 0x00, 0x3F, 0xFF, 0xFF, 0x5D, 0x00, 0x00,
  0x00, 0x00, 0x00, 0x00, 0x00, 0x11, 0xFD, 0xF2, 0x0A, 0x00, 0x00, 0x00, 0x00, 0x00, 0x00, 0x09,
  0xA4, 0xFF, 0x95, 0x00, 0x00, 0x00, 0x00, 0x00, 0x2E, 0xFF, 0xFF, 0xFF, 0xF2, 0x20, 0x00, 0x00,
  0x00, 0x00, 0x00, 0x41, 0xFF, 0xF9, 0xCC, 0x3F, 0x00, 0x00, 0x00, 0x00, 0x00, 0x00, 0x00, 0xE3,
  0xFF, 0xFF, 0xFF, 0xFF, 0xFF, 0xFF, 0xFF, 0xFC, 0x03, 0x00, 0xE2, 0xFF, 0xFF, 0xFF, 0xFF, 0xFF,
  0xFF, 0xFF, 0xD3, 0x01, 0x00, 0x00, 0x00, 0x00, 0x00, 0x00, 0x6C, 0xFF, 0xF7, 0x2C, 0x00, 0x00,
  0x00, 0x00, 0x00, 0x00, 0x2B, 0xF7, 0xFF, 0x6A, 0x00, 0x00, 0x00, 0x00, 0x00, 0x00, 0x07, 0xD2,
  0xFF, 0xB1, 0x00, 0x00, 0x00, 0x00, 0x00, 0x00, 0x00, 0x91, 0xFF, 0xE5, 0x14, 0x00, 0x00, 0x00,
  0x00, 0x00, 0x00, 0x49, 0xFE, 0xFE, 0x43, 0x00, 0x00, 0x00, 0x00, 0x00, 0x00, 0x16, 0xE8, 0xFF,
  0x88, 0x00, 0x00, 0x00, 0x00, 0x00, 0x00, 0x00, 0xB6, 0xFF, 0xCB, 0x05, 0x00, 0x00, 0x00, 0x00,
  0x00, 0x00, 0x6E, 0xFF, 0xF3, 0x24, 0x00, 0x00, 0x00, 0x00, 0x00, 0x00, 0x1A, 0xF7, 0xFF, 0xFF,
  0xFF, 0xFF, 0xFF, 0xFF, 0xFF, 0xFA, 0x09, 0x2C, 0xFF, 0xFF, 0xFF, 0xFF, 0xFF, 0xFF, 0xFF, 0xFF,
  0xFD, 0x09, 0x00, 0x00, 0x00, 0x6A, 0xE4, 0xFF, 0x78, 0x00, 0x00, 0x3C, 0xFF, 0xFF, 0xFF, 0x78,
  0x00, 0x00, 0x89, 0xFF, 0xD2, 0x04, 0x00, 0x00, 0x00, 0x9F, 0xFF, 0x9A, 0x00, 0x00, 0x00, 0x00,
  0xA0, 0xFF, 0x94, 0x00, 0x00, 0x00, 0x00, 0xA0, 0xFF, 0x94, 0x00, 0x00, 0x00, 0x00, 0xA0, 0xFF,
  0x94, 0x00, 0x00, 0x00, 0x00, 0xAA, 0xFF, 0x8F, 0x00, 0x00, 0x00, 0x01, 0xDB, 0xFF, 0x6E, 0x00,
  0x00, 0x06, 0x89, 0xFF, 0xEE, 0x16, 0x00, 0x00, 0x2F, 0xFF, 0xFF, 0x64, 0x00, 0x00, 0x00, 0x05,
  0x86, 0xFF, 0xEC, 0x15, 0x00, 0x00, 0x00, 0x00, 0xD8, 0xFF, 0x6D, 0x00, 0x00, 0x00, 0x00, 0xAA,
  0xFF, 0x8F, 0x00, 0x00, 0x00, 0x00, 0xA0, 0xFF, 0x94, 0x00, 0x00, 0x00, 0x00, 0xA0, 0xFF, 0x94,
  0x00, 0x00, 0x00, 0x00, 0xA0, 0xFF, 0x94, 0x00, 0x00, 0x00, 0x00, 0x9F, 0xFF, 0x99, 0x00, 0x00,
  0x00, 0x00, 0x89, 0xFF, 0xD1, 0x04, 0x00, 0x00, 0x00, 0x3B, 0xFF, 0xFF, 0xFF, 0x78, 0x00, 0x00,
  0x00, 0x6A, 0xE4, 0xFF, 0x78, 0x00, 0x6A, 0xFF, 0xFE, 0x14, 0x00, 0x70, 0xFF, 0xFF, 0x18, 0x00,
  0x70, 0xFF, 0xFF, 0x18, 0x00, 0x70, 0xFF, 0xFF, 0x18, 0x00, 0x70, 0xFF, 0xFF, 0x18, 0x00, 0x70,
  0xFF, 0xFF, 0x18, 0x00, 0x70, 0xFF, 0xFF, 0x18, 0x00, 0x70, 0xFF, 0xFF, 0x18, 0x00, 0x70, 0xFF,
  0xFF, 0x18, 0x00, 0x70, 0xFF, 0xFF, 0x18, 0x00, 0x70, 0xFF, 0xFF, 0x18, 0x00, 0x70, 0xFF, 0xFF,
  0x18, 0x00, 0x70, 0xFF, 0xFF, 0x18, 0x00, 0x70, 0xFF, 0xFF, 0x18, 0x00, 0x70, 0xFF, 0xFF, 0x18,
  0x00, 0x70, 0xFF, 0xFF, 0x18, 0x00, 0x70, 0xFF, 0xFF, 0x18, 0x00, 0x70, 0xFF, 0xFF, 0x18, 0x00,
  0x70, 0xFF, 0xFF, 0x18, 0x00, 0x70, 0xFF, 0xFF, 0x18, 0x00, 0x6A, 0xFF, 0xFE, 0x14, 0xD4, 0xFB,
  0xC4, 0x2B, 0x00, 0x00, 0x00, 0xD4, 0xFF, 0xFF, 0xD7, 0x00, 0x00, 0x00, 0x00, 0x36, 0xFF, 0xFF,
  0x29, 0x00, 0x00, 0x00, 0x00, 0xF9, 0xFF, 0x3F, 0x00, 0x00, 0x00, 0x00, 0xF4, 0xFF, 0x40, 0x00,
  0x00, 0x00, 0x00, 0xF4, 0xFF, 0x40, 0x00, 0x00, 0x00, 0x00, 0xF4, 0xFF, 0x40, 0x00, 0x00, 0x00,
  0x00, 0xEF, 0xFF, 0x4A, 0x00, 0x00, 0x00, 0x00, 0xCE, 0xFF, 0x7B, 0x00, 0x00, 0x00, 0x00, 0x63,
  0xFF, 0xEE, 0x44, 0x00, 0x00, 0x00, 0x00, 0xC3, 0xFF, 0xD3, 0x00, 0x00, 0x00, 0x61, 0xFF, 0xED,
  0x3F, 0x00, 0x00, 0x00, 0xCB, 0xFF, 0x7C, 0x00, 0x00, 0x00, 0x00, 0xEC, 0xFF, 0x4D, 0x00, 0x00,
  0x00, 0x00, 0xF0, 0xFF, 0x44, 0x00, 0x00, 0x00, 0x00, 0xF0, 0xFF, 0x44, 0x00, 0x00, 0x00, 0x00,
  0xF0, 0xFF, 0x44, 0x00, 0x00, 0x00, 0x00, 0xF5, 0xFF, 0x43, 0x00, 0x00, 0x00, 0x31, 0xFF, 0xFF,
  0x2D, 0x00, 0x00, 0xD4, 0xFF, 0xFF, 0xD9, 0x01, 0x00, 0x00, 0xD4, 0xFC, 0xC7, 0x2D, 0x00, 0x00,
  0x00, 0x00, 0x00, 0x1C, 0xAF, 0xF4, 0xE2, 0x88, 0x15, 0x00, 0x00, 0x00, 0x03, 0x00, 0x00, 0x00,
  0x10, 0xDC, 0xFF, 0xFF, 0xFF, 0xFF, 0xF2, 0x76, 0x10, 0x47, 0xDE, 0x76, 0x00, 0x00, 0x11, 0xD3,
  0x9D, 0x1B, 0x2A, 0xA5, 0xFF, 0xFF, 0xFF, 0xFF, 0xFF, 0x7C, 0x00, 0x00, 0x00, 0x09, 0x00, 0x00,
  0x00, 0x00, 0x36, 0xB8, 0xF7, 0xD9, 0x6C, 0x00, 0x00, 0x00, 0x00, 0x00, 0x00, 0x00, 0x00, 0x00,
  0x00, 0x00, 0x00, 0x00, 0x00, 0x00, 0x00, 0x00, 0x00, 0x00, 0x00, 0x00, 0x00, 0x00, 0x00, 0x00,
  0x00, 0x00, 0x00, 0x00, 0x00, 0x00, 0x00, 0x00, 0x00, 0x00, 0x00, 0x00, 0x00, 0x00, 0x00, 0x00,
  0x00, 0x00, 0x00, 0x00, 0x00, 0x00, 0x00, 0x00, 0x00, 0x00, 0x00, 0x00, 0x00, 0x00, 0x00, 0x00,
  0x00, 0x00, 0x00, 0x00, 0x00, 0x00, 0x00, 0x00, 0x00, 0x00, 0x00, 0x00, 0x00, 0x00, 0x00, 0x00,
  0x00, 0x00, 0x00, 0x00, 0x00, 0x00, 0x00, 0x00, 0x00, 0x00, 0x00, 0x00, 0x00, 0x00, 0x62, 0xFF,
  0xFE, 0x1B, 0x00, 0x00, 0x00, 0x00, 0x9C, 0xFF, 0xDB, 0x00, 0x00, 0x00, 0x00, 0x00, 0x00, 0x00,
  0x00, 0x00, 0x00, 0x68, 0xFF, 0xFF, 0x20, 0x00, 0x00, 0x00, 0x00, 0xA4, 0xFF, 0xE4, 0x00, 0x00,
  0x00, 0x00, 0x00, 0x00, 0x00, 0x00, 0x00, 0x00, 0x68, 0xFF, 0xFF, 0x20, 0x00, 0x00, 0x00, 0x00,
  0xA4, 0xFF, 0xE4, 0x00, 0x00, 0x00, 0x00, 0x00, 0x00, 0x00, 0x00, 0x00, 0x00, 0x68, 0xFF, 0xFF,
  0x20, 0x00, 0x00, 0x00, 0x00, 0xA4, 0xFF, 0xE4, 0x00, 0x00, 0x00, 0x00, 0x00, 0x00, 0x00, 0x00,
  0x00, 0x00, 0x68, 0xFF, 0xFF, 0x20, 0x00, 0x00, 0x00, 0x00, 0xA4, 0xFF, 0xE4, 0x00, 0x00, 0x00,
  0x00, 0x00, 0x00, 0x00, 0x00, 0x00, 0x00, 0x68, 0xFF, 0xFF, 0x20, 0x00, 0x00, 0x00, 0x00, 0xA4,
  0xFF, 0xE4, 0x00, 0x00, 0x00, 0x00, 0x00, 0x00, 0x00, 0x00, 0x00, 0x00, 0x68, 0xFF, 0xFF, 0x20,
  0x00, 0x00, 0x00, 0x00, 0xA4, 0xFF, 0xE4, 0x00, 0x00, 0x00, 0x00, 0x00, 0x00, 0x00, 0x00, 0x00,
  0x00, 0x68, 0xFF, 0xFF, 0x20, 0x00, 0x00, 0x00, 0x00, 0xA4, 0xFF, 0xE4, 0x00, 0x00, 0x00, 0x00,
  0x00, 0x00, 0x00, 0x00, 0x00, 0x00, 0x68, 0xFF, 0xFF, 0x20, 0x00, 0x00, 0x00, 0x00, 0xA4, 0xFF,
  0xE4, 0x00, 0x00, 0x00, 0x00, 0x00, 0x00, 0x00, 0x00, 0x00, 0x00, 0x68, 0xFF, 0xFF, 0x20, 0x00,
  0x00, 0x00, 0x00, 0xA4, 0xFF, 0xE4, 0x00, 0x00, 0x00, 0x00, 0x00, 0x00, 0x00, 0x00, 0x00, 0x00,
  0x68, 0xFF, 0xFF, 0x20, 0x00, 0x00, 0x00, 0x00, 0xA4, 0xFF, 0xE8, 0x03, 0x06, 0x0F, 0x1E, 0x35,
  0x59, 0x84, 0xC2, 0xE3, 0x02, 0x68, 0xFF, 0xFF, 0x20, 0x00, 0x00, 0x00, 0x00, 0x9D, 0xFF, 0xFF,
  0xFF, 0xFF, 0xFF, 0xFF, 0xFF, 0xFF, 0xFF, 0xFF, 0xFD, 0x1D, 0x68, 0xFF, 0xFF, 0x20, 0x00, 0x00,
  0x00, 0x00, 0x3E, 0xE6, 0xFE, 0xFB, 0xF7, 0xEC, 0xE0, 0xCC, 0xAF, 0x8E, 0x5B, 0x18, 0x00, 0x68,
  0xFF, 0xFF, 0x20, 0x00, 0x00, 0x00, 0x00, 0x00, 0x00, 0x00, 0x00, 0x00, 0x00, 0x00, 0x00, 0x00,
  0x00, 0x00, 0x00, 0x00, 0x68, 0xFF, 0xFF, 0x20, 0x00, 0x00, 0x00, 0x00, 0x00, 0x00, 0x00, 0x00,
  0x00, 0x00, 0x00, 0x00, 0x00, 0x00, 0x00, 0x00, 0x00, 0x68, 0xFF, 0xFF, 0x20, 0x00, 0x00, 0x00,
  0x00, 0x00, 0x00, 0x00, 0x00, 0x00, 0x00, 0x00, 0x00, 0x00, 0x00, 0x00, 0x00, 0x00, 0x68, 0xFF,
  0xFF, 0x20, 0x00, 0x00, 0x00, 0x00, 0x00, 0x00, 0x00, 0x00, 0x00, 0x00, 0x00, 0x00, 0x00, 0x00,
  0x00, 0x00, 0x00, 0x68, 0xFF, 0xFF, 0x20, 0x00, 0x00, 0x00, 0x00, 0x00, 0x00, 0x00, 0x00, 0x00,
  0x00, 0x00, 0x00, 0x00, 0x00, 0x00, 0x00, 0x00, 0x68, 0xFF, 0xFF, 0x20, 0x00, 0x00, 0x00, 0x00,
  0x00, 0x00, 0x00, 0x00, 0x00, 0x00, 0x00, 0x00, 0x00, 0x00, 0x00, 0x00, 0x00, 0x62, 0xFF, 0xFE,
  0x1B, 0x00, 0x00, 0x00, 0x00, 0x00, 0x00, 0x00, 0x00, 0x00, 0x00, 0x00, 0x00, 0x00, 0x00, 0x00,
  0x00, 0x4E, 0xFF, 0xFF, 0x2F, 0x00, 0x00, 0x00, 0x00, 0x00, 0x00, 0x00, 0x00, 0x00, 0x00, 0x00,
  0x00, 0x00, 0x00, 0x00, 0x00, 0x00, 0x54, 0xFF, 0xFF, 0x34, 0x00, 0x00, 0x00, 0x00, 0x06, 0xD1,
  0xFE, 0xFF, 0xFF, 0xFF, 0xFF, 0xFF, 0xFF, 0xFF, 0x9E, 0x00, 0x00, 0x54, 0xFF, 0xFF, 0x34, 0x00,
  0x00, 0x00, 0x00, 0x1F, 0xFF, 0xFF, 0xFF, 0xFF, 0xFF, 0xFF, 0xFF, 0xFF, 0xFF, 0x9E, 0x00, 0x00,
  0x54, 0xFF, 0xFF, 0x34, 0x00, 0x00, 0x00, 0x00, 0x20, 0xFF, 0xFF, 0x70, 0x00, 0x00, 0x00, 0x00,
  0x00, 0x00, 0x00, 0x00, 0x00, 0x54, 0xFF, 0xFF, 0x34, 0x00, 0x00, 0x00, 0x00, 0x20, 0xFF, 0xFF,
  0x68, 0x00, 0x00, 0x00, 0x00, 0x00, 0x00, 0x00, 0x00, 0x00, 0x54, 0xFF, 0xFF, 0x34, 0x00, 0x00,
  0x00, 0x00, 0x20, 0xFF, 0xFF, 0x68, 0x00, 0x00, 0x00, 0x00, 0x00, 0x00, 0x00, 0x00, 0x00, 0x54,
  0xFF, 0xFF, 0x34, 0x00, 0x00, 0x00, 0x00, 0x20, 0xFF, 0xFF, 0x68, 0x00, 0x00, 0x00, 0x00, 0x00,
  0x00, 0x00, 0x00, 0x00, 0x54, 0xFF, 0xFF, 0x34, 0x00, 0x00, 0x00, 0x00, 0x20, 0xFF, 0xFF, 0x68,
  0x00, 0x00, 0x00, 0x00, 0x00, 0x00, 0x00, 0x00, 0x00, 0x54, 0xFF, 0xFF, 0xFF, 0xFF, 0xFF, 0x79,
  0x00, 0x20, 0xFF, 0xFF, 0x68, 0x00, 0x00, 0x00, 0x00, 0x00, 0x00, 0x00, 0x00, 0x00, 0x54, 0xFF,
  0xFF, 0xFF, 0xFF, 0xFF, 0x79, 0x00, 0x20, 0xFF, 0xFF, 0x68, 0x00, 0x00, 0x00, 0x00, 0x00, 0x00,
  0x00, 0x00, 0x00, 0x54, 0xFF, 0xFF, 0x34, 0x00, 0x00, 0x00, 0x00, 0x20, 0xFF, 0xFF, 0x78, 0x00,
  0x00, 0x04, 0x15, 0x3A, 0x65, 0x9F, 0xE2, 0x5B, 0x54, 0xFF, 0xFF, 0x34, 0x00, 0x00, 0x00, 0x00,
  0x1E, 0xFF, 0xFF, 0xFF, 0xFA, 0xF7, 0xFF, 0xFF, 0xFF, 0xFF, 0xFF, 0xFF, 0x84, 0x54, 0xFF, 0xFF,
  0x34, 0x00, 0x00, 0x00, 0x00, 0x04, 0xBE, 0xFC, 0xFF, 0xFF, 0xFD, 0xEF, 0xDB, 0xBD, 0x9D, 0x74,
  0x3A, 0x03, 0x54, 0xFF, 0xFF, 0x34, 0x00, 0x00, 0x00, 0x00, 0x00, 0x00, 0x02, 0x0B, 0x0B, 0x01,
  0x00, 0x00, 0x00, 0x00, 0x00, 0x00, 0x00, 0x54, 0xFF, 0xFF, 0x34, 0x00, 0x00, 0x00, 0x00, 0x00,
  0x00, 0x00, 0x00, 0x00, 0x00, 0x00, 0x00, 0x00, 0x00, 0x00, 0x00, 0x00, 0x54, 0xFF, 0xFF, 0x34,
  0x00, 0x00, 0x00, 0x00, 0x00, 0x00, 0x00, 0x00, 0x00, 0x00, 0x00, 0x00, 0x00, 0x00, 0x00, 0x00,
  0x00, 0x54, 0xFF, 0xFF, 0x34, 0x00, 0x00, 0x00, 0x00, 0x00, 0x00, 0x00, 0x00, 0x00, 0x00, 0x00,
  0x00, 0x00, 0x00, 0x00, 0x00, 0x00, 0x54, 0xFF, 0xFF, 0x34, 0x00, 0x00, 0x00, 0x00, 0x00, 0x00,
  0x00, 0x00, 0x00, 0x00, 0x00, 0x00, 0x00, 0x00, 0x00, 0x00, 0x00, 0x54, 0xFF, 0xFF, 0x34, 0x00,
  0x00, 0x00, 0x00, 0x00, 0x00, 0x00, 0x00, 0x00, 0x00, 0x00, 0x00, 0x00, 0x00, 0x00, 0x00, 0x00,
  0x4E, 0xFF, 0xFF, 0x2F, 0x00, 0x00, 0x00, 0x00, 0x00, 0x00, 0x00, 0x00, 0x00, 0x00, 0x00, 0x00,
  0x00, 0x00, 0x00, 0x00, 0x00, 0x4E, 0xFF, 0xFF, 0x2F, 0x00, 0x00, 0x00, 0x00, 0x00, 0x99, 0xFA,
  0xFF, 0xFF, 0xFF, 0xFF, 0xFF, 0xFF, 0xFF, 0xBA, 0x00, 0x00, 0x54, 0xFF, 0xFF, 0x34, 0x00, 0x00,
  0x00, 0x00, 0x00, 0xE2, 0xFF, 0xFF, 0xFF, 0xFF, 0xFF, 0xFF, 0xFF, 0xFF, 0xBA, 0x00, 0x00, 0x54,
  0xFF, 0xFF, 0x34, 0x00, 0x00, 0x00, 0x00, 0x00, 0xE4, 0xFF, 0xAC, 0x00, 0x00, 0x00, 0x00, 0x00,
  0x00, 0x00, 0x00, 0x00, 0x54, 0xFF, 0xFF, 0x34, 0x00, 0x00, 0x00, 0x00, 0x00, 0xE4, 0xFF, 0xA4,
  0x00, 0x00, 0x00, 0x00, 0x00, 0x00, 0x00, 0x00, 0x00, 0x54, 0xFF, 0xFF, 0xFF, 0xFF, 0xFF, 0x79,
  0x00, 0x00, 0xE4, 0xFF, 0xA4, 0x00, 0x00, 0x00, 0x00, 0x00, 0x00, 0x00, 0x00, 0x00, 0x54, 0xFF,
  0xFF, 0xFF, 0xFF, 0xFF, 0x79, 0x00, 0x00, 0xE4, 0xFF, 0xA4, 0x00, 0x00, 0x00, 0x00, 0x00, 0x00,
  0x00, 0x00, 0x00, 0x54, 0xFF, 0xFF, 0x34, 0x00, 0x00, 0x00, 0x00, 0x00, 0xE4, 0xFF, 0xB3, 0x01,
  0x00, 0x00, 0x0A, 0x27, 0x50, 0x8E, 0xDF, 0x59, 0x54, 0xFF, 0xFF, 0x34, 0x00, 0x00, 0x00, 0x00,
  0x00, 0xE0, 0xFF, 0xFF, 0xFE, 0xF9, 0xFD, 0xFF, 0xFF, 0xFF, 0xFF, 0xFF, 0x7B, 0x54, 0xFF, 0xFF,
  0x34, 0x00, 0x00, 0x00, 0x00, 0x00, 0x7B, 0xF4, 0xFF, 0xFF, 0xFF, 0xF7, 0xE9, 0xCB, 0xA7, 0x7A,
  0x39, 0x01, 0x54, 0xFF, 0xFF, 0x34, 0x00, 0x00, 0x00, 0x00, 0x00, 0x00, 0x00, 0x03, 0x06, 0x03,
  0x00, 0x00, 0x00, 0x00, 0x00, 0x00, 0x00, 0x4D, 0xFF, 0xFF, 0x2C, 0x00, 0x00, 0x00, 0x00, 0x00,
  0x00, 0x00, 0x00, 0x00, 0x00, 0x00, 0x00, 0x00, 0x00, 0x00, 0x00, 0x00, 0x00, 0x00, 0x00, 0x00,
  0x00, 0x00, 0x00, 0x00, 0x00, 0x00, 0x00, 0xAC, 0xFF, 0xFF, 0xFF, 0xFF, 0xFF, 0xFF, 0xFF, 0xFF,
  0xFF, 0xFF, 0xFE, 0xDB, 0x0F, 0x00, 0x00, 0x00, 0x00, 0x00, 0x00, 0x00, 0xAD, 0xFF, 0xFF, 0xFF,
  0xFF, 0xFF, 0xFF, 0xFF, 0xFF, 0xFF, 0xFF, 0xFF, 0xFF, 0x32, 0x00, 0x00, 0x00, 0x00, 0x00, 0x00,
  0x00, 0x00, 0x00, 0x00, 0x00, 0x00, 0x00, 0x00, 0x00, 0x00, 0x00, 0x4A, 0xFF, 0xFF, 0x34, 0x00,
  0x00, 0x00, 0x00, 0x00, 0x00, 0x00, 0x6B, 0xF7, 0xFF, 0xFF, 0xFF, 0xFF, 0xFF, 0xFF, 0xFF, 0xFF,
  0xFF, 0xFF, 0xFF, 0x32, 0x00, 0x00, 0x00, 0x00, 0x00, 0x00, 0x00, 0xAB, 0xFF, 0xFF, 0xFF, 0xFF,
  0xFF, 0xFF, 0xFF, 0xFF, 0xFF, 0xFF, 0xFF, 0xDF, 0x11, 0x00, 0x00, 0x00, 0x00, 0x00, 0x00, 0x00,
  0xAC, 0xFF, 0xD4, 0x00, 0x00, 0x00, 0x00, 0x00, 0x00, 0x00, 0x00, 0x00, 0x00, 0x00, 0x00, 0x00,
  0x00, 0x00, 0x00, 0x00, 0x00, 0xAA, 0xFF, 0xFF, 0xFF, 0xFF, 0xFF, 0xFF, 0xFF, 0xFF, 0xFF, 0xFF,
  0xFF, 0xFF, 0xBF, 0x00, 0x00, 0x00, 0x00, 0x00, 0x00, 0x00, 0x66, 0xF6, 0xFF, 0xFF, 0xFF, 0xFF,
  0xFF, 0xFF, 0xFF, 0xFF, 0xFF, 0xFF, 0xFF, 0xC0, 0x00, 0x00, 0x00, 0x00, 0x00, 0x00, 0x00, 0x00,
  0x00, 0x00, 0x00, 0x00, 0x00, 0x00, 0x00, 0xD6, 0xFF, 0x86, 0x00, 0x62, 0xFF, 0xFD, 0x10, 0x00,
  0x00, 0x00, 0x00, 0x00, 0x00, 0x00, 0x00, 0x00, 0x00, 0x00, 0x00, 0x00, 0xDC, 0xFF, 0x8C, 0x00,
  0x68, 0xFF, 0xFF, 0x14, 0x00, 0x00, 0x53, 0xF3, 0xFF, 0xFF, 0xFF, 0xFF, 0xFF, 0xFF, 0x92, 0x00,
  0x00, 0xDC, 0xFF, 0x8C, 0x00, 0x68, 0xFF, 0xFF, 0x14, 0x00, 0x00, 0x8F, 0xFF, 0xFF, 0xFF, 0xFF,
  0xFF, 0xFF, 0xFF, 0x92, 0x00, 0x00, 0xDC, 0xFF, 0x8C, 0x00, 0x68, 0xFF, 0xFF, 0x14, 0x00, 0x00,
  0x90, 0xFF, 0xF7, 0x05, 0x00, 0x00, 0x00, 0x00, 0x00, 0x00, 0x00, 0xDC, 0xFF, 0x8C, 0x00, 0x68,
  0xFF, 0xFF, 0x14, 0x00, 0x00, 0x90, 0xFF, 0xF4, 0x00, 0x00, 0x00, 0x00, 0x00, 0x00, 0x00, 0x00,
  0xDC, 0xFF, 0x8C, 0x00, 0x68, 0xFF, 0xFF, 0x14, 0x00, 0x00, 0x90, 0xFF, 0xF4, 0x00, 0x00, 0x00,
  0x00, 0x00, 0x00, 0x00, 0x00, 0xDC, 0xFF, 0x8C, 0x00, 0x68, 0xFF, 0xFF, 0x14, 0x00, 0x00, 0x90,
  0xFF, 0xF4, 0x00, 0x00, 0x00, 0x00, 0x00, 0x00, 0x00, 0x00, 0xDC, 0xFF, 0x8C, 0x00, 0x68, 0xFF,
  0xFF, 0x14, 0x00, 0x00, 0x90, 0xFF, 0xF4, 0x00, 0x00, 0x00, 0x00, 0x00, 0x00, 0x00, 0x00, 0xDC,
  0xFF, 0xFF, 0xFF, 0xFF, 0xFF, 0xFF, 0x14, 0x00, 0x00, 0x90, 0xFF, 0xF4, 0x00, 0x00, 0x00, 0x00,
  0x00, 0x00, 0x00, 0x00, 0xDC, 0xFF, 0xFF, 0xFF, 0xFF, 0xFF, 0xFF, 0x14, 0x00, 0x00, 0x90, 0xFF,
  0xF4, 0x00, 0x00, 0x00, 0x00, 0x00, 0x00, 0x00, 0x00, 0xDC, 0xFF, 0x8C, 0x00, 0x68, 0xFF, 0xFF,
  0x14, 0x00, 0x00, 0x90, 0xFF, 0xF9, 0x0C, 0x00, 0x04, 0x1A, 0x4C, 0x95, 0xEC, 0x0F, 0xDC, 0xFF,
  0x8C, 0x00, 0x68, 0xFF, 0xFF, 0x14, 0x00, 0x00, 0x8D, 0xFF, 0xFF, 0xFE, 0xF8, 0xFF, 0xFF, 0xFF,
  0xFF, 0xFF, 0x31, 0xDC, 0xFF, 0x8C, 0x00, 0x68, 0xFF, 0xFF, 0x14, 0x00, 0x00, 0x41, 0xE5, 0xFF,
  0xFF, 0xFE, 0xF1, 0xD8, 0xB1, 0x7D, 0x2B, 0x00, 0xDC, 0xFF, 0x8C, 0x00, 0x68, 0xFF, 0xFF, 0x14,
  0x00, 0x00, 0x00, 0x00, 0x02, 0x06, 0x01, 0x00, 0x00, 0x00, 0x00, 0x00, 0x00, 0xDC, 0xFF, 0x8C,
  0x00, 0x68, 0xFF, 0xFF, 0x14, 0x00, 0x00, 0x00, 0x00, 0x00, 0x00, 0x00, 0x00, 0x00, 0x00, 0x00,
  0x00, 0x00, 0xDC, 0xFF, 0x8C, 0x00, 0x68, 0xFF, 0xFF, 0x14, 0x00, 0x00, 0x00, 0x00, 0x00, 0x00,
  0x00, 0x00, 0x00, 0x00, 0x00, 0x00, 0x00, 0xDC, 0xFF, 0x8C, 0x00, 0x68, 0xFF, 0xFF, 0x14, 0x00,
  0x00, 0x00, 0x00, 0x00, 0x00, 0x00, 0x00, 0x00, 0x00, 0x00, 0x00, 0x00, 0xDC, 0xFF, 0x8C, 0x00,
  0x68, 0xFF, 0xFF, 0x14, 0x00, 0x00, 0x00, 0x00, 0x00, 0x00, 0x00, 0x00, 0x00, 0x00, 0x00, 0x00,
  0x00, 0xD6, 0xFF, 0x86, 0x00, 0x68, 0xFF, 0xFF, 0x14, 0x00, 0x00, 0x00, 0x00, 0x00, 0x00, 0x00,
  0x00, 0x00, 0x00, 0x00, 0x00, 0x00, 0x00, 0x00, 0x00, 0x00, 0x63, 0xFF, 0xFE, 0x10, 0x00, 0x00,
  0x00, 0x00, 0x25, 0xE1, 0xFF, 0xFF, 0xFF, 0xFF, 0xFF, 0xFF, 0xFF, 0xFF, 0xFF, 0xFF, 0xFF, 0xFD,
  0x10, 0x00, 0x00, 0x00, 0x00, 0x00, 0x00, 0x60, 0xFF, 0xFF, 0xFF, 0xFF, 0xFF, 0xFF, 0xFF, 0xFF,
  0xFF, 0xFF, 0xFF, 0xFF, 0xFD, 0x10, 0x00, 0x00, 0x00, 0x00, 0x00, 0x00, 0x64, 0xFF, 0xFF, 0x33,
  0x00, 0x00, 0x00, 0x00, 0x00, 0x00, 0x00, 0x00, 0x00, 0x00, 0x00, 0x00, 0x00, 0x00, 0x00, 0x00,
  0x00, 0x64, 0xFF, 0xFF, 0x28, 0x00, 0x00, 0x00, 0x00, 0x00, 0x00, 0x00, 0x00, 0x00, 0x00, 0x00,
  0x00, 0x00, 0x00, 0x00, 0x00, 0x00, 0x64, 0xFF, 0xFF, 0x32, 0x00, 0x00, 0x00, 0x00, 0x00, 0x00,
  0x00, 0x00, 0x00, 0x00, 0x00, 0x00, 0x00, 0x00, 0x00, 0x00, 0x00, 0x5E, 0xFF, 0xFF, 0xFF, 0xFF,
  0xFF, 0xFF, 0xFF, 0xFF, 0xFF, 0xFF, 0xFF, 0xFF, 0xFF, 0x33, 0x00, 0x00, 0x00, 0x00, 0x00, 0x00,
  0x1D, 0xDC, 0xFF, 0xFF, 0xFF, 0xFF, 0xFF, 0xFF, 0xFF, 0xFF, 0xFF, 0xFF, 0xFF, 0xFF, 0x32, 0x00,
  0x00, 0x00, 0x00, 0x00, 0x00, 0x00, 0x00, 0x00, 0x00, 0x00, 0x00, 0x00, 0x00, 0x00, 0x00, 0x00,
  0x00, 0x00, 0x00, 0x00, 0x00, 0x00, 0x00, 0x8D, 0xFF, 0xFF, 0xFF, 0xFF, 0xFF, 0xFF, 0xFF, 0xFF,
  0xFF, 0xFF, 0xFF, 0xFF, 0xFF, 0xFF, 0xFF, 0xFF, 0xFF, 0xFF, 0xFF, 0x2F, 0x8E, 0xFF, 0xFF, 0xFF,
  0xFF, 0xFF, 0xFF, 0xFF, 0xFF, 0xFF, 0xFF, 0xFF, 0xFF, 0xFF, 0xFF, 0xFF, 0xFF, 0xFF, 0xFF, 0xFF,
  0x30, 0x00, 0x00, 0x00, 0x00, 0x00, 0x48, 0xFF, 0xFF, 0x34, 0x00, 0x00, 0x00, 0x98, 0xFF, 0xE4,
  0x00, 0x00, 0x00, 0x00, 0x00, 0x00, 0x00, 0x00, 0x00, 0x00, 0x00, 0x48, 0xFF, 0xFF, 0x34, 0x00,
  0x00, 0x00, 0x98, 0xFF, 0xE4, 0x00, 0x00, 0x00, 0x00, 0x00, 0x00, 0x00, 0x00, 0x00, 0x80, 0xFF,
  0xFF, 0xFF, 0xFF, 0xFF, 0xFF, 0xFF, 0xFF, 0xFF, 0xFF, 0xFF, 0xFE, 0xDD, 0x0E, 0x00, 0x00, 0x00,
  0x00, 0x00, 0x00, 0x81, 0xFF, 0xFF, 0xFF, 0xFF, 0xFF, 0xFF, 0xFF, 0xFF, 0xFF, 0xFF, 0xFF, 0xFF,
  0xFF, 0x2E, 0x00, 0x00, 0x00, 0x00, 0x00, 0x00, 0x00, 0x00, 0x00, 0x00, 0x00, 0x00, 0x00, 0x00,
  0x00, 0x00, 0x00, 0x4D, 0xFF, 0xFF, 0x30, 0x00, 0x00, 0x00, 0x00, 0x00, 0x00, 0x3C, 0xEE, 0xFF,
  0xFF, 0xFF, 0xFF, 0xFF, 0xFF, 0xFF, 0xFF, 0xFF, 0xFF, 0xFF, 0xFF, 0x2E, 0x00, 0x00, 0x00, 0x00,
  0x00, 0x00, 0x72, 0xFF, 0xFF, 0xFF, 0xFF, 0xFF, 0xFF, 0xFF, 0xFF, 0xFF, 0xFF, 0xFF, 0xFF, 0xDF,
  0x0F, 0x00, 0x00, 0x00, 0x00, 0x00, 0x00, 0x74, 0xFF, 0xFF, 0x0B, 0x00, 0x00, 0x00, 0x00, 0x00,
  0x00, 0x00, 0x00, 0x00, 0x00, 0x00, 0x00, 0x00, 0x00, 0x00, 0x00, 0x00, 0x72, 0xFF, 0xFF, 0xFF,
  0xFF, 0xFF, 0xFF, 0xFF, 0xFF, 0xFF, 0xFF, 0xFF, 0xFF, 0xFF, 0xAC, 0x00, 0x00, 0x00, 0x00, 0x00,
  0x00, 0x3C, 0xEE, 0xFF, 0xFF, 0xFF, 0xFF, 0xFF, 0xFF, 0xFF, 0xFF, 0xFF, 0xFF, 0xFF, 0xFF, 0xAC,
  0x00, 0x00, 0x00, 0x00, 0x00, 0x00, 0x62, 0xF3, 0xFF, 0xFF, 0xFF, 0xFF, 0xFF, 0xFF, 0xFF, 0xFF,
  0xFF, 0xFF, 0xFF, 0xFF, 0x3E, 0x00, 0x00, 0x00, 0x00, 0x00, 0x00, 0xAF, 0xFF, 0xFF, 0xFF, 0xFF,
  0xFF, 0xFF, 0xFF, 0xFF, 0xFF, 0xFF, 0xFF, 0xFF, 0xFF, 0x3F, 0x00, 0x00, 0x00, 0x00, 0x00, 0x00,
  0xB4, 0xFF, 0xDC, 0x02, 0x00, 0x00, 0x00, 0x00, 0x00, 0x00, 0x00, 0x00, 0x00, 0x00, 0x00, 0x00,
  0x00, 0x00, 0x00, 0x00, 0x00, 0xB4, 0xFF, 0xD4, 0x00, 0x00, 0x00, 0x00, 0x00, 0x00, 0x00, 0x00,
  0x00, 0x00, 0x00, 0x00, 0x00, 0x00, 0x00, 0x00, 0x00, 0x00, 0xB4, 0xFF, 0xD4, 0x00, 0x00, 0x00,
  0x00, 0x00, 0x00, 0x00, 0x00, 0x00, 0x00, 0x00, 0x00, 0x00, 0x00, 0x00, 0x00, 0x00, 0x00, 0xB4,
  0xFF, 0xD4, 0x00, 0x00, 0x00, 0x00, 0x00, 0x00, 0x00, 0x00, 0x00, 0x00, 0x00, 0x00, 0x00, 0x00,
  0x00, 0x00, 0x00, 0x00, 0xB4, 0xFF, 0xD4, 0x00, 0x00, 0x00, 0x00, 0x00, 0x00, 0x00, 0x00, 0x00,
  0x00, 0x00, 0x00, 0x00, 0x00, 0x00, 0x00, 0x00, 0x00, 0xB4, 0xFF, 0xDB, 0x02, 0x00, 0x00, 0x00,
  0x00, 0x00, 0x00, 0x00, 0x00, 0x00, 0x00, 0x00, 0x00, 0x00, 0x00, 0x00, 0x00, 0x00, 0xAA, 0xFF,
  0xFF, 0xFF, 0xFF, 0xFF, 0xFF, 0xFF, 0xFF, 0xFF, 0xFF, 0xFF, 0xFF, 0xFF, 0x66, 0x00, 0x00, 0x00,
  0x00, 0x00, 0x00, 0x46, 0xEA, 0xFF, 0xFF, 0xFF, 0xFF, 0xFF, 0xFF, 0xFF, 0xFF, 0xFF, 0xFF, 0xFF,
  0xFF, 0x66, 0x00, 0x00, 0x00, 0x00, 0x00, 0x00, 0x00, 0x00, 0x00, 0x00, 0x00, 0x00, 0x00, 0x00,
  0x00, 0x00, 0x00, 0x00, 0x00, 0x00, 0x00, 0x00, 0x00, 0x00, 0x00, 0x00, 0x00, 0x00, 0x00, 0x00,
  0x00, 0x00, 0x00, 0x00, 0x00, 0x00, 0x00, 0x00, 0x00, 0x00, 0x00, 0x00, 0x00, 0x00, 0x00, 0x00,
  0x00, 0x00, 0x00, 0x00, 0x00, 0x00, 0x00, 0x00, 0x00, 0x00, 0x00, 0x00, 0x00, 0x00, 0x00, 0x00,
  0x00, 0x00, 0x00, 0x00, 0x00, 0x00, 0x00, 0x00, 0x00, 0x00, 0x00, 0x00, 0x00, 0x00, 0x00, 0x00,
  0x00, 0x00, 0x00, 0x00, 0x00, 0x00, 0x00, 0x00, 0x00, 0x8D, 0xFF, 0xFF, 0xFF, 0xFF, 0xFF, 0xFF,
  0xFF, 0xFF, 0xFF, 0xFF, 0xFF, 0xFF, 0xFF, 0xFF, 0xFF, 0xFF, 0xFF, 0xFF, 0xFF, 0x2F, 0x8D, 0xFF,
  0xFF, 0xFF, 0xFF, 0xFF, 0xFF, 0xFF, 0xFF, 0xFF, 0xFF, 0xFF, 0xFF, 0xFF, 0xFF, 0xFF, 0xFF, 0xFF,
  0xFF, 0xFF, 0x30, 0x00, 0x00, 0x00, 0x00, 0x00, 0x00, 0x00, 0x00, 0x00, 0x00, 0x00, 0x00, 0x00,
  0x00, 0x4E, 0xFF, 0xFF, 0x2F, 0x00, 0x00, 0x00, 0x00, 0x00, 0xCD, 0xFF, 0xFF, 0xFF, 0xFF, 0xFF,
  0xFF, 0xFF, 0xDC, 0x17, 0x00, 0x00, 0x54, 0xFF, 0xFF, 0x34, 0x00, 0x00, 0x00, 0x00, 0x00, 0xCD,
  0xFF, 0xFF, 0xFF, 0xFF, 0xFF, 0xFF, 0xFF, 0xFF, 0x4B, 0x00, 0x00, 0x54, 0xFF, 0xFF, 0x34, 0x00,
  0x00, 0x00, 0x00, 0x00, 0x00, 0x00, 0x00, 0x00, 0x00, 0x00, 0x38, 0xFF, 0xFF, 0x50, 0x00, 0x00,
  0x54, 0xFF, 0xFF, 0x34, 0x00, 0x00, 0x00, 0x00, 0x00, 0x00, 0x00, 0x00, 0x00, 0x00, 0x00, 0x34,
  0xFF, 0xFF, 0x50, 0x00, 0x00, 0x54, 0xFF, 0xFF, 0x34, 0x00, 0x00, 0x00, 0x00, 0x00, 0x00, 0x00,
  0x00, 0x00, 0x00, 0x00, 0x38, 0xFF, 0xFF, 0x50, 0x00, 0x00, 0x54, 0xFF, 0xFF, 0x34, 0x00, 0x00,
  0x00, 0x00, 0x00, 0xAD, 0xFD, 0xFF, 0xFF, 0xFF, 0xFF, 0xFF, 0xFF, 0xFF, 0x4B, 0x00, 0x00, 0x54,
  0xFF, 0xFF, 0x34, 0x00, 0x00, 0x00, 0x00, 0x00, 0xE7, 0xFF, 0xFF, 0xFF, 0xFF, 0xFF, 0xFF, 0xFF,
  0xDE, 0x17, 0x00, 0x00, 0x54, 0xFF, 0xFF, 0xFF, 0xFF, 0xFF, 0x79, 0x00, 0x00, 0xE8, 0xFF, 0x9B,
  0x00, 0x00, 0x00, 0x00, 0x00, 0x00, 0x00, 0x00, 0x00, 0x54, 0xFF, 0xFF, 0xFF, 0xFF, 0xFF, 0x7A,
  0x00, 0x00, 0xE8, 0xFF, 0x9E, 0x00, 0x00, 0x05, 0x19, 0x35, 0x64, 0x96, 0xD4, 0x84, 0x54, 0xFF,
  0xFF, 0x34, 0x00, 0x00, 0x00, 0x00, 0x00, 0xE7, 0xFF, 0xFF, 0xFF, 0xFD, 0xFF, 0xFF, 0xFF, 0xFF,
  0xFF, 0xFF, 0xA4, 0x54, 0xFF, 0xFF, 0x34, 0x00, 0x00, 0x00, 0x00, 0x00, 0x9E, 0xFA, 0xFF, 0xFF,
  0xFD, 0xEF, 0xDC, 0xBB, 0x95, 0x69, 0x33, 0x05, 0x54, 0xFF, 0xFF, 0x34, 0x00, 0x00, 0x00, 0x00,
  0x00, 0x00, 0x00, 0x03, 0x06, 0x02, 0x00, 0x00, 0x00, 0x00, 0x00, 0x00, 0x00, 0x54, 0xFF, 0xFF,
  0x34, 0x00, 0x00, 0x00, 0x00, 0x00, 0x00, 0x00, 0x00, 0x00, 0x00, 0x00, 0x00, 0x00, 0x00, 0x00,
  0x00, 0x00, 0x54, 0xFF, 0xFF, 0x34, 0x00, 0x00, 0x00, 0x00, 0x00, 0x00, 0x00, 0x88, 0xFF, 0xEF,
  0x00, 0x00, 0x00, 0x00, 0x00, 0x00, 0x00, 0x4E, 0xFF, 0xFF, 0x2F, 0x00, 0x00, 0x00, 0x00, 0x00,
  0x00, 0x00, 0x90, 0xFF, 0xF8, 0x00, 0x00, 0x00, 0x00, 0x00, 0x00, 0x00, 0x00, 0x00, 0x00, 0x00,
  0x00, 0x00, 0x00, 0x00, 0x00, 0x00, 0x00, 0x90, 0xFF, 0xF8, 0x00, 0x00, 0x00, 0x00, 0x00, 0x00,
  0x00, 0x00, 0x00, 0x00, 0x00, 0x00, 0x00, 0x00, 0x00, 0x00, 0x00, 0x00, 0x90, 0xFF, 0xFA, 0x05,
  0x00, 0x00, 0x00, 0x00, 0x00, 0x00, 0x00, 0x00, 0x00, 0x00, 0x00, 0x00, 0x00, 0x00, 0x00, 0x00,
  0x00, 0x8B, 0xFF, 0xFF, 0xFF, 0xFF, 0xFF, 0xFF, 0xFF, 0xFF, 0xFF, 0xFF, 0xFF, 0xFF, 0xFB, 0x0C,
  0x00, 0x00, 0x00, 0x00, 0x00, 0x00, 0x44, 0xEB, 0xFF, 0xFF, 0xFF, 0xFF, 0xFF, 0xFF, 0xFF, 0xFF,
  0xFF, 0xFF, 0xFF, 0xFD, 0x0C, 0x00, 0x00, 0x00, 0x00, 0x00, 0x00, 0x00, 0x00, 0x00, 0x00, 0x00,
  0x00, 0x00, 0x00, 0x00, 0x00, 0x4E, 0xFF, 0xFF, 0x2E, 0x00, 0x00, 0x00, 0x00, 0x00, 0xCD, 0xFF,
  0xFF, 0xFF, 0xFF, 0xFF, 0xFF, 0xFF, 0xDD, 0x19, 0x00, 0x00, 0x54, 0xFF, 0xFF, 0x34, 0x00, 0x00,
  0x00, 0x00, 0x00, 0xCC, 0xFF, 0xFF, 0xFF, 0xFF, 0xFF, 0xFF, 0xFF, 0xFF, 0x4C, 0x00, 0x00, 0x54,
  0xFF, 0xFF, 0x34, 0x00, 0x00, 0x00, 0x00, 0x00, 0x00, 0x00, 0x00, 0x00, 0x00, 0x00, 0x37, 0xFF,
  0xFF, 0x50, 0x00, 0x00, 0x54, 0xFF, 0xFF, 0x34, 0x00, 0x00, 0x00, 0x00, 0x00, 0x00, 0x00, 0x00,
  0x00, 0x00, 0x00, 0x37, 0xFF, 0xFF, 0x50, 0x00, 0x00, 0x54, 0xFF, 0xFF, 0x34, 0x00, 0x00, 0x00,
  0x00, 0x00, 0xA7, 0xFD, 0xFF, 0xFF, 0xFF, 0xFF, 0xFF, 0xFF, 0xFF, 0x4C, 0x00, 0x00, 0x54, 0xFF,
  0xFF, 0xFF, 0xFF, 0xFF, 0x79, 0x00, 0x00, 0xE7, 0xFF, 0xFF, 0xFF, 0xFF, 0xFF, 0xFF, 0xFF, 0xE0,
  0x18, 0x00, 0x00, 0x54, 0xFF, 0xFF, 0xFF, 0xFF, 0xFF, 0x79, 0x00, 0x00, 0xE8, 0xFF, 0x9C, 0x00,
  0x00, 0x00, 0x00, 0x00, 0x00, 0x00, 0x00, 0x00, 0x54, 0xFF, 0xFF, 0x34, 0x00, 0x00, 0x00, 0x00,
  0x00, 0xE8, 0xFF, 0x9F, 0x00, 0x00, 0x02, 0x0C, 0x22, 0x4A, 0x80, 0xCF, 0x83, 0x54, 0xFF, 0xFF,
  0x34, 0x00, 0x00, 0x00, 0x00, 0x00, 0xE5, 0xFF, 0xFF, 0xFF, 0xFD, 0xFF, 0xFF, 0xFF, 0xFF, 0xFF,
  0xFF, 0xA4, 0x54, 0xFF, 0xFF, 0x34, 0x00, 0x00, 0x00, 0x00, 0x00, 0x98, 0xFA, 0xFF, 0xFF, 0xFF,
  0xF6, 0xE8, 0xCC, 0xAA, 0x7E, 0x3D, 0x06, 0x4E, 0xFF, 0xFF, 0x2F, 0x00, 0x00, 0x00, 0x00, 0x00,
  0x00, 0x00, 0x03, 0x06, 0x02, 0x00, 0x00, 0x00, 0x00, 0x00, 0x00, 0x00, 0x00, 0x00, 0x00, 0x00,
  0x00, 0x00, 0x00, 0x00, 0x00, 0x00, 0x00, 0xAA, 0xFF, 0xD1, 0x00, 0x00, 0x00, 0x00, 0x00, 0x00,
  0x00, 0x52, 0xFF, 0xFF, 0x29, 0x00, 0x00, 0x00, 0x00, 0x00, 0x00, 0x00, 0xB0, 0xFF, 0xD8, 0x00,
  0x00, 0x00, 0x00, 0x00, 0x00, 0x00, 0x58, 0xFF, 0xFF, 0x30, 0x00, 0x00, 0x00, 0x00, 0x00, 0x00,
  0x00, 0xB0, 0xFF, 0xFF, 0xFF, 0xFF, 0xFF, 0xFF, 0xFF, 0xFF, 0xFF, 0xFF, 0xFF, 0xFF, 0x30, 0x00,
  0x00, 0x00, 0x00, 0x00, 0x00, 0x00, 0xB0, 0xFF, 0xFF, 0xFF, 0xFF, 0xFF, 0xFF, 0xFF, 0xFF, 0xFF,
  0xFF, 0xFF, 0xFF, 0x30, 0x00, 0x00, 0x00, 0x00, 0x00, 0x00, 0x00, 0xB0, 0xFF, 0xD8, 0x00, 0x00,
  0x00, 0x00, 0x00, 0x00, 0x00, 0x58, 0xFF, 0xFF, 0x30, 0x00, 0x00, 0x00, 0x00, 0x00, 0x00, 0x00,
  0xB0, 0xFF, 0xE0, 0x02, 0x00, 0x00, 0x00, 0x00, 0x00, 0x00, 0x63, 0xFF, 0xFF, 0x30, 0x00, 0x00,
  0x00, 0x00, 0x00, 0x00, 0x00, 0xAB, 0xFF, 0xFF, 0xFF, 0xFF, 0xFF, 0xFF, 0xFF, 0xFF, 0xFF, 0xFF,
  0xFF, 0xFF, 0x2C, 0x00, 0x00, 0x00, 0x00, 0x00, 0x00, 0x00, 0x5F, 0xF2, 0xFF, 0xFF, 0xFF, 0xFF,
  0xFF, 0xFF, 0xFF, 0xFF, 0xFF, 0xFC, 0xC7, 0x07, 0x00, 0x00, 0x00, 0x00, 0x00, 0x00, 0x00, 0x00,
  0x00, 0x00, 0x00, 0x00, 0x00, 0x00, 0x00, 0x00, 0x00, 0x00, 0x62, 0xFF, 0xFE, 0x1B, 0x00, 0x00,
  0x00, 0x00, 0x00, 0x00, 0x00, 0x00, 0x00, 0x00, 0x00, 0x00, 0x00, 0x00, 0x00, 0x00, 0x00, 0x68,
  0xFF, 0xFF, 0x20, 0x00, 0x00, 0x00, 0x00, 0x8D, 0xFF, 0xFF, 0xFF, 0xFF, 0xFF, 0xFF, 0xFF, 0xFB,
  0x9A, 0x00, 0x00, 0x00, 0x68, 0xFF, 0xFF, 0x20, 0x00, 0x00, 0x00, 0x00, 0x8D, 0xFF, 0xFF, 0xFF,
  0xFF, 0xFF, 0xFF, 0xFF, 0xFF, 0xDE, 0x00, 0x00, 0x00, 0x68, 0xFF, 0xFF, 0x20, 0x00, 0x00, 0x00,
  0x00, 0x00, 0x00, 0x00, 0x00, 0x00, 0x00, 0x00, 0xA4, 0xFF, 0xE0, 0x00, 0x00, 0x00, 0x68, 0xFF,
  0xFF, 0x20, 0x00, 0x00, 0x00, 0x00, 0x00, 0x00, 0x00, 0x00, 0x00, 0x00, 0x00, 0xA0, 0xFF, 0xE0,
  0x00, 0x00, 0x00, 0x68, 0xFF, 0xFF, 0x20, 0x00, 0x00, 0x00, 0x00, 0x00, 0x00, 0x00, 0x00, 0x00,
  0x00, 0x00, 0xA4, 0xFF, 0xE0, 0x00, 0x00, 0x00, 0x68, 0xFF, 0xFF, 0x20, 0x00, 0x00, 0x00, 0x00,
  0x60, 0xF3, 0xFF, 0xFF, 0xFF, 0xFF, 0xFF, 0xFF, 0xFF, 0xDE, 0x00, 0x00, 0x00, 0x68, 0xFF, 0xFF,
  0x20, 0x00, 0x00, 0x00, 0x00, 0xB4, 0xFF, 0xFF, 0xFF, 0xFF, 0xFF, 0xFF, 0xFF, 0xFB, 0x98, 0x00,
  0x00, 0x00, 0x68, 0xFF, 0xFF, 0x20, 0x00, 0x00, 0x00, 0x00, 0xB8, 0xFF, 0xD5, 0x00, 0x00, 0x00,
  0x00, 0x00, 0x00, 0x00, 0x00, 0x00, 0x00, 0x68, 0xFF, 0xFF, 0x20, 0x00, 0x00, 0x00, 0x00, 0xB8,
  0xFF, 0xD0, 0x00, 0x00, 0x00, 0x00, 0x00, 0x00, 0x00, 0x00, 0x00, 0x00, 0x68, 0xFF, 0xFF, 0x20,
  0x00, 0x00, 0x00, 0x00, 0xB8, 0xFF, 0xD0, 0x00, 0x00, 0x00, 0x00, 0x00, 0x00, 0x00, 0x00, 0x00,
  0x00, 0x68, 0xFF, 0xFF, 0x20, 0x00, 0x00, 0x00, 0x00, 0xB8, 0xFF, 0xD6, 0x01, 0x00, 0x02, 0x14,
  0x2D, 0x55, 0x82, 0xC1, 0xE4, 0x00, 0x68, 0xFF, 0xFF, 0x20, 0x00, 0x00, 0x00, 0x00, 0xB3, 0xFF,
  0xFF, 0xFF, 0xFD, 0xFE, 0xFF, 0xFF, 0xFF, 0xFF, 0xFF, 0xFB, 0x11, 0x68, 0xFF, 0xFF, 0x20, 0x00,
  0x00, 0x00, 0x00, 0x5B, 0xEA, 0xFF, 0xFF, 0xFF, 0xFB, 0xEA, 0xCF, 0xAF, 0x85, 0x53, 0x12, 0x00,
  0x68, 0xFF, 0xFF, 0x20, 0x00, 0x00, 0x00, 0x00, 0x00, 0x00, 0x06, 0x0B, 0x08, 0x00, 0x00, 0x00,
  0x00, 0x00, 0x00, 0x00, 0x00, 0x68, 0xFF, 0xFF, 0x20, 0x00, 0x00, 0x00, 0x00, 0x00, 0x00, 0x00,
  0x00, 0x00, 0x00, 0x00, 0x00, 0x00, 0x00, 0x00, 0x00, 0x00, 0x68, 0xFF, 0xFF, 0x20, 0x00, 0x00,
  0x00, 0x00, 0x00, 0x00, 0x00, 0x00, 0x00, 0x00, 0x00, 0x00, 0x00, 0x00, 0x00, 0x00, 0x00, 0x68,
  0xFF, 0xFF, 0x20, 0x00, 0x00, 0x00, 0x00, 0x00, 0x00, 0x00, 0x00, 0x00, 0x00, 0x00, 0x00, 0x00,
  0x00, 0x00, 0x00, 0x00, 0x68, 0xFF, 0xFF, 0x20, 0x00, 0x00, 0x00, 0x00, 0x00, 0x00, 0x00, 0x00,
  0x00, 0x00, 0x00, 0x00, 0x00, 0x00, 0x00, 0x00, 0x00, 0x62, 0xFF, 0xFE, 0x1B, 0x00, 0x00, 0x00,
  0x00, 0x00, 0x00, 0x00, 0x00, 0x00, 0x00, 0x00, 0x00, 0x00, 0x00, 0x00, 0x00, 0x00, 0x92, 0xFF,
  0xEA, 0x00, 0x00, 0x00, 0x00, 0x00, 0xA9, 0xFF, 0xFF, 0xFF, 0xFF, 0xFF, 0xFF, 0xFF, 0xEF, 0x43,
  0x00, 0x00, 0x00, 0x98, 0xFF, 0xF0, 0x00, 0x00, 0x00, 0x00, 0x00, 0xA8, 0xFF, 0xFF, 0xFF, 0xFF,
  0xFF, 0xFF, 0xFF, 0xFF, 0x88, 0x00, 0x00, 0x00, 0x98, 0xFF, 0xF0, 0x00, 0x00, 0x00, 0x00, 0x00,
  0x00, 0x00, 0x00, 0x00, 0x00, 0x00, 0x01, 0xF6, 0xFF, 0x8C, 0x00, 0x00, 0x00, 0x98, 0xFF, 0xF0,
  0x00, 0x00, 0x00, 0x00, 0x00, 0x00, 0x00, 0x00, 0x00, 0x00, 0x00, 0x01, 0xF6, 0xFF, 0x8C, 0x00,
  0x00, 0x00, 0x98, 0xFF, 0xF0, 0x00, 0x00, 0x00, 0x00, 0x00, 0x89, 0xFB, 0xFF, 0xFF, 0xFF, 0xFF,
  0xFF, 0xFF, 0xFF, 0x88, 0x00, 0x00, 0x00, 0x98, 0xFF, 0xF0, 0x00, 0x00, 0x00, 0x00, 0x00, 0xC7,
  0xFF, 0xFF, 0xFF, 0xFF, 0xFF, 0xFF, 0xFF, 0xF1, 0x43, 0x00, 0x00, 0x00, 0x98, 0xFF, 0xF0, 0x00,
  0x00, 0x00, 0x00, 0x00, 0xC8, 0xFF, 0xC0, 0x00, 0x00, 0x00, 0x00, 0x00, 0x00, 0x00, 0x00, 0x00,
  0x00, 0x98, 0xFF, 0xF0, 0x00, 0x00, 0x00, 0x00, 0x00, 0xC8, 0xFF, 0xC2, 0x00, 0x00, 0x06, 0x1A,
  0x34, 0x5D, 0x8C, 0xCB, 0xB4, 0x00, 0x98, 0xFF, 0xF0, 0x00, 0x00, 0x00, 0x00, 0x00, 0xC5, 0xFF,
  0xFF, 0xFF, 0xFF, 0xFF, 0xFF, 0xFF, 0xFF, 0xFF, 0xFF, 0xD8, 0x00, 0x98, 0xFF, 0xF0, 0x00, 0x00,
  0x00, 0x00, 0x00, 0x79, 0xF6, 0xFF, 0xFF, 0xFF, 0xF2, 0xE1, 0xC4, 0xA0, 0x77, 0x41, 0x0B, 0x00,
  0x92, 0xFF, 0xEA, 0x00, 0x00, 0x00, 0x00, 0x00, 0x00, 0x00, 0x03, 0x06, 0x03, 0x00, 0x00, 0x00,
  0x00, 0x00, 0x00, 0x00, 0x00, 0x00, 0x00, 0x00, 0x00, 0x00, 0x00, 0x00, 0x00, 0x00, 0x00, 0x00,
  0xDE, 0xFF, 0x9D, 0x00, 0x00, 0x00, 0x00, 0x00, 0x00, 0x00, 0x92, 0xFF, 0xE9, 0x00, 0x00, 0x00,
  0x00, 0x00, 0x00, 0x00, 0x00, 0xE4, 0xFF, 0xA4, 0x00, 0x00, 0x00, 0x00, 0x00, 0x00, 0x00, 0x98,
  0xFF, 0xF0, 0x00, 0x00, 0x00, 0x00, 0x00, 0x00, 0x00, 0x00, 0xE4, 0xFF, 0xFF, 0xFF, 0xFF, 0xFF,
  0xFF, 0xFF, 0xFF, 0xFF, 0xFF, 0xFF, 0xF0, 0x00, 0x00, 0x00, 0x00, 0x00, 0x00, 0x00, 0x00, 0xE4,
  0xFF, 0xFF, 0xFF, 0xFF, 0xFF, 0xFF, 0xFF, 0xFF, 0xFF, 0xFF, 0xFF, 0xF0, 0x00, 0x00, 0x00, 0x00,
  0x00, 0x00, 0x00, 0x00, 0xE4, 0xFF, 0xA4, 0x00, 0x00, 0x00, 0x00, 0x00, 0x00, 0x00, 0x98, 0xFF,
  0xF0, 0x00, 0x00, 0x00, 0x00, 0x00, 0x00, 0x00, 0x00, 0xE4, 0xFF, 0xAE, 0x00, 0x00, 0x00, 0x00,
  0x00, 0x00, 0x00, 0xA3, 0xFF, 0xF0, 0x00, 0x00, 0x00, 0x00, 0x00, 0x00, 0x00, 0x00, 0xDF, 0xFF,
  0xFF, 0xFF, 0xFF, 0xFF, 0xFF, 0xFF, 0xFF, 0xFF, 0xFF, 0xFF, 0xEC, 0x00, 0x00, 0x00, 0x00, 0x00,
  0x00, 0x00, 0x00, 0x8D, 0xF8, 0xFF, 0xFF, 0xFF, 0xFF, 0xFF, 0xFF, 0xFF, 0xFF, 0xFF, 0xF8, 0x92,
  0x00, 0x00, 0x00, 0x00, 0x00, 0x00, 0x00, 0x00, 0x00, 0x00, 0x00, 0x00, 0x00, 0x00, 0x00, 0x00,
  0x00, 0x00, 0x92, 0xFF, 0xEA, 0x00, 0x00, 0x00, 0x00, 0x00, 0xA9, 0xFF, 0xFF, 0xFF, 0xFF, 0xFF,
  0xFF, 0xFF, 0xF2, 0x4E, 0x00, 0x00, 0x00, 0x98, 0xFF, 0xF0, 0x00, 0x00, 0x00, 0x00, 0x00, 0xA9,
  0xFF, 0xFF, 0xFF, 0xFF, 0xFF, 0xFF, 0xFF, 0xFF, 0x91, 0x00, 0x00, 0x00, 0x98, 0xFF, 0xF0, 0x00,
  0x00, 0x00, 0x00, 0x00, 0x00, 0x00, 0x00, 0x00, 0x00, 0x00, 0x01, 0xF2, 0xFF, 0x94, 0x00, 0x00,
  0x00, 0x98, 0xFF, 0xF0, 0x00, 0x00, 0x00, 0x00, 0x00, 0x00, 0x00, 0x00, 0x00, 0x00, 0x00, 0x00,
  0xF1, 0xFF, 0x94, 0x00, 0x00, 0x00, 0x98, 0xFF, 0xF0, 0x00, 0x00, 0x00, 0x00, 0x00, 0x89, 0xFB,
  0xFF, 0xFF, 0xFF, 0xFF, 0xFF, 0xFF, 0xFF, 0x91, 0x00, 0x00, 0x00, 0x98, 0xFF, 0xF0, 0x00, 0x00,
  0x00, 0x00, 0x00, 0xC7, 0xFF, 0xFF, 0xFF, 0xFF, 0xFF, 0xFF, 0xFF, 0xF3, 0x4F, 0x00, 0x00, 0x00,
  0x98, 0xFF, 0xF0, 0x00, 0x00, 0x00, 0x00, 0x00, 0xC8, 0xFF, 0xBF, 0x00, 0x00, 0x00, 0x00, 0x00,
  0x00, 0x00, 0x00, 0x00, 0x00, 0x98, 0xFF, 0xF0, 0x00, 0x00, 0x00, 0x00, 0x00, 0xC8, 0xFF, 0xC3,
  0x00, 0x00, 0x06, 0x1A, 0x34, 0x5D, 0x8C, 0xCB, 0xB4, 0x00, 0x98, 0xFF, 0xF0, 0x00, 0x00, 0x00,
  0x00, 0x00, 0xC6, 0xFF, 0xFF, 0xFF, 0xFF, 0xFF, 0xFF, 0xFF, 0xFF, 0xFF, 0xFF, 0xD8, 0x00, 0x98,
  0xFF, 0xF0, 0x00, 0x00, 0x00, 0x00, 0x00, 0x7C, 0xF6, 0xFF, 0xFF, 0xFD, 0xEE, 0xDD, 0xC1, 0x9E,
  0x77, 0x41, 0x0B, 0x00, 0x98, 0xFF, 0xF0, 0x00, 0x00, 0x00, 0x00, 0x00, 0x00, 0x00, 0x02, 0x03,
  0x01, 0x00, 0x00, 0x00, 0x00, 0x00, 0x00, 0x00, 0x00, 0x98, 0xFF, 0xF0, 0x00, 0x00, 0x00, 0x00,
  0x00, 0x00, 0x00, 0x00, 0x00, 0x00, 0x00, 0x00, 0x00, 0x00, 0x00, 0x00, 0x00, 0x00, 0x92, 0xFF,
  0xEA, 0x00, 0x00, 0x00, 0x00, 0x00, 0x00, 0x00, 0x00, 0x00, 0x07, 0x5F, 0xAB, 0xDA, 0xF4, 0xFD,
  0xF4, 0xDA, 0xAB, 0x60, 0x08, 0x00, 0x00, 0x00, 0x00, 0x00, 0x00, 0x00, 0x00, 0x00, 0x2B, 0xDD,
  0xFF, 0xFF, 0xFF, 0xFF, 0xFF, 0xFF, 0xFF, 0xFF, 0xFF, 0xDE, 0x2B, 0x00, 0x00, 0x00, 0x00, 0x00,
  0x00, 0x00, 0x00, 0xD5, 0xFF, 0xF8, 0x7D, 0x31, 0x10, 0x04, 0x10, 0x2F, 0x79, 0xF5, 0xFF, 0xD3,
  0x00, 0x00, 0x00, 0x00, 0x00, 0x00, 0x00, 0x0E, 0xFF, 0xFF, 0xAB, 0x00, 0x00, 0x00, 0x00, 0x00,
  0x00, 0x00, 0xA0, 0xFF, 0xFF, 0x0A, 0x00, 0x00, 0x00, 0x00, 0x00, 0x00, 0x00, 0xD8, 0xFF, 0xF8,
  0x79, 0x2F, 0x0E, 0x03, 0x0E, 0x2D, 0x75, 0xF5, 0xFF, 0xD6, 0x00, 0x00, 0x00, 0x00, 0x00, 0x00,
  0x00, 0x00, 0x2E, 0xE0, 0xFF, 0xFF, 0xFF, 0xFF, 0xFF, 0xFF, 0xFF, 0xFF, 0xFF, 0xE1, 0x2F, 0x00,
  0x00, 0x00, 0x00, 0x00, 0x00, 0x00, 0x00, 0x00, 0x09, 0x62, 0xAF, 0xDD, 0xF5, 0xFD, 0xF5, 0xDD,
  0xAF, 0x63, 0x0A, 0x00, 0x00, 0x00, 0x00, 0x00, 0x00, 0x00, 0x56, 0xF1, 0xFF, 0xFF, 0xFF, 0xFF,
  0xFF, 0xFF, 0xFF, 0xFF, 0xFF, 0xFF, 0xFD, 0xD3, 0x0D, 0x00, 0x00, 0x00, 0x00, 0x00, 0x00, 0xA7,
  0xFF, 0xFF, 0xFF, 0xFF, 0xFF, 0xFF, 0xFF, 0xFF, 0xFF, 0xFF, 0xFF, 0xFF, 0xFF, 0x3A, 0x00, 0x00,
  0x00, 0x00, 0x00, 0x00, 0xAC, 0xFF, 0xE2, 0x00, 0x00, 0x00, 0x00, 0x00, 0x00, 0x00, 0x00, 0x4C,
  0xFF, 0xFF, 0x40, 0x00, 0x00, 0x00, 0x00, 0x00, 0x00, 0xAC, 0xFF, 0xE0, 0x00, 0x00, 0x00, 0x00,
  0x00, 0x00, 0x00, 0x00, 0x48, 0xFF, 0xFF, 0x40, 0x00, 0x00, 0x00, 0x00, 0x00, 0x00, 0xAC, 0xFF,
  0xE0, 0x00, 0x00, 0x00, 0x00, 0x00, 0x00, 0x00, 0x00, 0x48, 0xFF, 0xFF, 0x40, 0x00, 0x00, 0x00,
  0x00, 0x00, 0x00, 0xAC, 0xFF, 0xE0, 0x00, 0x00, 0x00, 0x00, 0x00, 0x00, 0x00, 0x00, 0x48, 0xFF,
  0xFF, 0x40, 0x00, 0x00, 0x00, 0x00, 0x00, 0x00, 0xAC, 0xFF, 0xE0, 0x00, 0x00, 0x00, 0x00, 0x00,
  0x00, 0x00, 0x00, 0x48, 0xFF, 0xFF, 0x40, 0x00, 0x00, 0x00, 0x00, 0x00, 0x00, 0xAC, 0xFF, 0xE3,
  0x00, 0x00, 0x00, 0x00, 0x00, 0x00, 0x00, 0x00, 0x4C, 0xFF, 0xFF, 0x40, 0x00, 0x00, 0x00, 0x00,
  0x00, 0x00, 0xA7, 0xFF, 0xFF, 0xFF, 0xFF, 0xFF, 0xFF, 0xFF, 0xFF, 0xFF, 0xFF, 0xFF, 0xFF, 0xFF,
  0x3A, 0x00, 0x00, 0x00, 0x00, 0x00, 0x00, 0x5B, 0xF1, 0xFF, 0xFF, 0xFF, 0xFF, 0xFF, 0xFF, 0xFF,
  0xFF, 0xFF, 0xFF, 0xFE, 0xD1, 0x0C, 0x00, 0x00, 0x00, 0x00, 0x00, 0x00, 0x00, 0x00, 0x00, 0x00,
  0x00, 0x00, 0xF0, 0xFF, 0x98, 0x00, 0x00, 0x00, 0x00, 0x00, 0x00, 0x00, 0x00, 0x00, 0x00, 0x00,
  0x00, 0x00, 0x00, 0x00, 0x00, 0x00, 0x00, 0xF0, 0xFF, 0x98, 0x00, 0x00, 0x00, 0x00, 0x00, 0x00,
  0x00, 0x00, 0x00, 0x00, 0x00, 0x00, 0x00, 0x00, 0x00, 0x00, 0x00, 0x00, 0xF0, 0xFF, 0x98, 0x00,
  0x00, 0x00, 0x00, 0x00, 0x00, 0x00, 0x00, 0x00, 0x00, 0x00, 0x00, 0x00, 0x00, 0x00, 0x00, 0x00,
  0x00, 0xF0, 0xFF, 0x98, 0x00, 0x00, 0x00, 0x00, 0x00, 0x00, 0x00, 0x00, 0x00, 0x8D, 0xFF, 0xFF,
  0xFF, 0xFF, 0xFF, 0xFF, 0xFF, 0xFF, 0xFF, 0xFF, 0xFF, 0xFF, 0xFF, 0xFF, 0xFF, 0xFF, 0xFF, 0xFF,
  0xFF, 0x2F, 0x8D, 0xFF, 0xFF, 0xFF, 0xFF, 0xFF, 0xFF, 0xFF, 0xFF, 0xFF, 0xFF, 0xFF, 0xFF, 0xFF,
  0xFF, 0xFF, 0xFF, 0xFF, 0xFF, 0xFF, 0x30, 0x00, 0x00, 0x00, 0x00, 0x00, 0x00, 0x00, 0x00, 0x00,
  0x00, 0x00, 0x00, 0x95, 0xFF, 0xCA, 0x00, 0x62, 0xFF, 0xFD, 0x10, 0x00, 0x00, 0x00, 0x00, 0x00,
  0x07, 0xF9, 0xF4, 0x57, 0x00, 0x00, 0x00, 0x00, 0x9C, 0xFF, 0xD0, 0x00, 0x68, 0xFF, 0xFF, 0x14,
  0x00, 0x00, 0x00, 0x00, 0x00, 0x10, 0xFF, 0xFF, 0x63, 0x00, 0x00, 0x00, 0x00, 0x9C, 0xFF, 0xD0,
  0x00, 0x68, 0xFF, 0xFF, 0x14, 0x00, 0x00, 0x00, 0x00, 0x00, 0x1A, 0xFF, 0xFF, 0x5B, 0x00, 0x00,
  0x00, 0x00, 0x9C, 0xFF, 0xD0, 0x00, 0x68, 0xFF, 0xFF, 0x14, 0x00, 0x00, 0x00, 0x00, 0x00, 0x30,
  0xFF, 0xFF, 0x4B, 0x00, 0x00, 0x00, 0x00, 0x9C, 0xFF, 0xD0, 0x00, 0x68, 0xFF, 0xFF, 0x14, 0x00,
  0x00, 0x00, 0x00, 0x00, 0x4B, 0xFF, 0xFF, 0x2C, 0x00, 0x00, 0x00, 0x00, 0x9C, 0xFF, 0xD0, 0x00,
  0x68, 0xFF, 0xFF, 0x14, 0x00, 0x00, 0x00, 0x00, 0x00, 0x73, 0xFF, 0xFF, 0x0B, 0x00, 0x00, 0x00,
  0x00, 0x9C, 0xFF, 0xD0, 0x00, 0x68, 0xFF, 0xFF, 0x14, 0x00, 0x00, 0x00, 0x00, 0x00, 0xAE, 0xFF,
  0xFF, 0x22, 0x32, 0xFF, 0xFF, 0xFF, 0xFF, 0xFF, 0xD0, 0x00, 0x68, 0xFF, 0xFF, 0x14, 0x00, 0x00,
  0x00, 0x00, 0x0A, 0xF1, 0xFF, 0xFF, 0x84, 0x31, 0xFF, 0xFF, 0xFF, 0xFF, 0xFF, 0xD0, 0x00, 0x68,
  0xFF, 0xFF, 0x14, 0x00, 0x00, 0x00, 0x00, 0x67, 0xFF, 0xFF, 0xFF, 0xF2, 0x19, 0x00, 0x00, 0x00,
  0x9C, 0xFF, 0xD0, 0x00, 0x68, 0xFF, 0xFF, 0x14, 0x00, 0x00, 0x00, 0x0E, 0xE7, 0xFF, 0xB8, 0xCF,
  0xFF, 0xAB, 0x00, 0x00, 0x00, 0x9C, 0xFF, 0xD0, 0x00, 0x68, 0xFF, 0xFF, 0x14, 0x00, 0x00, 0x01,
  0xAE, 0xFF, 0xFE, 0x38, 0x5C, 0xFF, 0xFF, 0x6F, 0x00, 0x00, 0x9C, 0xFF, 0xD0, 0x00, 0x68, 0xFF,
  0xFF, 0x14, 0x00, 0x04, 0xA0, 0xFF, 0xFF, 0x95, 0x00, 0x01, 0xC7, 0xFF, 0xFD, 0x63, 0x00, 0x9C,
  0xFF, 0xD0, 0x00, 0x68, 0xFF, 0xFF, 0x14, 0x00, 0x40, 0xFF, 0xFF, 0xCB, 0x07, 0x00, 0x00, 0x24,
  0xF1, 0xFF, 0xF3, 0x05, 0x9C, 0xFF, 0xD0, 0x00, 0x68, 0xFF, 0xFF, 0x14, 0x00, 0x00, 0xA1, 0xDB,
  0x17, 0x00, 0x00, 0x00, 0x00, 0x40, 0xF3, 0x59, 0x00, 0x9C, 0xFF, 0xD0, 0x00, 0x68, 0xFF, 0xFF,
  0x14, 0x00, 0x00, 0x03, 0x0C, 0x00, 0x00, 0x00, 0x00, 0x00, 0x00, 0x0C, 0x00, 0x00, 0x9C, 0xFF,
  0xD0, 0x00, 0x68, 0xFF, 0xFF, 0x14, 0x00, 0x00, 0x00, 0x00, 0x00, 0x00, 0x00, 0x00, 0x00, 0x00,
  0x00, 0x00, 0x00, 0x9C, 0xFF, 0xD0, 0x00, 0x68, 0xFF, 0xFF, 0x14, 0x00, 0x00, 0x00, 0x00, 0x00,
  0x00, 0x00, 0x00, 0x00, 0x00, 0x00, 0x00, 0x00, 0x9C, 0xFF, 0xD0, 0x00, 0x68, 0xFF, 0xFF, 0x14,
  0x00, 0x00, 0x00, 0x00, 0x00, 0x00, 0x00, 0x00, 0x00, 0x00, 0x00, 0x00, 0x00, 0x96, 0xFF, 0xCA,
  0x00, 0x68, 0xFF, 0xFF, 0x14, 0x00, 0x00, 0x00, 0x00, 0x00, 0x00, 0x00, 0x00, 0x00, 0x00, 0x00,
  0x00, 0x00, 0x00, 0x00, 0x00, 0x00, 0x63, 0xFF, 0xFE, 0x10, 0x00, 0x00, 0x00, 0x00, 0x00, 0x00,
  0x00, 0x00, 0x00, 0x00, 0x00, 0x00, 0x00, 0x00, 0x00, 0x00, 0x00, 0x00, 0x00, 0x00, 0x00, 0x00,
  0x00, 0x00, 0x00, 0x00, 0x00, 0x00, 0x00, 0x00, 0x0E, 0xF6, 0xF0, 0x78, 0x00, 0x00, 0x00, 0x00,
  0x00, 0x00, 0x00, 0x00, 0x00, 0x00, 0x00, 0x00, 0x00, 0x00, 0x00, 0x00, 0x00, 0x3A, 0xFF, 0xFF,
  0x7C, 0x00, 0x00, 0x00, 0x00, 0x00, 0x00, 0x00, 0x00, 0x00, 0x00, 0x00, 0x00, 0x00, 0x00, 0x00,
  0x00, 0x00, 0x80, 0xFF, 0xFF, 0xBC, 0x00, 0x00, 0x00, 0x00, 0x00, 0x00, 0x00, 0x00, 0x00, 0x00,
  0x00, 0x00, 0x00, 0x00, 0x00, 0x00, 0x08, 0xE2, 0xFF, 0xFF, 0xFF, 0x3D, 0x00, 0x00, 0x00, 0x00,
  0x00, 0x00, 0x00, 0x00, 0x00, 0x00, 0x00, 0x00, 0x00, 0x00, 0x00, 0x8B, 0xFF, 0xED, 0x70, 0xFF,
  0xE1, 0x17, 0x00, 0x00, 0x00, 0x00, 0x00, 0x00, 0x00, 0x00, 0x00, 0x00, 0x00, 0x00, 0x00, 0x75,
  0xFF, 0xFF, 0x5A, 0x00, 0xB1, 0xFF, 0xD6, 0x23, 0x00, 0x00, 0x00, 0x00, 0x00, 0x00, 0x00, 0x00,
  0x00, 0x00, 0x20, 0xB2, 0xFF, 0xFF, 0x80, 0x00, 0x00, 0x13, 0xCF, 0xFF, 0xF3, 0x65, 0x00, 0x00,
  0x00, 0x00, 0x00, 0x00, 0x00, 0x38, 0xA0, 0xFA, 0xFF, 0xFB, 0x74, 0x00, 0x00, 0x00, 0x00, 0x12,
  0xCB, 0xFF, 0xFF, 0xCA, 0x5B, 0x0C, 0x00, 0x00, 0x00, 0x2F, 0xFF, 0xFF, 0xFF, 0xD0, 0x32, 0x00,
  0x00, 0x00, 0x00, 0x00, 0x00, 0x06, 0x87, 0xFC, 0xFF, 0xFF, 0x93, 0x00, 0x00, 0x00, 0x00, 0xA9,
  0xC5, 0x53, 0x02, 0x00, 0x00, 0x00, 0xF9, 0xFF, 0x84, 0x00, 0x00, 0x00, 0x2C, 0x9B, 0xEB, 0x1F,
  0x00, 0x00, 0x00, 0x00, 0x00, 0x00, 0x00, 0x00, 0x00, 0x00, 0x00, 0xFF, 0xFF, 0x8C, 0x00, 0x00,
  0x00, 0x00, 0x00, 0x00, 0x00, 0x00, 0x00, 0x00, 0x00, 0x00, 0x00, 0x00, 0x00, 0x00, 0x00, 0x00,
  0xFF, 0xFF, 0x8C, 0x00, 0x00, 0x00, 0x00, 0x00, 0x00, 0x00, 0x00, 0x00, 0x00, 0x00, 0x00, 0x00,
  0x00, 0x00, 0x00, 0x00, 0x00, 0xFF, 0xFF, 0x8C, 0x00, 0x00, 0x00, 0x00, 0x00, 0x00, 0x00, 0x00,
  0x00, 0x00, 0x00, 0x00, 0x00, 0x00, 0x00, 0x00, 0x00, 0x00, 0xFF, 0xFF, 0x8C, 0x00, 0x00, 0x00,
  0x00, 0x00, 0x00, 0x00, 0x00, 0x00, 0x8D, 0xFF, 0xFF, 0xFF, 0xFF, 0xFF, 0xFF, 0xFF, 0xFF, 0xFF,
  0xFF, 0xFF, 0xFF, 0xFF, 0xFF, 0xFF, 0xFF, 0xFF, 0xFF, 0xFF, 0x2F, 0x8D, 0xFF, 0xFF, 0xFF, 0xFF,
  0xFF, 0xFF, 0xFF, 0xFF, 0xFF, 0xFF, 0xFF, 0xFF, 0xFF, 0xFF, 0xFF, 0xFF, 0xFF, 0xFF, 0xFF, 0x30,
  0x00, 0x00, 0x00, 0x00, 0x00, 0x00, 0x00, 0x00, 0x00, 0xDA, 0xF7, 0x99, 0x00, 0x00, 0x00, 0x00,
  0x00, 0x00, 0x00, 0x00, 0x00, 0x00, 0x00, 0x00, 0x00, 0x00, 0x00, 0x00, 0x00, 0x14, 0xFF, 0xFF,
  0x99, 0x00, 0x00, 0x00, 0x00, 0x00, 0x00, 0x00, 0x00, 0x00, 0x00, 0x00, 0x00, 0x00, 0x00, 0x00,
  0x00, 0x00, 0x6C, 0xFF, 0xFF, 0xE7, 0x0C, 0x00, 0x00, 0x00, 0x00, 0x00, 0x00, 0x00, 0x00, 0x00,
  0x00, 0x00, 0x00, 0x00, 0x00, 0x00, 0x14, 0xE9, 0xFF, 0xFF, 0xFF, 0xA6, 0x03, 0x00, 0x00, 0x00,
  0x00, 0x00, 0x00, 0x00, 0x00, 0x00, 0x00, 0x00, 0x00, 0x00, 0x14, 0xCB, 0xFF, 0xFF, 0xDB, 0xFF,
  0xFF, 0xAA, 0x06, 0x00, 0x00, 0x00, 0x00, 0x00, 0x00, 0x00, 0x00, 0x00, 0x00, 0x00, 0x54, 0xE4,
  0xFF, 0xFF, 0xAB, 0x09, 0xC1, 0xFF, 0xFF, 0xD4, 0x40, 0x00, 0x00, 0x00, 0x00, 0x00, 0x00, 0x00,
  0x20, 0x72, 0xD6, 0xFF, 0xFF, 0xFF, 0x91, 0x06, 0x00, 0x09, 0x9B, 0xFF, 0xFF, 0xFF, 0xB9, 0x5E,
  0x0E, 0x00, 0x00, 0x00, 0x14, 0xFB, 0xFF, 0xFF, 0xFF, 0xC8, 0x45, 0x00, 0x00, 0x00, 0x00, 0x00,
  0x50, 0xD6, 0xFF, 0xFF, 0xFF, 0xB7, 0x00, 0x00, 0x00, 0x00, 0x9D, 0xE2, 0x94, 0x3F, 0x00, 0x00,
  0x00, 0x00, 0x00, 0x00, 0x00, 0x00, 0x02, 0x53, 0xA6, 0xED, 0x4D, 0x00, 0x00, 0x00, 0x00, 0x01,
  0x00, 0x00, 0x00, 0x00, 0x00, 0x00, 0x00, 0x00, 0x00, 0x00, 0x00, 0x00, 0x00, 0x00, 0x00, 0x00,
  0x00, 0x00, 0x00, 0x00, 0x00, 0x00, 0x00, 0x00, 0x00, 0x00, 0x00, 0x00, 0x00, 0x00, 0x00, 0x00,
  0x00, 0x00, 0x00, 0x00, 0x00, 0x00, 0x00, 0x8D, 0xFF, 0xFF, 0xFF, 0xFF, 0xFF, 0xFF, 0xFF, 0xFF,
  0xFF, 0xFF, 0xFF, 0xFF, 0xFF, 0xFF, 0xFF, 0xFF, 0xFF, 0xFF, 0xFF, 0x2F, 0x8C, 0xFF, 0xFF, 0xFF,
  0xFF, 0xFF, 0xFF, 0xFF, 0xFF, 0xFF, 0xFF, 0xFF, 0xFF, 0xFF, 0xFF, 0xFF, 0xFF, 0xFF, 0xFF, 0xFF,
  0x2F, 0x00, 0x00, 0x00, 0x00, 0x00, 0x00, 0x00, 0x00, 0x00, 0xFC, 0xFF, 0x8C, 0x00, 0x00, 0x00,
  0x00, 0x00, 0x00, 0x00, 0x00, 0x00, 0x00, 0x00, 0x00, 0x00, 0x00, 0x00, 0x00, 0x00, 0x00, 0xFC,
  0xFF, 0x8C, 0x00, 0x00, 0x00, 0x00, 0x00, 0x00, 0x00, 0x00, 0x00, 0x00, 0x00, 0x00, 0x00, 0x00,
  0x00, 0x00, 0x00, 0x00, 0xFC, 0xFF, 0x8C, 0x00, 0x00, 0x00, 0x00, 0x00, 0x00, 0x00, 0x00, 0x00,
  0x00, 0x00, 0x00, 0x00, 0x00, 0x00, 0x00, 0x00, 0x00, 0xFC, 0xFF, 0x8C, 0x00, 0x00, 0x00, 0x00,
  0x00, 0x00, 0x00, 0x00, 0x00, 0x00, 0x00, 0x00, 0x00, 0x00, 0x00, 0x00, 0x00, 0x00, 0xFC, 0xFF,
  0x8C, 0x00, 0x00, 0x00, 0x00, 0x00, 0x00, 0x00, 0x00, 0x00, 0x00, 0x00, 0x00, 0x00, 0x00, 0x00,
  0x00, 0x00, 0x00, 0xFC, 0xFF, 0x8C, 0x00, 0x00, 0x00, 0x00, 0x00, 0x00, 0x00, 0x00, 0x00, 0x00,
  0x00, 0x00, 0x00, 0x00, 0x00, 0x00, 0x00, 0x00, 0xF6, 0xFF, 0x86, 0x00, 0x00, 0x00, 0x00, 0x00,
  0x00, 0x00, 0x00, 0x00, 0x00, 0x00, 0x00, 0x00, 0x00, 0x00, 0x00, 0x00, 0x04, 0xEE, 0xF5, 0x64,
  0x00, 0x00, 0x00, 0x00, 0x00, 0x00, 0x00, 0x00, 0x00, 0x00, 0x00, 0x00, 0x00, 0x00, 0x00, 0x00,
  0x00, 0x3E, 0xFF, 0xFF, 0x99, 0x00, 0x00, 0x00, 0x00, 0x00, 0x00, 0x00, 0x00, 0x00, 0x00, 0x00,
  0x00, 0x00, 0x00, 0x00, 0x00, 0x0F, 0xCF, 0xFF, 0xFF, 0xFF, 0x74, 0x01, 0x00, 0x00, 0x00, 0x00,
  0x00, 0x00, 0x00, 0x00, 0x00, 0x00, 0x00, 0x00, 0x00, 0x49, 0xDC, 0xFF, 0xD9, 0x58, 0xFA, 0xFF,
  0xBE, 0x34, 0x00, 0x00, 0x00, 0x00, 0x00, 0x00, 0x00, 0x00, 0x0B, 0x45, 0x84, 0xD6, 0xFF, 0xFF,
  0xD0, 0x20, 0x00, 0x48, 0xEC, 0xFF, 0xFF, 0xCB, 0x74, 0x32, 0x02, 0x00, 0x00, 0x00, 0x00, 0xB6,
  0xFF, 0xFF, 0xFF, 0xF0, 0x82, 0x06, 0x00, 0x00, 0x00, 0x19, 0xAD, 0xFE, 0xFF, 0xFF, 0xFF, 0x58,
  0x00, 0x00, 0x00, 0x00, 0x58, 0xF3, 0xB3, 0x68, 0x0C, 0x00, 0x00, 0x00, 0x00, 0x00, 0x00, 0x00,
  0x27, 0x8E, 0xD0, 0xDD, 0x06, 0x00, 0x00, 0x00, 0x00, 0x00, 0x00, 0x00, 0x00, 0x00, 0x00, 0x00,
  0x00, 0x00, 0x00, 0x00, 0x00, 0x00, 0x00, 0x00, 0x00, 0x00, 0x00, 0x00, 0x00, 0x00, 0x00, 0x00,
  0x00, 0x00, 0x00, 0x00, 0x00, 0x00, 0x00, 0x00, 0x00, 0x00, 0x00, 0x00, 0x00, 0x00, 0x00, 0x00,
  0x00, 0x8E, 0xFF, 0xFF, 0xFF, 0xFF, 0xFF, 0xFF, 0xFF, 0xFF, 0xFF, 0xFF, 0xFF, 0xFF, 0xFF, 0xFF,
  0xFF, 0xFF, 0xFF, 0xFF, 0xFE, 0x2C, 0x8D, 0xFF, 0xFF, 0xFF, 0xFF, 0xFF, 0xFF, 0xFF, 0xFF, 0xFF,
  0xFF, 0xFF, 0xFF, 0xFF, 0xFF, 0xFF, 0xFF, 0xFF, 0xFF, 0xFE, 0x2A, 0x00, 0x00, 0x00, 0x00, 0x00,
  0x00, 0x00, 0x00, 0x00, 0x00, 0x00, 0x00, 0x00, 0x00, 0x00, 0x00, 0x00, 0x00, 0x00, 0x00, 0x00,
  0x00, 0x00, 0x00, 0x6A, 0xFF, 0xFD, 0x13, 0x00, 0x00, 0x00, 0x00, 0x00, 0x00, 0x00, 0x6E, 0xFF,
  0xFD, 0x0F, 0x00, 0x00, 0x00, 0x00, 0x00, 0x00, 0x70, 0xFF, 0xFF, 0x18, 0x00, 0x00, 0x00, 0x00,
  0x00, 0x00, 0x00, 0x74, 0xFF, 0xFF, 0x14, 0x00, 0x00, 0x00, 0x00, 0x00, 0x00, 0x70, 0xFF, 0xFF,
  0xFF, 0xFF, 0xFF, 0xFF, 0xFF, 0xFF, 0xFF, 0xFF, 0xFF, 0xFF, 0xFF, 0x14, 0x00, 0x00, 0x00, 0x00,
  0x00, 0x00, 0x70, 0xFF, 0xFF, 0xFF, 0xFF, 0xFF, 0xFF, 0xFF, 0xFF, 0xFF, 0xFF, 0xFF, 0xFF, 0xFF,
  0x14, 0x00, 0x00, 0x00, 0x00, 0x00, 0x00, 0x70, 0xFF, 0xFF, 0x18, 0x00, 0x00, 0x00, 0x00, 0x00,
  0x00, 0x00, 0x74, 0xFF, 0xFF, 0x14, 0x00, 0x00, 0x00, 0x00, 0x00, 0x00, 0x70, 0xFF, 0xFF, 0x24,
  0x00, 0x00, 0x00, 0x00, 0x00, 0x00, 0x00, 0x80, 0xFF, 0xFF, 0x14, 0x00, 0x00, 0x00, 0x00, 0x00,
  0x00, 0x6C, 0xFF, 0xFF, 0xFF, 0xFF, 0xFF, 0xFF, 0xFF, 0xFF, 0xFF, 0xFF, 0xFF, 0xFF, 0xFF, 0x10,
  0x00, 0x00, 0x00, 0x00, 0x00, 0x00, 0x2E, 0xE4, 0xFF, 0xFF, 0xFF, 0xFF, 0xFF, 0xFF, 0xFF, 0xFF,
  0xFF, 0xFF, 0xFB, 0xB3, 0x00, 0x00, 0x00, 0x00, 0x00, 0x00, 0x00, 0x00, 0x00, 0x00, 0x00, 0x00,
  0x00, 0x00, 0x00, 0x00, 0xC6, 0xFF, 0x96, 0x00, 0x62, 0xFF, 0xFD, 0x10, 0x00, 0x00, 0x00, 0x06,
  0x76, 0xD4, 0xF8, 0xED, 0xB1, 0x38, 0x00, 0x00, 0x00, 0xCC, 0xFF, 0x9C, 0x00, 0x68, 0xFF, 0xFF,
  0x14, 0x00, 0x00, 0x08, 0xC2, 0xFF, 0xFF, 0xFF, 0xFF, 0xFF, 0xFC, 0x5E, 0x00, 0x00, 0xCC, 0xFF,
  0x9C, 0x00, 0x68, 0xFF, 0xFF, 0x14, 0x00, 0x00, 0x85, 0xFF, 0xFD, 0x75, 0x13, 0x2F, 0xC9, 0xFF,
  0xF8, 0x1F, 0x00, 0xCC, 0xFF, 0x9C, 0x00, 0x68, 0xFF, 0xFF, 0x14, 0x00, 0x02, 0xEB, 0xFF, 0xA3,
  0x00, 0x00, 0x00, 0x1C, 0xF8, 0xFF, 0x82, 0x00, 0xCC, 0xFF, 0x9C, 0x00, 0x68, 0xFF, 0xFF, 0x14,
  0x00, 0x1D, 0xFF, 0xFF, 0x5A, 0x00, 0x00, 0x00, 0x00, 0xC9, 0xFF, 0xB0, 0x00, 0xCC, 0xFF, 0xFF,
  0xFF, 0xFF, 0xFF, 0xFF, 0x14, 0x00, 0x1C, 0xFF, 0xFF, 0x5B, 0x00, 0x00, 0x00, 0x00, 0xCA, 0xFF,
  0xB0, 0x00, 0xCC, 0xFF, 0xFF, 0xFF, 0xFF, 0xFF, 0xFF, 0x14, 0x00, 0x02, 0xEA, 0xFF, 0xA4, 0x00,
  0x00, 0x00, 0x1D, 0xF9, 0xFF, 0x80, 0x00, 0xCC, 0xFF, 0x9C, 0x00, 0x68, 0xFF, 0xFF, 0x14, 0x00,
  0x00, 0x85, 0xFF, 0xFD, 0x72, 0x11, 0x2C, 0xC8, 0xFF, 0xF8, 0x1F, 0x00, 0xCC, 0xFF, 0x9C, 0x00,
  0x68, 0xFF, 0xFF, 0x14, 0x00, 0x00, 0x08, 0xC2, 0xFF, 0xFF, 0xFF, 0xFF, 0xFF, 0xFC, 0x5E, 0x00,
  0x00, 0xCC, 0xFF, 0x9C, 0x00, 0x68, 0xFF, 0xFF, 0x14, 0x00, 0x00, 0x00, 0x07, 0x76, 0xD4, 0xF8,
  0xEE, 0xB2, 0x39, 0x00, 0x00, 0x00, 0xCC, 0xFF, 0x9C, 0x00, 0x68, 0xFF, 0xFF, 0x14, 0x00, 0x00,
  0x00, 0x00, 0x00, 0x00, 0x00, 0x00, 0x00, 0x00, 0x00, 0x00, 0x00, 0xC6, 0xFF, 0x96, 0x00, 0x61,
  0xFF, 0xFD, 0x0F, 0x00, 0x00, 0x00, 0x00, 0x00, 0x00, 0x00, 0x00, 0x00, 0x00, 0x00, 0x00, 0x00,
  0x00, 0x00, 0x00, 0x00, 0x00, 0x00, 0x00, 0x00, 0x00, 0x00, 0x00, 0x00, 0x00, 0x1E, 0xFE, 0xFF,
  0xFF, 0xFF, 0xFF, 0xFF, 0xFF, 0xFF, 0xFF, 0xFF, 0xFF, 0xFF, 0xFD, 0xC2, 0x00, 0x00, 0x00, 0x00,
  0x00, 0x00, 0x1F, 0xFE, 0xFF, 0xFF, 0xFF, 0xFF, 0xFF, 0xFF, 0xFF, 0xFF, 0xFF, 0xFF, 0xFF, 0xFF,
  0xFF, 0x11, 0x00, 0x00, 0x00, 0x00, 0x00, 0x00, 0x00, 0x00, 0x00, 0x00, 0x00, 0x00, 0x00, 0x00,
  0x00, 0x00, 0x00, 0x7B, 0xFF, 0xFF, 0x14, 0x00, 0x00, 0x00, 0x00, 0x00, 0x00, 0x00, 0x00, 0x00,
  0x00, 0x00, 0x00, 0x00, 0x00, 0x00, 0x00, 0x00, 0x74, 0xFF, 0xFF, 0x14, 0x00, 0x00, 0x00, 0x00,
  0x00, 0x00, 0x00, 0x00, 0x00, 0x00, 0x00, 0x00, 0x00, 0x00, 0x00, 0x00, 0x00, 0x74, 0xFF, 0xFF,
  0x14, 0x00, 0x00, 0x00, 0x00, 0x00, 0x00, 0x00, 0x00, 0x00, 0x00, 0x00, 0x00, 0x00, 0x00, 0x00,
  0x00, 0x00, 0x74, 0xFF, 0xFF, 0x14, 0x00, 0x00, 0x00, 0x00, 0x00, 0x00, 0x00, 0x00, 0x00, 0x00,
  0x00, 0x00, 0x00, 0x00, 0x00, 0x00, 0x00, 0x6D, 0xFF, 0xFC, 0x0F, 0x00, 0x00, 0x00, 0x00, 0x00,
  0x00, 0x00, 0x00, 0x00, 0x00, 0x00, 0x00, 0x00, 0x00, 0x00, 0x00, 0x63, 0xFF, 0xFE, 0x1B, 0x00,
  0x00, 0x00, 0x00, 0x00, 0x09, 0x73, 0xCC, 0xF4, 0xEF, 0xCE, 0x84, 0x1B, 0x00, 0x00, 0x00, 0x00,
  0x68, 0xFF, 0xFF, 0x20, 0x00, 0x00, 0x00, 0x00, 0x13, 0xD1, 0xFF, 0xFF, 0xFF, 0xFF, 0xFF, 0xFF,
  0xEE, 0x3E, 0x00, 0x00, 0x00, 0x68, 0xFF, 0xFF, 0x20, 0x00, 0x00, 0x00, 0x00, 0xA8, 0xFF, 0xF8,
  0x72, 0x19, 0x17, 0x6B, 0xF5, 0xFF, 0xEB, 0x0B, 0x00, 0x00, 0x68, 0xFF, 0xFF, 0x20, 0x00, 0x00,
  0x00, 0x13, 0xFC, 0xFF, 0x7C, 0x00, 0x00, 0x00, 0x00, 0x70, 0xFF, 0xFF, 0xFF, 0xFF, 0xFF, 0xFF,
  0xFF, 0xFF, 0x20, 0x00, 0x00, 0x00, 0x31, 0xFF, 0xFF, 0x40, 0x00, 0x00, 0x00, 0x00, 0x32, 0xFF,
  0xFF, 0xFF, 0xFF, 0xFF, 0xFF, 0xFF, 0xFF, 0x20, 0x00, 0x00, 0x00, 0x14, 0xFD, 0xFF, 0x78, 0x00,
  0x00, 0x00, 0x00, 0x6C, 0xFF, 0xF3, 0x07, 0x00, 0x00, 0x68, 0xFF, 0xFF, 0x20, 0x00, 0x00, 0x00,
  0x00, 0xAB, 0xFF, 0xF7, 0x6D, 0x16, 0x15, 0x66, 0xF4, 0xFF, 0x7F, 0x00, 0x00, 0x00, 0x68, 0xFF,
  0xFF, 0x20, 0x00, 0x00, 0x00, 0x00, 0x13, 0xD1, 0xFF, 0xFF, 0xFF, 0xFF, 0xFF, 0xFF, 0xAB, 0x02,
  0x00, 0x00, 0x00, 0x68, 0xFF, 0xFF, 0x20, 0x00, 0x00, 0x00, 0x00, 0x00, 0x09, 0x76, 0xCF, 0xF6,
  0xF6, 0xC9, 0x58, 0x00, 0x00, 0x00, 0x00, 0x00, 0x68, 0xFF, 0xFF, 0x20, 0x00, 0x00, 0x00, 0x00,
  0x00, 0x00, 0x00, 0x00, 0x00, 0x00, 0x00, 0x00, 0x00, 0x00, 0x00, 0x00, 0x00, 0x62, 0xFF, 0xFE,
  0x1B, 0x00, 0x00, 0x00, 0x00, 0x00, 0x00, 0x00, 0x00, 0x00, 0x00, 0x00, 0x00, 0x00, 0x00, 0x00,
  0x00, 0x00, 0x00, 0x00, 0x00, 0x00, 0x00, 0x00, 0x00, 0x00, 0x00, 0x03, 0xFB, 0xFF, 0x46, 0x00,
  0x18, 0xFE, 0xFF, 0x2E, 0x00, 0x00, 0x95, 0xFA, 0xA6, 0x00, 0x00, 0x00, 0x00, 0x00, 0x00, 0x00,
  0x04, 0xFF, 0xFF, 0x4C, 0x00, 0x1C, 0xFF, 0xFF, 0x34, 0x00, 0x00, 0xB6, 0xFF, 0xA9, 0x00, 0x00,
  0x00, 0x00, 0x00, 0x00, 0x00, 0x04, 0xFF, 0xFF, 0xFF, 0xFF, 0xFF, 0xFF, 0xFF, 0x34, 0x00, 0x00,
  0xD5, 0xFF, 0xC0, 0x00, 0x00, 0x00, 0x00, 0x00, 0x00, 0x00, 0x04, 0xFF, 0xFF, 0xFF, 0xFF, 0xFF,
  0xFF, 0xFF, 0x34, 0x00, 0x27, 0xFF, 0xFF, 0xFC, 0x20, 0x00, 0x00, 0x00, 0x00, 0x00, 0x00, 0x04,
  0xFF, 0xFF, 0x4C, 0x00, 0x1C, 0xFF, 0xFF, 0x34, 0x00, 0x9B, 0xFF, 0xF3, 0xFF, 0xB8, 0x01, 0x00,
  0x00, 0x00, 0x00, 0x00, 0x04, 0xFF, 0xFF, 0x55, 0x00, 0x26, 0xFF, 0xFF, 0x4D, 0x93, 0xFF, 0xE9,
  0x26, 0xE3, 0xFF, 0xA9, 0x26, 0x00, 0x00, 0x00, 0x00, 0x02, 0xFE, 0xFF, 0xFF, 0xFF, 0xFF, 0xFF,
  0xFF, 0xFF, 0xFF, 0xF3, 0x40, 0x00, 0x35, 0xF3, 0xFF, 0xFC, 0x12, 0x00, 0x00, 0x00, 0x00, 0xAF,
  0xFA, 0xFF, 0xFF, 0xFF, 0xFE, 0xCF, 0xBA, 0xDA, 0x2B, 0x00, 0x00, 0x00, 0x35, 0xDD, 0x94, 0x00,
  0x00, 0x00, 0x00, 0x00, 0x00, 0x00, 0x00, 0x00, 0x00, 0x00, 0x00, 0x04, 0x04, 0x00, 0x00, 0x00,
  0x00, 0x00, 0x05, 0x03, 0x00, 0x00, 0x00, 0x00, 0x00, 0x00, 0x0A, 0x63, 0xAD, 0xDC, 0xF5, 0xFB,
  0xEE, 0xCC, 0x94, 0x3E, 0x00, 0x00, 0x00, 0x00, 0x00, 0x00, 0x00, 0x00, 0x00, 0x00, 0x4A, 0xE9,
  0xFF, 0xFF, 0xFF, 0xFF, 0xFF, 0xFF, 0xFF, 0xFF, 0xFF, 0xB9, 0x15, 0x00, 0x00, 0x00, 0x00, 0x00,
  0x00, 0x00, 0x3A, 0xFA, 0xFF, 0xF6, 0x8B, 0x39, 0x15, 0x07, 0x1F, 0x56, 0xB5, 0xFF, 0xFF, 0xCA,
  0x03, 0x00, 0x00, 0x00, 0x00, 0x00, 0x00, 0xB3, 0xFF, 0xF6, 0x31, 0x00, 0x00, 0x00, 0x00, 0x00,
  0x00, 0x00, 0x85, 0xFF, 0xFF, 0x4E, 0x00, 0x00, 0x00, 0x00, 0x00, 0x00, 0xD7, 0xFF, 0xC6, 0x00,
  0x00, 0x00, 0x00, 0x00, 0x00, 0x00, 0x00, 0x2B, 0xFF, 0xFF, 0x72, 0x00, 0x00, 0x00, 0x00, 0x00,
  0x00, 0xB3, 0xFF, 0xF7, 0x31, 0x00, 0x00, 0x00, 0x00, 0x00, 0x00, 0x00, 0x85, 0xFF, 0xFF, 0x4E,
  0x00, 0x00, 0x00, 0x00, 0x00, 0x00, 0x3C, 0xFB, 0xFF, 0xF6, 0x8A, 0x39, 0x14, 0x07, 0x1E, 0x56,
  0xB4, 0xFF, 0xFF, 0xCD, 0x03, 0x00, 0x00, 0x00, 0x00, 0x00, 0x00, 0x00, 0x4D, 0xEB, 0xFF, 0xFF,
  0xFF, 0xFF, 0xFF, 0xFF, 0xFF, 0xFF, 0xFF, 0xBD, 0x17, 0x00, 0x00, 0x00, 0x00, 0x00, 0x00, 0x00,
  0x00, 0x00, 0x0B, 0x66, 0xB1, 0xDE, 0xF6, 0xFC, 0xF0, 0xD0, 0x98, 0x41, 0x00, 0x00, 0x00, 0x00,
  0x00, 0x00, 0x00, 0x00, 0x00, 0x00, 0x00, 0x00, 0x00, 0x00, 0x00, 0x00, 0x00, 0x00, 0x00, 0x00,
  0x00, 0x00, 0x00, 0x00, 0x00, 0x00, 0x00, 0x00, 0x00, 0x00, 0x00, 0x00, 0xD9, 0xFF, 0xA5, 0x00,
  0x00, 0x00, 0x00, 0x0C, 0xFC, 0xFF, 0x74, 0x00, 0x00, 0x00, 0x00, 0x00, 0x00, 0x00, 0x00, 0x00,
  0x00, 0xE0, 0xFF, 0xAC, 0x00, 0x00, 0x00, 0x00, 0x10, 0xFF, 0xFF, 0x7C, 0x00, 0x00, 0x00, 0x00,
  0x00, 0x00, 0x00, 0x00, 0x00, 0x00, 0xE0, 0xFF, 0xAC, 0x00, 0x00, 0x00, 0x00, 0x10, 0xFF, 0xFF,
  0x7C, 0x00, 0x00, 0x00, 0x00, 0x00, 0x00, 0x00, 0x00, 0x00, 0x00, 0xE0, 0xFF, 0xAC, 0x00, 0x00,
  0x00, 0x00, 0x10, 0xFF, 0xFF, 0x7C, 0x00, 0x00, 0x00, 0x00, 0x00, 0x8D, 0xFF, 0xFF, 0xFF, 0xFF,
  0xFF, 0xFF, 0xFF, 0xFF, 0xFF, 0xFF, 0xFF, 0xFF, 0xFF, 0xFF, 0xFF, 0xFF, 0xFF, 0xFF, 0xFF, 0x2F,
  0x8D, 0xFF, 0xFF, 0xFF, 0xFF, 0xFF, 0xFF, 0xFF, 0xFF, 0xFF, 0xFF, 0xFF, 0xFF, 0xFF, 0xFF, 0xFF,
  0xFF, 0xFF, 0xFF, 0xFF, 0x30, 0x00, 0x00, 0x00, 0x00, 0x00, 0x1F, 0x7B, 0xBA, 0xE2, 0xF6, 0xFC,
  0xF2, 0xD6, 0xA8, 0x60, 0x0A, 0x00, 0x00, 0x00, 0x00, 0x00, 0x00, 0x00, 0x00, 0x00, 0x79, 0xFB,
  0xFF, 0xFF, 0xFF, 0xFF, 0xFF, 0xFF, 0xFF, 0xFF, 0xFF, 0xE5, 0x3A, 0x00, 0x00, 0x00, 0x00, 0x00,
  0x00, 0x00, 0x4A, 0xFF, 0xFF, 0xD2, 0x63, 0x28, 0x10, 0x05, 0x16, 0x39, 0x7C, 0xED, 0xFF, 0xEB,
  0x0B, 0x00, 0x00, 0x00, 0x00, 0x00, 0x00, 0x86, 0xFF, 0xFF, 0x11, 0x00, 0x00, 0x00, 0x00, 0x00,
  0x00, 0x00, 0x63, 0xFF, 0xFF, 0x35, 0x00, 0x00, 0x00, 0x00, 0x00, 0x00, 0x50, 0xFF, 0xFF, 0xC7,
  0x5B, 0x24, 0x0D, 0x04, 0x12, 0x34, 0x74, 0xE8, 0xFF, 0xEF, 0x0E, 0x00, 0x00, 0x00, 0x00, 0x00,
  0x00, 0x00, 0x82, 0xFD, 0xFF, 0xFF, 0xFF, 0xFF, 0xFF, 0xFF, 0xFF, 0xFF, 0xFF, 0xEA, 0x41, 0x00,
  0x00, 0x00, 0x00, 0x00, 0x00, 0x00, 0x00, 0x00, 0x24, 0x80, 0xBE, 0xE4, 0xF7, 0xFD, 0xF3, 0xD9,
  0xAD, 0x66, 0x0D, 0x00, 0x00, 0x00, 0x00, 0x00, 0x00, 0x00, 0x00, 0x00, 0x00, 0x00, 0x00, 0x00,
  0x00, 0x00, 0x00, 0x00, 0x00, 0x00, 0x00, 0x00, 0x00, 0x00, 0x00, 0x00, 0x00, 0x8D, 0xFF, 0xFF,
  0xFF, 0xFF, 0xFF, 0xFF, 0xFF, 0xFF, 0xFF, 0xFF, 0xFF, 0xFF, 0xFF, 0xFF, 0xFF, 0xFF, 0xFF, 0xFF,
  0xFF, 0x2F, 0x8E, 0xFF, 0xFF, 0xFF, 0xFF, 0xFF, 0xFF, 0xFF, 0xFF, 0xFF, 0xFF, 0xFF, 0xFF, 0xFF,
  0xFF, 0xFF, 0xFF, 0xFF, 0xFF, 0xFF, 0x30, 0x00, 0x00, 0x00, 0x00, 0x00, 0x00, 0x00, 0x00, 0x00,
  0x00, 0x00, 0x00, 0x00, 0x00, 0x00, 0x00, 0x00, 0x00, 0x00, 0x00, 0x00, 0x00, 0x00, 0x00, 0x00,
  0x00, 0x00, 0x00, 0x00, 0x00, 0x00, 0x00, 0x00, 0x00, 0x00, 0x00, 0x00, 0x00, 0x00, 0x00, 0x00,
  0x00, 0x00, 0x00, 0x00, 0x78, 0xFF, 0xFF, 0xFF, 0xFF, 0xFF, 0xFF, 0xFF, 0xFF, 0xFF, 0xFF, 0xFF,
  0xFD, 0xCF, 0x02, 0x00, 0x00, 0x00, 0x00, 0x00, 0x00, 0x79, 0xFF, 0xFF, 0xFF, 0xFF, 0xFF, 0xFF,
  0xFF, 0xFF, 0xFF, 0xFF, 0xFF, 0xFF, 0xFF, 0x13, 0x00, 0x00, 0x00, 0x00, 0x00, 0x00, 0x00, 0x00,
  0x00, 0x00, 0x00, 0x00, 0x00, 0x00, 0x00, 0x00, 0x00, 0x6D, 0xFF, 0xFF, 0x14, 0x00, 0x00, 0x00,
  0x00, 0x00, 0x00, 0x3C, 0xEE, 0xFF, 0xFF, 0xFF, 0xFF, 0xFF, 0xFF, 0xFF, 0xFF, 0xFF, 0xFF, 0xFF,
  0xFF, 0x13, 0x00, 0x00, 0x00, 0x00, 0x00, 0x00, 0x72, 0xFF, 0xFF, 0xFF, 0xFF, 0xFF, 0xFF, 0xFF,
  0xFF, 0xFF, 0xFF, 0xFF, 0xFE, 0xD1, 0x02, 0x00, 0x00, 0x00, 0x00, 0x00, 0x00, 0x74, 0xFF, 0xFF,
  0x0B, 0x00, 0x00, 0x00, 0x00, 0x00, 0x00, 0x00, 0x00, 0x00, 0x00, 0x00, 0x00, 0x00, 0x00, 0x00,
  0x00, 0x00, 0x72, 0xFF, 0xFF, 0xFF, 0xFF, 0xFF, 0xFF, 0xFF, 0xFF, 0xFF, 0xFF, 0xFF, 0xFF, 0xFF,
  0x8C, 0x00, 0x00, 0x00, 0x00, 0x00, 0x00, 0x3C, 0xEE, 0xFF, 0xFF, 0xFF, 0xFF, 0xFF, 0xFF, 0xFF,
  0xFF, 0xFF, 0xFF, 0xFF, 0xFF, 0x8C, 0x00, 0x00, 0x00, 0x00, 0x00, 0x00, 0x00, 0x00, 0x12, 0x71,
  0xB6, 0xE1, 0xF6, 0xFC, 0xF0, 0xD2, 0x9D, 0x4A, 0x01, 0x00, 0x00, 0x00, 0x00, 0x00, 0x00, 0x00,
  0x00, 0x00, 0x5C, 0xF2, 0xFF, 0xFF, 0xFF, 0xFF, 0xFF, 0xFF, 0xFF, 0xFF, 0xFF, 0xC6, 0x1B, 0x00,
  0x00, 0x00, 0x00, 0x00, 0x00, 0x00, 0x40, 0xFE, 0xFF, 0xED, 0x79, 0x30, 0x12, 0x07, 0x1C, 0x4D,
  0xAE, 0xFF, 0xFF, 0xCA, 0x00, 0x00, 0x00, 0x00, 0x00, 0x00, 0x00, 0xA1, 0xFF, 0xFD, 0x23, 0x00,
  0x00, 0x00, 0x00, 0x00, 0x00, 0x00, 0x96, 0xFF, 0xFF, 0x2C, 0x00, 0x00, 0x00, 0x00, 0x00, 0x00,
  0xA0, 0xFF, 0xFD, 0x25, 0x00, 0x00, 0x00, 0x00, 0x00, 0x00, 0x00, 0x99, 0xFF, 0xFF, 0x2C, 0x00,
  0x00, 0x00, 0x00, 0x00, 0x00, 0x42, 0xFE, 0xFF, 0xEF, 0x7B, 0x2F, 0x11, 0x06, 0x1B, 0x4D, 0xB2,
  0xFF, 0xFF, 0xCB, 0x00, 0x00, 0x00, 0x00, 0x00, 0x00, 0x00, 0x00, 0x62, 0xF5, 0xFF, 0xFF, 0xFF,
  0xFF, 0xFF, 0xFF, 0xFF, 0xFF, 0xFF, 0xC9, 0x1C, 0x00, 0x00, 0x00, 0x00, 0x00, 0x00, 0x00, 0x00,
  0x00, 0x15, 0x73, 0xB8, 0xE2, 0xF7, 0xFC, 0xF1, 0xD3, 0x9E, 0x4C, 0x01, 0x00, 0x00, 0x00, 0x00,
  0x00, 0x00, 0x00, 0x00, 0x00, 0x00, 0x00, 0x00, 0x00, 0x00, 0x00, 0x00, 0x00, 0x00, 0x00, 0x00,
  0x00, 0x00, 0x00, 0x00, 0x00, 0x00, 0x8E, 0xFF, 0xFF, 0xFF, 0xFF, 0xFF, 0xFF, 0xFF, 0xFF, 0xFF,
  0xFF, 0xFF, 0xFF, 0xFF, 0xFF, 0xFF, 0xFF, 0xFF, 0xFF, 0xFE, 0x2B, 0x8D, 0xFF, 0xFF, 0xFF, 0xFF,
  0xFF, 0xFF, 0xFF, 0xFF, 0xFF, 0xFF, 0xFF, 0xFF, 0xFF, 0xFF, 0xFF, 0xFF, 0xFF, 0xFF, 0xFE, 0x2B,
  0x00, 0x00, 0x00, 0x00, 0x00, 0x00, 0x00, 0x00, 0x00, 0x00, 0x00, 0x00, 0x00, 0x00, 0x00, 0x00,
  0x00, 0x00, 0x00, 0x00, 0x00, 0x00, 0x00, 0x00, 0x00, 0x00, 0x00, 0x00, 0x00, 0x00, 0x00, 0x00,
  0x00, 0x00, 0x00, 0x00, 0x00, 0x00, 0x00, 0x00, 0x00, 0x00, 0x00, 0x00, 0x00, 0x29, 0xDF, 0xFF,
  0xFF, 0xFF, 0xFF, 0xFF, 0xFF, 0xFF, 0xFF, 0xFF, 0xFF, 0xFA, 0xB4, 0x00, 0x00, 0x00, 0x00, 0x00,
  0x00, 0x00, 0x6F, 0xFF, 0xFF, 0xFF, 0xFF, 0xFF, 0xFF, 0xFF, 0xFF, 0xFF, 0xFF, 0xFF, 0xFF, 0xFF,
  0x08, 0x00, 0x00, 0x00, 0x00, 0x00, 0x00, 0x74, 0xFF, 0xFF, 0x18, 0x00, 0x00, 0x00, 0x00, 0x00,
  0x00, 0x00, 0x82, 0xFF, 0xFF, 0x0C, 0x00, 0x00, 0x00, 0x00, 0x00, 0x00, 0x74, 0xFF, 0xFF, 0x14,
  0x00, 0x00, 0x00, 0x00, 0x00, 0x00, 0x00, 0x7C, 0xFF, 0xFF, 0x0C, 0x00, 0x00, 0x00, 0x00, 0x00,
  0x00, 0x74, 0xFF, 0xFF, 0x17, 0x00, 0x00, 0x00, 0x00, 0x00, 0x00, 0x00, 0x80, 0xFF, 0xFF, 0x0C,
  0x00, 0x00, 0x00, 0x00, 0x00, 0x00, 0x70, 0xFF, 0xFF, 0xFF, 0xFF, 0xFF, 0xFF, 0xFF, 0xFF, 0xFF,
  0xFF, 0xFF, 0xFF, 0xFF, 0x07, 0x00, 0x00, 0x00, 0x00, 0x00, 0x00, 0x32, 0xE6, 0xFF, 0xFF, 0xFF,
  0xFF, 0xFF, 0xFF, 0xFF, 0xFF, 0xFF, 0xFF, 0xFA, 0xA2, 0x00, 0x00, 0x00, 0x00, 0x00, 0x00, 0x00,
  0x00, 0x00, 0x00, 0x00, 0x00, 0x00, 0x00, 0x00, 0x00, 0x00, 0x00, 0x00, 0x62, 0xFF, 0xFE, 0x1B,
  0x00, 0x00, 0x00, 0x00, 0x00, 0x00, 0x33, 0xAD, 0xEB, 0xF7, 0xD5, 0x79, 0x07, 0x00, 0x00, 0x00,
  0x00, 0x68, 0xFF, 0xFF, 0x20, 0x00, 0x00, 0x00, 0x00, 0x00, 0x56, 0xFB, 0xFF, 0xFF, 0xFF, 0xFF,
  0xFF, 0xC7, 0x0C, 0x00, 0x00, 0x00, 0x68, 0xFF, 0xFF, 0x20, 0x00, 0x00, 0x00, 0x00, 0x1F, 0xF5,
  0xFF, 0xD3, 0x2F, 0x0C, 0x75, 0xFE, 0xFF, 0x96, 0x00, 0x00, 0x00, 0x68, 0xFF, 0xFF, 0x20, 0x00,
  0x00, 0x00, 0x00, 0x8E, 0xFF, 0xFD, 0x25, 0x00, 0x00, 0x00, 0x9C, 0xFF, 0xFA, 0x16, 0x00, 0x00,
  0x68, 0xFF, 0xFF, 0x20, 0x00, 0x00, 0x00, 0x00, 0xDD, 0xFF, 0xBD, 0x00, 0x00, 0x00, 0x00, 0x39,
  0xFF, 0xFF, 0x60, 0x00, 0x00, 0x68, 0xFF, 0xFF, 0x20, 0x00, 0x00, 0x00, 0x0D, 0xFF, 0xFF, 0x7C,
  0x00, 0x00, 0x00, 0x00, 0x00, 0xF7, 0xFF, 0x90, 0x00, 0x00, 0x68, 0xFF, 0xFF, 0x20, 0x00, 0x00,
  0x00, 0x20, 0xFF, 0xFF, 0x60, 0x00, 0x00, 0x00, 0x00, 0x00, 0xDD, 0xFF, 0xA4, 0x00, 0x00, 0x68,
  0xFF, 0xFF, 0x20, 0x00, 0x00, 0x00, 0x20, 0xFF, 0xFF, 0x61, 0x00, 0x00, 0x00, 0x00, 0x00, 0xDE,
  0xFF, 0xA3, 0x00, 0x00, 0x68, 0xFF, 0xFF, 0x20, 0x00, 0x00, 0x00, 0x0C, 0xFE, 0xFF, 0x7D, 0x00,
  0x00, 0x00, 0x00, 0x01, 0xF8, 0xFF, 0x8F, 0x00, 0x00, 0x68, 0xFF, 0xFF, 0x20, 0x00, 0x00, 0x00,
  0x00, 0xD9, 0xFF, 0xC0, 0x00, 0x00, 0x00, 0x00, 0x3B, 0xFF, 0xFF, 0x5E, 0x00, 0x00, 0x68, 0xFF,
  0xFF, 0x20, 0x00, 0x00, 0x00, 0x00, 0x88, 0xFF, 0xFE, 0x27, 0x00, 0x00, 0x00, 0x9E, 0xFF, 0xFA,
  0x14, 0x00, 0x00, 0x68, 0xFF, 0xFF, 0x20, 0x00, 0x00, 0x00, 0x00, 0x1A, 0xF3, 0xFF, 0xD4, 0x2E,
  0x0C, 0x75, 0xFE, 0xFF, 0x94, 0x00, 0x00, 0x00, 0x68, 0xFF, 0xFF, 0x20, 0x00, 0x00, 0x00, 0x00,
  0x00, 0x51, 0xFB, 0xFF, 0xFF, 0xFF, 0xFF, 0xFF, 0xC7, 0x0C, 0x00, 0x00, 0x00, 0x68, 0xFF, 0xFF,
  0x20, 0x00, 0x00, 0x00, 0x00, 0x00, 0x00, 0x32, 0xAE, 0xEB, 0xF8, 0xD6, 0x7A, 0x07, 0x00, 0x00,
  0x00, 0x00, 0x68, 0xFF, 0xFF, 0x20, 0x00, 0x00, 0x00, 0x00, 0x00, 0x00, 0x00, 0x00, 0x00, 0x00,
  0x00, 0x00, 0x00, 0x00, 0x00, 0x00, 0x00, 0x68, 0xFF, 0xFF, 0x20, 0x00, 0x00, 0x00, 0x00, 0x00,
  0x00, 0x00, 0x00, 0x00, 0x00, 0x00, 0x00, 0x00, 0x00, 0x00, 0x00, 0x00, 0x68, 0xFF, 0xFF, 0x20,
  0x00, 0x00, 0x00, 0x00, 0x00, 0x00, 0x00, 0x00, 0x00, 0x00, 0x00, 0x00, 0x00, 0x00, 0x00, 0x00,
  0x00, 0x68, 0xFF, 0xFF, 0x20, 0x00, 0x00, 0x00, 0x00, 0x00, 0x00, 0x00, 0x00, 0x00, 0x00, 0x00,
  0x00, 0x00, 0x00, 0x00, 0x00, 0x00, 0x68, 0xFF, 0xFF, 0x20, 0x00, 0x00, 0x00, 0x00, 0x00, 0x00,
  0x00, 0x00, 0x00, 0x00, 0x00, 0x00, 0x00, 0x00, 0x00, 0x00, 0x00, 0x62, 0xFF, 0xFE, 0x1B, 0x00,
  0x00, 0x00, 0x00, 0x00, 0x00, 0x00, 0x00, 0x00, 0x00, 0x00, 0x00, 0x00, 0x00, 0x00, 0x00, 0x46,
  0xFF, 0xFF, 0x33, 0x00, 0x00, 0x00, 0x00, 0x00, 0x00, 0x00, 0x00, 0x00, 0x00, 0x00, 0x00, 0x00,
  0x00, 0x00, 0x00, 0x00, 0x4C, 0xFF, 0xFF, 0x38, 0x00, 0x00, 0x00, 0x00, 0x22, 0xFE, 0xFF, 0xFF,
  0xFF, 0xFF, 0xFF, 0xFF, 0xF9, 0xB8, 0x06, 0x00, 0x00, 0x4C, 0xFF, 0xFF, 0x38, 0x00, 0x00, 0x00,
  0x00, 0x22, 0xFE, 0xFF, 0xFF, 0xFF, 0xFF, 0xFF, 0xFF, 0xFF, 0xFF, 0x21, 0x00, 0x00, 0x4C, 0xFF,
  0xFF, 0x38, 0x00, 0x00, 0x00, 0x00, 0x00, 0x00, 0x00, 0x00, 0x00, 0x00, 0x00, 0xC3, 0xFF, 0xDF,
  0x01, 0x00, 0x00, 0x4C, 0xFF, 0xFF, 0x38, 0x00, 0x00, 0x00, 0x00, 0x00, 0x00, 0x00, 0x00, 0x00,
  0x00, 0x15, 0xF9, 0xFF, 0x7C, 0x00, 0x00, 0x00, 0x4C, 0xFF, 0xFF, 0x38, 0x00, 0x00, 0x00, 0x00,
  0x00, 0x00, 0x00, 0x00, 0x00, 0x00, 0x8C, 0xFF, 0xF0, 0x16, 0x00, 0x00, 0x00, 0x4C, 0xFF, 0xFF,
  0x38, 0x00, 0x00, 0x00, 0x00, 0x00, 0x00, 0x00, 0x00, 0x00, 0x32, 0xFA, 0xFF, 0x6C, 0x00, 0x00,
  0x00, 0x00, 0x4C, 0xFF, 0xFF, 0x38, 0x00, 0x00, 0x00, 0x00, 0x00, 0x00, 0x00, 0x00, 0x13, 0xDB,
  0xFF, 0xFF, 0x38, 0x00, 0x00, 0x00, 0x00, 0x4C, 0xFF, 0xFF, 0xFF, 0xFF, 0xFF, 0x81, 0x00, 0x00,
  0x00, 0x00, 0x0D, 0xC6, 0xFF, 0xFF, 0xFF, 0xED, 0x32, 0x00, 0x00, 0x00, 0x4C, 0xFF, 0xFF, 0xFF,
  0xFF, 0xFF, 0x81, 0x00, 0x00, 0x00, 0x16, 0xC9, 0xFF, 0xF5, 0x5D, 0xED, 0xFF, 0xF1, 0x45, 0x00,
  0x00, 0x4C, 0xFF, 0xFF, 0x38, 0x00, 0x00, 0x00, 0x00, 0x00, 0x41, 0xE1, 0xFF, 0xF9, 0x4C, 0x00,
  0x39, 0xF2, 0xFF, 0xFC, 0x7D, 0x04, 0x4C, 0xFF, 0xFF, 0x38, 0x00, 0x00, 0x00, 0x0C, 0x96, 0xFE,
  0xFF, 0xF4, 0x47, 0x00, 0x00, 0x00, 0x38, 0xED, 0xFF, 0xFF, 0x53, 0x4C, 0xFF, 0xFF, 0x38, 0x00,
  0x00, 0x00, 0x86, 0xFF, 0xFF, 0xDE, 0x2D, 0x00, 0x00, 0x00, 0x00, 0x00, 0x27, 0xD3, 0xBE, 0x03,
  0x4C, 0xFF, 0xFF, 0x38, 0x00, 0x00, 0x00, 0x14, 0xE4, 0xA0, 0x0E, 0x00, 0x00, 0x00, 0x00, 0x00,
  0x00, 0x00, 0x04, 0x06, 0x00, 0x4C, 0xFF, 0xFF, 0x38, 0x00, 0x00, 0x00, 0x00, 0x05, 0x00, 0x00,
  0x00, 0x00, 0x00, 0x00, 0x00, 0x00, 0x00, 0x00, 0x00, 0x00, 0x4C, 0xFF, 0xFF, 0x38, 0x00, 0x00,
  0x00, 0x00, 0x00, 0x00, 0x00, 0x00, 0x00, 0x00, 0x00, 0x00, 0x00, 0x00, 0x00, 0x00, 0x00, 0x4C,
  0xFF, 0xFF, 0x38, 0x00, 0x00, 0x00, 0x00, 0x00, 0x00, 0x00, 0x00, 0x00, 0x00, 0x00, 0x00, 0x00,
  0x00, 0x00, 0x00, 0x00, 0x4C, 0xFF, 0xFF, 0x38, 0x00, 0x00, 0x00, 0x00, 0x00, 0x00, 0x00, 0x00,
  0x00, 0x00, 0x00, 0x00, 0x00, 0x00, 0x00, 0x00, 0x00, 0x4C, 0xFF, 0xFF, 0x38, 0x00, 0x00, 0x00,
  0x00, 0x00, 0x00, 0x00, 0x00, 0x00, 0x00, 0x00, 0x00, 0x00, 0x00, 0x00, 0x00, 0x00, 0x46, 0xFF,
  0xFF, 0x33, 0x00, 0x00, 0x00, 0x00, 0x00, 0x00, 0x00, 0x00, 0x00, 0x00, 0x00, 0x00, 0x00, 0x00,
  0x00, 0x00, 0x00, 0x46, 0xFF, 0xFF, 0x32, 0x00, 0x00, 0x00, 0x00, 0x00, 0xD1, 0xFF, 0xFF, 0xFF,
  0xFF, 0xFF, 0xFF, 0xFB, 0xC9, 0x11, 0x00, 0x00, 0x4C, 0xFF, 0xFF, 0x38, 0x00, 0x00, 0x00, 0x00,
  0x00, 0xD1, 0xFF, 0xFF, 0xFF, 0xFF, 0xFF, 0xFF, 0xFF, 0xFF, 0x31, 0x00, 0x00, 0x4C, 0xFF, 0xFF,
  0x38, 0x00, 0x00, 0x00, 0x00, 0x00, 0x00, 0x00, 0x00, 0x00, 0x00, 0x00, 0xD4, 0xFF, 0xED, 0x04,
  0x00, 0x00, 0x4C, 0xFF, 0xFF, 0x38, 0x00, 0x00, 0x00, 0x00, 0x00, 0x00, 0x00, 0x00, 0x00, 0x00,
  0x26, 0xFF, 0xFF, 0x98, 0x00, 0x00, 0x00, 0x4C, 0xFF, 0xFF, 0x38, 0x00, 0x00, 0x00, 0x00, 0x00,
  0x00, 0x00, 0x00, 0x00, 0x00, 0xA1, 0xFF, 0xFF, 0x34, 0x00, 0x00, 0x00, 0x4C, 0xFF, 0xFF, 0x38,
  0x00, 0x00, 0x00, 0x00, 0x00, 0x00, 0x00, 0x00, 0x00, 0x4F, 0xFE, 0xFF, 0xAC, 0x00, 0x00, 0x00,
  0x00, 0x4C, 0xFF, 0xFF, 0x38, 0x00, 0x00, 0x00, 0x00, 0x00, 0x00, 0x00, 0x00, 0x24, 0xF0, 0xFF,
  0xFF, 0x80, 0x00, 0x00, 0x00, 0x00, 0x4C, 0xFF, 0xFF, 0xFF, 0xFF, 0xFF, 0x81, 0x00, 0x00, 0x00,
  0x00, 0x32, 0xE4, 0xFF, 0xFF, 0xFF, 0xFF, 0x9E, 0x0D, 0x00, 0x00, 0x4C, 0xFF, 0xFF, 0xFF, 0xFF,
  0xFF, 0x81, 0x00, 0x00, 0x00, 0x59, 0xF5, 0xFF, 0xF3, 0x50, 0xAA, 0xFF, 0xFF, 0xE4, 0x5D, 0x02,
  0x4C, 0xFF, 0xFF, 0x38, 0x00, 0x00, 0x00, 0x00, 0x2A, 0xBC, 0xFF, 0xFF, 0xE8, 0x33, 0x00, 0x01,
  0x75, 0xFA, 0xFF, 0xFF, 0x5A, 0x4C, 0xFF, 0xFF, 0x38, 0x00, 0x00, 0x00, 0x00, 0xEC, 0xFF, 0xFF,
  0xC1, 0x1F, 0x00, 0x00, 0x00, 0x00, 0x2D, 0xBF, 0xD7, 0x06, 0x4C, 0xFF, 0xFF, 0x38, 0x00, 0x00,
  0x00, 0x00, 0x7B, 0xE6, 0x64, 0x02, 0x00, 0x00, 0x00, 0x00, 0x00, 0x00, 0x00, 0x05, 0x00, 0x4C,
  0xFF, 0xFF, 0x38, 0x00, 0x00, 0x00, 0x00, 0x00, 0x03, 0x00, 0x00, 0x00, 0x00, 0x00, 0x00, 0x00,
  0x00, 0x00, 0x00, 0x00, 0x4C, 0xFF, 0xFF, 0x38, 0x00, 0x00, 0x00, 0x00, 0x00, 0x00, 0x00, 0x86,
  0xFF, 0xF6, 0x00, 0x00, 0x00, 0x00, 0x00, 0x00, 0x00, 0x46, 0xFF, 0xFF, 0x33, 0x00, 0x00, 0x00,
  0x00, 0x00, 0x00, 0x00, 0x90, 0xFF, 0xFF, 0x00, 0x00, 0x00, 0x00, 0x00, 0x00, 0x00, 0x00, 0x00,
  0x00, 0x00, 0x00, 0x00, 0x00, 0x00, 0x00, 0x00, 0x00, 0x90, 0xFF, 0xFF, 0x00, 0x00, 0x00, 0x00,
  0x00, 0x00, 0x00, 0x00, 0x00, 0x00, 0x00, 0x00, 0x00, 0x00, 0x00, 0x00, 0x00, 0x00, 0x90, 0xFF,
  0xFF, 0x06, 0x00, 0x00, 0x00, 0x00, 0x00, 0x00, 0x00, 0x00, 0x00, 0x00, 0x00, 0x00, 0x00, 0x00,
  0x00, 0x00, 0x00, 0x8C, 0xFF, 0xFF, 0xFF, 0xFF, 0xFF, 0xFF, 0xFF, 0xFF, 0xFF, 0xFF, 0xFF, 0xFF,
  0xFC, 0x10, 0x00, 0x00, 0x00, 0x00, 0x00, 0x00, 0x47, 0xEB, 0xFF, 0xFF, 0xFF, 0xFF, 0xFF, 0xFF,
  0xFF, 0xFF, 0xFF, 0xFF, 0xFF, 0xFD, 0x10, 0x00, 0x00, 0x00, 0x00, 0x00, 0x00, 0x00, 0x00, 0x00,
  0x00, 0x00, 0x00, 0x00, 0x00, 0x00, 0x00, 0x00, 0x5A, 0xFF, 0xFE, 0x25, 0x00, 0x00, 0x00, 0x00,
  0x98, 0xFF, 0xFF, 0xFF, 0xFF, 0xFF, 0xFF, 0xFE, 0xDD, 0x34, 0x00, 0x00, 0x00, 0x60, 0xFF, 0xFF,
  0x2C, 0x00, 0x00, 0x00, 0x00, 0x99, 0xFF, 0xFF, 0xFF, 0xFF, 0xFF, 0xFF, 0xFF, 0xFF, 0x6C, 0x00,
  0x00, 0x00, 0x60, 0xFF, 0xFF, 0x2C, 0x00, 0x00, 0x00, 0x00, 0x00, 0x00, 0x00, 0x00, 0x00, 0x00,
  0x98, 0xFF, 0xFF, 0x28, 0x00, 0x00, 0x00, 0x60, 0xFF, 0xFF, 0x2C, 0x00, 0x00, 0x00, 0x00, 0x00,
  0x00, 0x00, 0x00, 0x00, 0x0E, 0xED, 0xFF, 0xBE, 0x00, 0x00, 0x00, 0x00, 0x60, 0xFF, 0xFF, 0x2C,
  0x00, 0x00, 0x00, 0x00, 0x00, 0x00, 0x00, 0x00, 0x00, 0x9A, 0xFF, 0xFF, 0x3F, 0x1F, 0xFE, 0xFF,
  0xFF, 0xFF, 0xFF, 0xFF, 0x2C, 0x00, 0x00, 0x00, 0x00, 0x00, 0x00, 0x00, 0x00, 0x74, 0xFF, 0xFF,
  0xC0, 0x00, 0x1F, 0xFE, 0xFF, 0xFF, 0xFF, 0xFF, 0xFF, 0x2C, 0x00, 0x00, 0x00, 0x00, 0x00, 0x00,
  0x00, 0x73, 0xFE, 0xFF, 0xFF, 0xFF, 0x9D, 0x0E, 0x00, 0x00, 0x00, 0x60, 0xFF, 0xFF, 0x2C, 0x00,
  0x00, 0x00, 0x00, 0x00, 0x15, 0xB1, 0xFF, 0xFF, 0xC3, 0xA1, 0xFF, 0xFF, 0xE8, 0x6B, 0x09, 0x00,
  0x60, 0xFF, 0xFF, 0x2C, 0x00, 0x00, 0x00, 0x0D, 0x80, 0xF2, 0xFF, 0xFF, 0x9B, 0x06, 0x00, 0x62,
  0xF3, 0xFF, 0xFF, 0x96, 0x00, 0x60, 0xFF, 0xFF, 0x2C, 0x00, 0x00, 0x00, 0xA0, 0xFF, 0xFF, 0xEA,
  0x63, 0x00, 0x00, 0x00, 0x00, 0x1B, 0xA0, 0xF2, 0x24, 0x00, 0x60, 0xFF, 0xFF, 0x2C, 0x00, 0x00,
  0x00, 0x33, 0xF3, 0x8A, 0x0E, 0x00, 0x00, 0x00, 0x00, 0x00, 0x00, 0x00, 0x03, 0x00, 0x00, 0x59,
  0xFF, 0xFE, 0x25, 0x00, 0x00, 0x00, 0x00, 0x04, 0x00, 0x00, 0x00, 0x00, 0x00, 0x00, 0x00, 0x00,
  0x00, 0x00, 0x00, 0x00, 0x00, 0x00, 0x00, 0x00, 0x00, 0x00, 0x00, 0x00, 0x00, 0x00, 0x3E, 0xFF,
  0xFF, 0xFF, 0xFF, 0xFF, 0xFF, 0xFF, 0xFF, 0xFF, 0xFF, 0xFF, 0xFE, 0xD2, 0x08, 0x00, 0x00, 0x00,
  0x00, 0x00, 0x00, 0x3E, 0xFF, 0xFF, 0xFF, 0xFF, 0xFF, 0xFF, 0xFF, 0xFF, 0xFF, 0xFF, 0xFF, 0xFF,
  0xFF, 0x29, 0x00, 0x00, 0x00, 0x00, 0x00, 0x00, 0x00, 0x00, 0x00, 0x00, 0x00, 0x00, 0x00, 0x00,
  0x00, 0x00, 0x00, 0x67, 0xFF, 0xFF, 0x2C, 0x00, 0x00, 0x00, 0x00, 0x00, 0x00, 0x00, 0x00, 0x00,
  0x00, 0x00, 0x00, 0x00, 0x00, 0x00, 0x00, 0x00, 0x60, 0xFF, 0xFF, 0x2C, 0x00, 0x00, 0x00, 0x00,
  0x00, 0x00, 0x00, 0x00, 0x00, 0x00, 0x00, 0x00, 0x00, 0x00, 0x00, 0x00, 0x00, 0x60, 0xFF, 0xFF,
  0x2C, 0x00, 0x00, 0x00, 0x00, 0x00, 0x00, 0x00, 0x00, 0x00, 0x00, 0x00, 0x00, 0x00, 0x00, 0x00,
  0x00, 0x00, 0x60, 0xFF, 0xFF, 0x2C, 0x00, 0x00, 0x00, 0x00, 0x00, 0x00, 0x00, 0x00, 0x00, 0x00,
  0x00, 0x00, 0x00, 0x00, 0x00, 0x00, 0x00, 0x58, 0xFF, 0xFE, 0x25, 0x00, 0x00, 0x00, 0x00, 0x00,
  0x00, 0x00, 0x00, 0x00, 0x00, 0x00, 0x00, 0x00, 0x00, 0x00, 0x00, 0x00, 0x5B, 0xFF, 0xFF, 0x23,
  0x00, 0x00, 0x00, 0x00, 0x99, 0xFF, 0xFF, 0xFF, 0xFF, 0xFF, 0xFF, 0xFE, 0xDD, 0x33, 0x00, 0x00,
  0x00, 0x60, 0xFF, 0xFF, 0x28, 0x00, 0x00, 0x00, 0x00, 0x99, 0xFF, 0xFF, 0xFF, 0xFF, 0xFF, 0xFF,
  0xFF, 0xFF, 0x6B, 0x00, 0x00, 0x00, 0x60, 0xFF, 0xFF, 0x28, 0x00, 0x00, 0x00, 0x00, 0x00, 0x00,
  0x00, 0x00, 0x00, 0x00, 0x9C, 0xFF, 0xFF, 0x2A, 0x00, 0x00, 0x00, 0x60, 0xFF, 0xFF, 0x28, 0x00,
  0x00, 0x00, 0x00, 0x00, 0x00, 0x00, 0x00, 0x00, 0x05, 0xE8, 0xFF, 0xD0, 0x00, 0x00, 0x00, 0x00,
  0x60, 0xFF, 0xFF, 0x28, 0x00, 0x00, 0x00, 0x00, 0x00, 0x00, 0x00, 0x00, 0x00, 0x69, 0xFF, 0xFF,
  0x6B, 0x2A, 0xFF, 0xFF, 0xFF, 0xFF, 0xFF, 0xFF, 0x28, 0x00, 0x00, 0x00, 0x00, 0x00, 0x00, 0x00,
  0x00, 0x25, 0xF1, 0xFF, 0xDE, 0x06, 0x2A, 0xFF, 0xFF, 0xFF, 0xFF, 0xFF, 0xFF, 0x28, 0x00, 0x00,
  0x00, 0x00, 0x00, 0x00, 0x00, 0x0A, 0xD2, 0xFF, 0xFF, 0xB3, 0x04, 0x00, 0x00, 0x00, 0x00, 0x60,
  0xFF, 0xFF, 0x28, 0x00, 0x00, 0x00, 0x00, 0x00, 0x00, 0x18, 0xC8, 0xFF, 0xFF, 0xFF, 0xFF, 0xC2,
  0x20, 0x00, 0x00, 0x00, 0x60, 0xFF, 0xFF, 0x28, 0x00, 0x00, 0x00, 0x00, 0x00, 0x38, 0xE2, 0xFF,
  0xFE, 0x76, 0x7B, 0xFE, 0xFF, 0xF5, 0x7B, 0x0B, 0x00, 0x60, 0xFF, 0xFF, 0x28, 0x00, 0x00, 0x00,
  0x16, 0x9D, 0xFE, 0xFF, 0xF9, 0x5A, 0x00, 0x00, 0x4C, 0xEC, 0xFF, 0xFF, 0x91, 0x00, 0x60, 0xFF,
  0xFF, 0x28, 0x00, 0x00, 0x00, 0xB6, 0xFF, 0xFF, 0xDD, 0x3B, 0x00, 0x00, 0x00, 0x00, 0x16, 0xA1,
  0xF2, 0x21, 0x00, 0x60, 0xFF, 0xFF, 0x28, 0x00, 0x00, 0x00, 0x45, 0xF2, 0x82, 0x0B, 0x00, 0x00,
  0x00, 0x00, 0x00, 0x00, 0x00, 0x04, 0x00, 0x00, 0x60, 0xFF, 0xFF, 0x28, 0x00, 0x00, 0x00, 0x00,
  0x03, 0x00, 0x00, 0x9F, 0xFF, 0xD6, 0x00, 0x00, 0x00, 0x00, 0x00, 0x00, 0x00, 0x5A, 0xFF, 0xFF,
  0x23, 0x00, 0x00, 0x00, 0x00, 0x00, 0x00, 0x00, 0xA8, 0xFF, 0xE0, 0x00, 0x00, 0x00, 0x00, 0x00,
  0x00, 0x00, 0x00, 0x00, 0x00, 0x00, 0x00, 0x00, 0x00, 0x00, 0x00, 0x00, 0x00, 0xA8, 0xFF, 0xE0,
  0x00, 0x00, 0x00, 0x00, 0x00, 0x00, 0x00, 0x00, 0x00, 0x00, 0x00, 0x00, 0x00, 0x00, 0x00, 0x00,
  0x00, 0x00, 0xA8, 0xFF, 0xE0, 0x00, 0x00, 0x00, 0x00, 0x00, 0x00, 0x00, 0x00, 0x00, 0x00, 0x00,
  0x00, 0x00, 0x00, 0x00, 0x00, 0x00, 0x00, 0xA8, 0xFF, 0xE5, 0x01, 0x00, 0x00, 0x00, 0x00, 0x00,
  0x00, 0x00, 0x00, 0x00, 0x00, 0x00, 0x00, 0x00, 0x00, 0x00, 0x00, 0x00, 0xA2, 0xFF, 0xFF, 0xFF,
  0xFF, 0xFF, 0xFF, 0xFF, 0xFF, 0xFF, 0xFF, 0xFF, 0xFF, 0xC1, 0x00, 0x00, 0x00, 0x00, 0x00, 0x00,
  0x00, 0x53, 0xEF, 0xFF, 0xFF, 0xFF, 0xFF, 0xFF, 0xFF, 0xFF, 0xFF, 0xFF, 0xFF, 0xFF, 0xC2, 0x00,
  0x00, 0x00, 0x00, 0x00, 0x27, 0xFF, 0xFF, 0xFF, 0xFF, 0xFF, 0xFF, 0xFF, 0xFF, 0xFF, 0xFF, 0xFC,
  0xD1, 0x21, 0x00, 0x00, 0x00, 0x00, 0x00, 0x00, 0x00, 0x27, 0xFF, 0xFF, 0xFF, 0xFF, 0xFF, 0xFF,
  0xFF, 0xFF, 0xFF, 0xFF, 0xFF, 0xFF, 0x2F, 0x00, 0x00, 0x00, 0x00, 0x00, 0x00, 0x00, 0x00, 0x00,
  0x00, 0x00, 0x00, 0x00, 0x00, 0x00, 0x0B, 0xC7, 0xFF, 0xFF, 0x9D, 0x00, 0x00, 0x00, 0x00, 0x00,
  0x00, 0x00, 0x00, 0x00, 0x00, 0x00, 0x00, 0x00, 0x00, 0x00, 0x27, 0xCF, 0xFF, 0xFF, 0xBF, 0x06,
  0x00, 0x00, 0x00, 0x00, 0x00, 0x00, 0x00, 0x00, 0x00, 0x00, 0x00, 0x00, 0x00, 0x13, 0x87, 0xF8,
  0xFF, 0xFF, 0xA5, 0x08, 0x00, 0x00, 0x00, 0x00, 0x00, 0x00, 0x00, 0x00, 0x00, 0x00, 0x00, 0x01,
  0x3F, 0x9F, 0xF4, 0xFF, 0xFF, 0xFF, 0xFF, 0xB3, 0x46, 0x01, 0x00, 0x00, 0x00, 0x00, 0x00, 0x00,
  0x00, 0x09, 0x4B, 0x95, 0xE1, 0xFF, 0xFF, 0xFF, 0xDF, 0x7E, 0xB8, 0xFF, 0xFF, 0xFF, 0xDE, 0x83,
  0x34, 0x02, 0x00, 0x00, 0x00, 0x00, 0xB2, 0xFF, 0xFF, 0xFF, 0xFC, 0xB5, 0x4C, 0x02, 0x00, 0x00,
  0x32, 0xA1, 0xF8, 0xFF, 0xFF, 0xFF, 0x70, 0x00, 0x00, 0x00, 0x00, 0x60, 0xEA, 0xA3, 0x59, 0x11,
  0x00, 0x00, 0x00, 0x00, 0x00, 0x00, 0x00, 0x11, 0x67, 0xB8, 0xED, 0x1B, 0x00, 0x00, 0x00, 0x00,
  0x00, 0x00, 0x00, 0x00, 0x00, 0x00, 0x00, 0x00, 0x00, 0x00, 0x00, 0x00, 0x00, 0x00, 0x00, 0x00,
  0x00, 0x00, 0x00, 0x00, 0x00, 0x00, 0x00, 0x00, 0x00, 0x00, 0x00, 0x00, 0x00, 0x00, 0x00, 0x00,
  0x00, 0x00, 0x00, 0x00, 0x00, 0x00, 0x00, 0x00, 0x8D, 0xFF, 0xFF, 0xFF, 0xFF, 0xFF, 0xFF, 0xFF,
  0xFF, 0xFF, 0xFF, 0xFF, 0xFF, 0xFF, 0xFF, 0xFF, 0xFF, 0xFF, 0xFF, 0xFF, 0x2F, 0x8D, 0xFF, 0xFF,
  0xFF, 0xFF, 0xFF, 0xFF, 0xFF, 0xFF, 0xFF, 0xFF, 0xFF, 0xFF, 0xFF, 0xFF, 0xFF, 0xFF, 0xFF, 0xFF,
  0xFF, 0x30, 0x00, 0x00, 0x00, 0x00, 0x00, 0x00, 0x00, 0x00, 0x00, 0xF0, 0xFF, 0x98, 0x00, 0x00,
  0x00, 0x00, 0x00, 0x00, 0x00, 0x00, 0x00, 0x00, 0x00, 0x00, 0x00, 0x00, 0x00, 0x00, 0x00, 0x00,
  0xF0, 0xFF, 0x98, 0x00, 0x00, 0x00, 0x00, 0x00, 0x00, 0x00, 0x00, 0x00, 0x00, 0x00, 0x00, 0x00,
  0x00, 0x00, 0x00, 0x00, 0x00, 0xF0, 0xFF, 0x98, 0x00, 0x00, 0x00, 0x00, 0x00, 0x00, 0x00, 0x00,
  0x00, 0x00, 0x00, 0x00, 0x00, 0x00, 0x00, 0x00, 0x00, 0x00, 0xF0, 0xFF, 0x98, 0x00, 0x00, 0x00,
  0x00, 0x00, 0x00, 0x00, 0x00, 0x00, 0x00, 0x00, 0x00, 0x00, 0x00, 0x00, 0x00, 0x00, 0x00, 0xF0,
  0xFF, 0x98, 0x00, 0x00, 0x00, 0x00, 0x00, 0x00, 0x00, 0x00, 0x00, 0x00, 0x00, 0x00, 0x00, 0x00,
  0x00, 0x00, 0x00, 0x00, 0xF0, 0xFF, 0x98, 0x00, 0x00, 0x00, 0x00, 0x00, 0x00, 0x00, 0x00, 0x00,
  0x00, 0x00, 0x00, 0x00, 0x00, 0x00, 0x00, 0x00, 0x00, 0xEA, 0xFF, 0x92, 0x00, 0x00, 0x00, 0x00,
  0x00, 0x00, 0x00, 0x00, 0x00, 0x00, 0x00, 0x00, 0x3F, 0xFF, 0xFF, 0xFF, 0xFF, 0xFF, 0xFC, 0x19,
  0x00, 0x00, 0x00, 0x00, 0x33, 0xFF, 0xFF, 0x46, 0x00, 0x00, 0x00, 0x00, 0x00, 0x40, 0xFF, 0xFF,
  0xFF, 0xFF, 0xFF, 0xFC, 0x19, 0x00, 0x00, 0x00, 0x00, 0x38, 0xFF, 0xFF, 0x4C, 0x00, 0x00, 0x00,
  0x00, 0x00, 0x00, 0x00, 0x00, 0x00, 0x00, 0x00, 0x00, 0x00, 0x00, 0x00, 0x00, 0x00, 0x38, 0xFF,
  0xFF, 0x4C, 0x00, 0x00, 0x00, 0x00, 0x00, 0x00, 0x00, 0x00, 0x00, 0x00, 0x00, 0x00, 0x00, 0x00,
  0x00, 0x00, 0x00, 0x38, 0xFF, 0xFF, 0x4C, 0x00, 0x00, 0x00, 0x00, 0xE9, 0xFF, 0xFF, 0xFF, 0xFF,
  0xFF, 0xFF, 0xFF, 0xE4, 0x39, 0x00, 0x00, 0x00, 0x38, 0xFF, 0xFF, 0x4C, 0x00, 0x00, 0x00, 0x00,
  0xE8, 0xFF, 0xFF, 0xFF, 0xFF, 0xFF, 0xFF, 0xFF, 0xFF, 0x6E, 0x00, 0x00, 0x00, 0x38, 0xFF, 0xFF,
  0x4C, 0x00, 0x00, 0x00, 0x00, 0x00, 0x00, 0x00, 0x00, 0x00, 0x00, 0x88, 0xFF, 0xFC, 0x28, 0x00,
  0x00, 0x00, 0x38, 0xFF, 0xFF, 0x4C, 0x00, 0x00, 0x00, 0x00, 0x00, 0x00, 0x00, 0x00, 0x00, 0x1E,
  0xF0, 0xFF, 0x95, 0x00, 0x00, 0x00, 0x00, 0x38, 0xFF, 0xFF, 0x4C, 0x00, 0x00, 0x00, 0x00, 0x00,
  0x00, 0x00, 0x00, 0x15, 0xD2, 0xFF, 0xD7, 0x0C, 0x00, 0xE1, 0xFF, 0xFF, 0xFF, 0xFF, 0xFF, 0x4C,
  0x00, 0x00, 0x00, 0x00, 0x00, 0x00, 0x00, 0x19, 0xD6, 0xFF, 0xFF, 0x78, 0x00, 0x00, 0xE2, 0xFF,
  0xFF, 0xFF, 0xFF, 0xFF, 0x4C, 0x00, 0x00, 0x00, 0x00, 0x00, 0x00, 0x39, 0xE4, 0xFF, 0xFF, 0xFF,
  0xFB, 0x53, 0x00, 0x00, 0x00, 0x00, 0x38, 0xFF, 0xFF, 0x4C, 0x00, 0x00, 0x00, 0x00, 0x03, 0x73,
  0xFA, 0xFF, 0xF5, 0x5C, 0xD1, 0xFF, 0xFC, 0x64, 0x00, 0x00, 0x00, 0x38, 0xFF, 0xFF, 0x4C, 0x00,
  0x00, 0x00, 0x3E, 0xD2, 0xFF, 0xFF, 0xE7, 0x34, 0x00, 0x1B, 0xDD, 0xFF, 0xFF, 0x91, 0x06, 0x00,
  0x38, 0xFF, 0xFF, 0x4C, 0x00, 0x00, 0x02, 0xF4, 0xFF, 0xFF, 0xB1, 0x1B, 0x00, 0x00, 0x00, 0x1D,
  0xD8, 0xFF, 0xFF, 0x4A, 0x00, 0x38, 0xFF, 0xFF, 0x4C, 0x00, 0x00, 0x00, 0x84, 0xE1, 0x4E, 0x00,
  0x00, 0x00, 0x00, 0x00, 0x00, 0x14, 0xBB, 0xC5, 0x01, 0x00, 0x38, 0xFF, 0xFF, 0x4C, 0x00, 0x00,
  0x00, 0x01, 0x03, 0x00, 0x00, 0x00, 0x00, 0x00, 0x00, 0x00, 0x00, 0x00, 0x07, 0x00, 0x00, 0x38,
  0xFF, 0xFF, 0x4C, 0x00, 0x00, 0x00, 0x00, 0x00, 0x00, 0x00, 0x00, 0x00, 0x00, 0x00, 0x00, 0x00,
  0x00, 0x00, 0x00, 0x00, 0x38, 0xFF, 0xFF, 0x4C, 0x00, 0x00, 0x00, 0x00, 0x00, 0x00, 0x00, 0x00,
  0x00, 0x00, 0x00, 0x00, 0x00, 0x00, 0x00, 0x00, 0x00, 0x38, 0xFF, 0xFF, 0x4C, 0x00, 0x00, 0x00,
  0x00, 0x00, 0x00, 0x00, 0x00, 0x00, 0x00, 0x00, 0x00, 0x00, 0x00, 0x00, 0x00, 0x00, 0x38, 0xFF,
  0xFF, 0x4C, 0x00, 0x00, 0x00, 0x00, 0x00, 0x00, 0x00, 0x00, 0x00, 0x00, 0x00, 0x00, 0x00, 0x00,
  0x00, 0x00, 0x00, 0x33, 0xFF, 0xFF, 0x46, 0x00, 0x00, 0x00, 0x00, 0x00, 0x2F, 0xFF, 0xFF, 0xFF,
  0xFF, 0xFF, 0xFE, 0x2A, 0x00, 0x00, 0x00, 0x00, 0x60, 0xFF, 0xFE, 0x23, 0x00, 0x00, 0x00, 0x00,
  0x00, 0x30, 0xFF, 0xFF, 0xFF, 0xFF, 0xFF, 0xFE, 0x2B, 0x00, 0x00, 0x00, 0x00, 0x68, 0xFF, 0xFF,
  0x28, 0x00, 0x00, 0x00, 0x00, 0x00, 0x00, 0x00, 0x00, 0x00, 0x00, 0x00, 0x00, 0x00, 0x00, 0x00,
  0x00, 0x00, 0x68, 0xFF, 0xFF, 0x28, 0x00, 0x00, 0x00, 0x00, 0x00, 0x00, 0x00, 0x00, 0x00, 0x00,
  0x00, 0x00, 0x00, 0x00, 0x00, 0x00, 0x00, 0x68, 0xFF, 0xFF, 0x28, 0x00, 0x00, 0x00, 0x00, 0xD4,
  0xFF, 0xFF, 0xFF, 0xFF, 0xFF, 0xFF, 0xFF, 0xE8, 0x47, 0x00, 0x00, 0x00, 0x68, 0xFF, 0xFF, 0x28,
  0x00, 0x00, 0x00, 0x00, 0xD5, 0xFF, 0xFF, 0xFF, 0xFF, 0xFF, 0xFF, 0xFF, 0xFF, 0x80, 0x00, 0x00,
  0x00, 0x68, 0xFF, 0xFF, 0x28, 0x00, 0x00, 0x00, 0x00, 0x00, 0x00, 0x00, 0x00, 0x00, 0x00, 0x88,
  0xFF, 0xFF, 0x36, 0x00, 0x00, 0x00, 0x68, 0xFF, 0xFF, 0x28, 0x00, 0x00, 0x00, 0x00, 0x00, 0x00,
  0x00, 0x00, 0x00, 0x1D, 0xF0, 0xFF, 0xA4, 0x00, 0x00, 0x00, 0x00, 0x68, 0xFF, 0xFF, 0x28, 0x00,
  0x00, 0x00, 0x00, 0x00, 0x00, 0x00, 0x00, 0x12, 0xD0, 0xFF, 0xE0, 0x11, 0x00, 0x00, 0x00, 0x00,
  0x68, 0xFF, 0xFF, 0x28, 0x00, 0x00, 0x00, 0x00, 0x00, 0x00, 0x00, 0x14, 0xD1, 0xFF, 0xFF, 0xDF,
  0x26, 0x00, 0x00, 0x00, 0x00, 0x68, 0xFF, 0xFF, 0x28, 0x00, 0x00, 0x00, 0x00, 0x00, 0x00, 0x2E,
  0xDD, 0xFF, 0xFF, 0xF6, 0xFF, 0xEF, 0x4F, 0x00, 0x00, 0x00, 0x68, 0xFF, 0xFF, 0x28, 0x00, 0x00,
  0x00, 0x00, 0x00, 0x5F, 0xF5, 0xFF, 0xFE, 0x69, 0x38, 0xEF, 0xFF, 0xFF, 0xA0, 0x14, 0x00, 0x68,
  0xFF, 0xFF, 0x28, 0x00, 0x00, 0x00, 0x2B, 0xC0, 0xFF, 0xFF, 0xF3, 0x52, 0x00, 0x00, 0x2A, 0xDE,
  0xFF, 0xFF, 0x89, 0x00, 0x68, 0xFF, 0xFF, 0x28, 0x00, 0x00, 0x00, 0xE6, 0xFF, 0xFF, 0xC7, 0x26,
  0x00, 0x00, 0x00, 0x00, 0x11, 0xA9, 0xEA, 0x14, 0x00, 0x68, 0xFF, 0xFF, 0x28, 0x00, 0x00, 0x00,
  0x76, 0xE9, 0x67, 0x03, 0x00, 0x00, 0x00, 0x00, 0x00, 0x00, 0x00, 0x0A, 0x00, 0x00, 0x68, 0xFF,
  0xFF, 0x28, 0x00, 0x00, 0x00, 0x00, 0x04, 0x00, 0x00, 0x00, 0x00, 0x00, 0x00, 0x00, 0x00, 0x00,
  0x00, 0x00, 0x00, 0x68, 0xFF, 0xFF, 0x28, 0x00, 0x00, 0x00, 0x00, 0x00, 0x00, 0x00, 0x00, 0x00,
  0x00, 0x00, 0x00, 0x00, 0x00, 0x00, 0x00, 0x00, 0x68, 0xFF, 0xFF, 0x28, 0x00, 0x00, 0x00, 0x00,
  0x00, 0x00, 0x00, 0x00, 0x00, 0x00, 0x00, 0x00, 0x00, 0x00, 0x00, 0x00, 0x00, 0x68, 0xFF, 0xFF,
  0x28, 0x00, 0x00, 0x00, 0x00, 0x00, 0x00, 0x00, 0x00, 0x00, 0x00, 0x00, 0x00, 0x00, 0x00, 0x00,
  0x00, 0x00, 0x68, 0xFF, 0xFF, 0x28, 0x00, 0x00, 0x00, 0x00, 0x00, 0x00, 0x00, 0x00, 0x00, 0x00,
  0x00, 0x00, 0x00, 0x00, 0x00, 0x00, 0x00, 0x62, 0xFF, 0xFF, 0x23, 0x00, 0x00, 0x00, 0x00, 0x00,
  0x00, 0x00, 0x00, 0x00, 0x00, 0x00, 0x00, 0x00, 0x00, 0x00, 0x00, 0x00, 0x62, 0xFF, 0xFE, 0x21,
  0x00, 0x00, 0x00, 0x00, 0x00, 0x00, 0x00, 0x00, 0x00, 0x00, 0x00, 0x00, 0x00, 0x00, 0x00, 0x00,
  0x00, 0x68, 0xFF, 0xFF, 0x28, 0x00, 0x00, 0x00, 0x00, 0xD7, 0xFF, 0xFF, 0xFF, 0xFF, 0xFF, 0xFF,
  0xFF, 0xFB, 0xB5, 0x00, 0x00, 0x00, 0x68, 0xFF, 0xFF, 0x28, 0x00, 0x00, 0x00, 0x00, 0xD6, 0xFF,
  0xFF, 0xFF, 0xFF, 0xFF, 0xFF, 0xFF, 0xFF, 0xFF, 0x03, 0x00, 0x00, 0x68, 0xFF, 0xFF, 0x28, 0x00,
  0x00, 0x00, 0x00, 0x00, 0x00, 0x00, 0x00, 0x00, 0x00, 0x01, 0xB6, 0xFF, 0xE9, 0x00, 0x00, 0x00,
  0x68, 0xFF, 0xFF, 0x28, 0x00, 0x00, 0x00, 0x00, 0x00, 0x00, 0x00, 0x00, 0x00, 0x00, 0x00, 0xD9,
  0xFF, 0xC3, 0x00, 0x00, 0x00, 0x68, 0xFF, 0xFF, 0x28, 0x00, 0x00, 0x00, 0x00, 0x00, 0x00, 0x00,
  0x00, 0x00, 0x00, 0x16, 0xFF, 0xFF, 0x80, 0x00, 0x00, 0x00, 0x68, 0xFF, 0xFF, 0x28, 0x00, 0x00,
  0x00, 0x34, 0xFF, 0xFF, 0xFF, 0xFF, 0xFF, 0xFF, 0xFF, 0xFF, 0xFF, 0x31, 0x00, 0x00, 0x00, 0x68,
  0xFF, 0xFF, 0x28, 0x00, 0x00, 0x00, 0x34, 0xFF, 0xFF, 0xFF, 0xFF, 0xFF, 0xFF, 0xFF, 0xFF, 0xC2,
  0x00, 0x00, 0x00, 0x00, 0x68, 0xFF, 0xFF, 0x28, 0x00, 0x00, 0x00, 0x00, 0x00, 0x00, 0x00, 0x00,
  0x00, 0x97, 0xFF, 0xFF, 0x43, 0x00, 0x00, 0x00, 0x00, 0x68, 0xFF, 0xFF, 0x28, 0x00, 0x00, 0x00,
  0x00, 0x00, 0x00, 0x00, 0x00, 0x4F, 0xFF, 0xFF, 0x9B, 0x00, 0x00, 0x00, 0x00, 0x00, 0x68, 0xFF,
  0xFF, 0x28, 0x00, 0x00, 0x00, 0x00, 0x00, 0x00, 0x00, 0x57, 0xF9, 0xFF, 0xC6, 0x09, 0x00, 0x00,
  0x00, 0x00, 0x00, 0x68, 0xFF, 0xFF, 0x28, 0x00, 0x00, 0x00, 0x00, 0x00, 0x12, 0x9A, 0xFE, 0xFF,
  0xCB, 0x13, 0x00, 0x00, 0x00, 0x00, 0x00, 0x00, 0x68, 0xFF, 0xFF, 0x28, 0x00, 0x00, 0x00, 0x12,
  0x7F, 0xED, 0xFF, 0xFF, 0xB1, 0x0B, 0x00, 0x00, 0x00, 0x00, 0x00, 0x00, 0x00, 0x68, 0xFF, 0xFF,
  0x28, 0x00, 0x00, 0x00, 0xAA, 0xFF, 0xFF, 0xF5, 0x6B, 0x00, 0x00, 0x00, 0x00, 0x00, 0x00, 0x00,
  0x00, 0x00, 0x68, 0xFF, 0xFF, 0x28, 0x00, 0x00, 0x00, 0x26, 0xF2, 0xA0, 0x1C, 0x00, 0x00, 0x00,
  0x00, 0x00, 0x00, 0x00, 0x00, 0x00, 0x00, 0x68, 0xFF, 0xFF, 0x28, 0x00, 0x00, 0x00, 0x00, 0x05,
  0x00, 0x00, 0x00, 0x00, 0x00, 0x00, 0x00, 0x00, 0x00, 0x00, 0x00, 0x00, 0x68, 0xFF, 0xFF, 0x28,
  0x00, 0x00, 0x00, 0x00, 0x00, 0x00, 0x00, 0x00, 0x00, 0x00, 0x00, 0x00, 0x00, 0x00, 0x00, 0x00,
  0x00, 0x68, 0xFF, 0xFF, 0x28, 0x00, 0x00, 0x00, 0x00, 0x00, 0x00, 0x00, 0x00, 0x00, 0x00, 0x00,
  0x00, 0x00, 0x00, 0x00, 0x00, 0x00, 0x68, 0xFF, 0xFF, 0x28, 0x00, 0x00, 0x00, 0x00, 0x00, 0x00,
  0x00, 0x00, 0x00, 0x00, 0x00, 0x00, 0x00, 0x00, 0x00, 0x00, 0x00, 0x62, 0xFF, 0xFF, 0x22, 0x00,
  0x00, 0x00, 0x00, 0x00, 0x00, 0x00, 0x00, 0x00, 0x00, 0x00, 0x00, 0x00, 0x00, 0x00, 0x00, 0x00,
  0x09, 0xFD, 0xFF, 0x76, 0x00, 0x00, 0x00, 0x00, 0x00, 0x00, 0x00, 0x00, 0x00, 0x00, 0x00, 0x00,
  0x00, 0x00, 0x00, 0x00, 0x00, 0x0C, 0xFF, 0xFF, 0x7C, 0x00, 0x00, 0x00, 0x00, 0xAF, 0xFC, 0xFF,
  0xFF, 0xFF, 0xFF, 0xFF, 0xFF, 0xFE, 0x18, 0x00, 0x00, 0x00, 0x0C, 0xFF, 0xFF, 0x7C, 0x00, 0x00,
  0x00, 0x00, 0xF6, 0xFF, 0xFF, 0xFF, 0xFF, 0xFF, 0xFF, 0xFF, 0xFE, 0x18, 0x00, 0x00, 0x00, 0x0C,
  0xFF, 0xFF, 0x7C, 0x00, 0x00, 0x00, 0x00, 0xF8, 0xFF, 0x94, 0x00, 0x00, 0x00, 0x00, 0x00, 0x00,
  0x00, 0x00, 0x00, 0x00, 0x0C, 0xFF, 0xFF, 0x7C, 0x00, 0x00, 0x00, 0x00, 0xF8, 0xFF, 0x8C, 0x00,
  0x00, 0x00, 0x00, 0x00, 0x00, 0x00, 0x00, 0x00, 0x00, 0x0C, 0xFF, 0xFF, 0x7C, 0x00, 0x00, 0x00,
  0x00, 0xF8, 0xFF, 0x8C, 0x00, 0x00, 0x00, 0x00, 0x00, 0x00, 0x00, 0x00, 0x00, 0x00, 0x0C, 0xFF,
  0xFF, 0x7C, 0x00, 0x00, 0x00, 0x00, 0xF8, 0xFF, 0xFF, 0xFF, 0xFF, 0xFF, 0xFF, 0xFF, 0x7C, 0x00,
  0xBB, 0xFF, 0xFF, 0xFF, 0xFF, 0xFF, 0x7C, 0x00, 0x00, 0x00, 0x00, 0xF8, 0xFF, 0xFF, 0xFF, 0xFF,
  0xFF, 0xFF, 0xFF, 0x7E, 0x00, 0xBC, 0xFF, 0xFF, 0xFF, 0xFF, 0xFF, 0x7C, 0x00, 0x00, 0x00, 0x00,
  0xF8, 0xFF, 0x8C, 0x00, 0x00, 0x00, 0x00, 0x00, 0x00, 0x00, 0x00, 0x00, 0x00, 0x0C, 0xFF, 0xFF,
  0x7C, 0x00, 0x00, 0x00, 0x00, 0xF8, 0xFF, 0x8C, 0x00, 0x00, 0x00, 0x00, 0x00, 0x00, 0x00, 0x00,
  0x00, 0x00, 0x0C, 0xFF, 0xFF, 0x7C, 0x00, 0x00, 0x00, 0x00, 0xF8, 0xFF, 0x8C, 0x00, 0x00, 0x00,
  0x00, 0x00, 0x00, 0x00, 0x00, 0x00, 0x00, 0x0C, 0xFF, 0xFF, 0x7C, 0x00, 0x00, 0x00, 0x00, 0xF8,
  0xFF, 0x9D, 0x00, 0x00, 0x08, 0x1F, 0x48, 0x79, 0xC0, 0xC5, 0x00, 0x00, 0x0C, 0xFF, 0xFF, 0x7C,
  0x00, 0x00, 0x00, 0x00, 0xF3, 0xFF, 0xFF, 0xFD, 0xF9, 0xFF, 0xFF, 0xFF, 0xFF, 0xFF, 0xED, 0x00,
  0x00, 0x0C, 0xFF, 0xFF, 0x7C, 0x00, 0x00, 0x00, 0x00, 0x85, 0xF6, 0xFF, 0xFF, 0xFF, 0xF9, 0xE5,
  0xBF, 0x97, 0x60, 0x16, 0x00, 0x00, 0x0C, 0xFF, 0xFF, 0x7C, 0x00, 0x00, 0x00, 0x00, 0x00, 0x01,
  0x0E, 0x12, 0x09, 0x00, 0x00, 0x00, 0x00, 0x00, 0x00, 0x00, 0x00, 0x0C, 0xFF, 0xFF, 0x7C, 0x00,
  0x00, 0x00, 0x00, 0x00, 0x00, 0x00, 0x00, 0x00, 0x00, 0x00, 0x00, 0x00, 0x00, 0x00, 0x00, 0x00,
  0x0C, 0xFF, 0xFF, 0x7C, 0x00, 0x00, 0x00, 0x00, 0x00, 0x00, 0x00, 0x00, 0x00, 0x00, 0x00, 0x00,
  0x00, 0x00, 0x00, 0x00, 0x00, 0x0C, 0xFF, 0xFF, 0x7C, 0x00, 0x00, 0x00, 0x00, 0x00, 0x00, 0x00,
  0x00, 0x00, 0x00, 0x00, 0x00, 0x00, 0x00, 0x00, 0x00, 0x00, 0x0C, 0xFF, 0xFF, 0x7C, 0x00, 0x00,
  0x00, 0x00, 0x00, 0x00, 0x00, 0x00, 0x00, 0x00, 0x00, 0x00, 0x00, 0x00, 0x00, 0x00, 0x00, 0x09,
  0xFD, 0xFF, 0x76, 0x00, 0x00, 0x00, 0x00, 0x00, 0x62, 0xF3, 0xFF, 0xFF, 0xFF, 0xFF, 0xFF, 0xFF,
  0xFF, 0xFF, 0xFF, 0xFF, 0xFF, 0xFF, 0x3E, 0x00, 0x00, 0x00, 0x00, 0x00, 0x00, 0xB0, 0xFF, 0xFF,
  0xFF, 0xFF, 0xFF, 0xFF, 0xFF, 0xFF, 0xFF, 0xFF, 0xFF, 0xFF, 0xFF, 0x3E, 0x00, 0x00, 0x00, 0x00,
  0x00, 0x00, 0xB4, 0xFF, 0xDA, 0x01, 0x00, 0x00, 0x00, 0x00, 0x00, 0x00, 0x00, 0x00, 0x00, 0x00,
  0x00, 0x00, 0x00, 0x00, 0x00, 0x00, 0x00, 0xB4, 0xFF, 0xD4, 0x00, 0x00, 0x00, 0x00, 0x00, 0x00,
  0x00, 0x00, 0x00, 0x00, 0x00, 0x00, 0x00, 0x00, 0x00, 0x00, 0x00, 0x00, 0xB4, 0xFF, 0xFF, 0xFF,
  0xFF, 0xFF, 0xFF, 0xFF, 0xFF, 0xFF, 0xFF, 0xFF, 0xFF, 0xF4, 0x00, 0x00, 0x00, 0x00, 0x00, 0x00,
  0x00, 0xB4, 0xFF, 0xFF, 0xFF, 0xFF, 0xFF, 0xFF, 0xFF, 0xFF, 0xFF, 0xFF, 0xFF, 0xFF, 0xF4, 0x00,
  0x00, 0x00, 0x00, 0x00, 0x00, 0x00, 0xB4, 0xFF, 0xD4, 0x00, 0x00, 0x00, 0x00, 0x00, 0x00, 0x00,
  0x00, 0x00, 0x00, 0x00, 0x00, 0x00, 0x00, 0x00, 0x00, 0x00, 0x00, 0xB4, 0xFF, 0xD4, 0x00, 0x00,
  0x00, 0x00, 0x00, 0x00, 0x00, 0x00, 0x00, 0x00, 0x00, 0x00, 0x00, 0x00, 0x00, 0x00, 0x00, 0x00,
  0xB4, 0xFF, 0xDC, 0x01, 0x00, 0x00, 0x00, 0x00, 0x00, 0x00, 0x00, 0x00, 0x00, 0x00, 0x00, 0x00,
  0x00, 0x00, 0x00, 0x00, 0x00, 0xAE, 0xFF, 0xFF, 0xFF, 0xFF, 0xFF, 0xFF, 0xFF, 0xFF, 0xFF, 0xFF,
  0xFF, 0xFF, 0xFF, 0x66, 0x00, 0x00, 0x00, 0x00, 0x00, 0x00, 0x57, 0xF1, 0xFF, 0xFF, 0xFF, 0xFF,
  0xFF, 0xFF, 0xFF, 0xFF, 0xFF, 0xFF, 0xFF, 0xFF, 0x66, 0x00, 0x00, 0x00, 0x00, 0x00, 0x00, 0x00,
  0x00, 0x00, 0x00, 0x00, 0x00, 0x00, 0x00, 0x00, 0x00, 0x00, 0x00, 0x00, 0x00, 0x00, 0x00, 0x00,
  0x00, 0x00, 0x00, 0x00, 0x00, 0x00, 0x00, 0x00, 0x00, 0x00, 0x00, 0x00, 0x00, 0x00, 0x00, 0x00,
  0x00, 0x00, 0x00, 0x00, 0x00, 0x00, 0x00, 0x00, 0x00, 0x00, 0x00, 0x00, 0x00, 0x00, 0x00, 0x00,
  0x00, 0x00, 0x00, 0x00, 0x00, 0x00, 0x00, 0x00, 0x00, 0x00, 0x00, 0x8D, 0xFF, 0xFF, 0xFF, 0xFF,
  0xFF, 0xFF, 0xFF, 0xFF, 0xFF, 0xFF, 0xFF, 0xFF, 0xFF, 0xFF, 0xFF, 0xFF, 0xFF, 0xFF, 0xFF, 0x2F,
  0x8C, 0xFF, 0xFF, 0xFF, 0xFF, 0xFF, 0xFF, 0xFF, 0xFF, 0xFF, 0xFF, 0xFF, 0xFF, 0xFF, 0xFF, 0xFF,
  0xFF, 0xFF, 0xFF, 0xFF, 0x2F, 0x00, 0x00, 0x00, 0x00, 0x00, 0x00, 0x00, 0x00, 0x00, 0x00, 0x00,
  0x00, 0x00, 0x00, 0x46, 0xFF, 0xFF, 0x33, 0x00, 0x00, 0x00, 0x00, 0x00, 0x00, 0x02, 0xF8, 0xFF,
  0xFF, 0xFF, 0xFF, 0xFF, 0x57, 0x00, 0x00, 0x00, 0x4C, 0xFF, 0xFF, 0x38, 0x00, 0x00, 0x00, 0x00,
  0x00, 0x00, 0x02, 0xF8, 0xFF, 0xFF, 0xFF, 0xFF, 0xFF, 0x59, 0x00, 0x00, 0x00, 0x4C, 0xFF, 0xFF,
  0x38, 0x00, 0x00, 0x00, 0x00, 0x00, 0x00, 0x00, 0x00, 0x00, 0x00, 0x00, 0x00, 0x00, 0x00, 0x00,
  0x00, 0x00, 0x4C, 0xFF, 0xFF, 0x38, 0x00, 0x00, 0x00, 0x08, 0xF8, 0xFF, 0xFF, 0xFF, 0xFF, 0xFF,
  0xFF, 0xFF, 0xFF, 0xFF, 0xFF, 0xFF, 0x2F, 0x4C, 0xFF, 0xFF, 0x38, 0x00, 0x00, 0x00, 0x07, 0xF9,
  0xFF, 0xFF, 0xFF, 0xFF, 0xFF, 0xFF, 0xFF, 0xFF, 0xFF, 0xFF, 0xFF, 0x2F, 0x4C, 0xFF, 0xFF, 0xFF,
  0xFF, 0xFF, 0x80, 0x00, 0x00, 0x00, 0x00, 0x00, 0x00, 0x00, 0x00, 0x00, 0x00, 0x00, 0x00, 0x00,
  0x00, 0x4C, 0xFF, 0xFF, 0xFF, 0xFF, 0xFF, 0x81, 0x00, 0x00, 0x00, 0x1C, 0x84, 0xCF, 0xED, 0xF8,
  0xE2, 0xB4, 0x5C, 0x02, 0x00, 0x00, 0x4C, 0xFF, 0xFF, 0x38, 0x00, 0x00, 0x00, 0x00, 0x00, 0x22,
  0xED, 0xFF, 0xFF, 0xFF, 0xFF, 0xFF, 0xFF, 0xFF, 0xA4, 0x00, 0x00, 0x4C, 0xFF, 0xFF, 0x38, 0x00,
  0x00, 0x00, 0x00, 0x00, 0x69, 0xFF, 0xFD, 0x5E, 0x11, 0x05, 0x25, 0xB1, 0xFF, 0xFB, 0x01, 0x00,
  0x4C, 0xFF, 0xFF, 0x38, 0x00, 0x00, 0x00, 0x00, 0x00, 0x1F, 0xE5, 0xFF, 0xFF, 0xFF, 0xFF, 0xFF,
  0xFF, 0xFF, 0x9C, 0x00, 0x00, 0x4C, 0xFF, 0xFF, 0x38, 0x00, 0x00, 0x00, 0x00, 0x00, 0x00, 0x17,
  0x83, 0xCD, 0xED, 0xF8, 0xE1, 0xB0, 0x57, 0x01, 0x00, 0x00, 0x45, 0xFF, 0xFF, 0x31, 0x00, 0x00,
  0x00, 0x00, 0x00, 0x00, 0x00, 0x00, 0x00, 0x00, 0x00, 0x00, 0x00, 0x00, 0x00, 0x00, 0x00, 0x00,
  0x00, 0x00, 0x00, 0x00, 0x00, 0x00, 0x00, 0x00, 0x00, 0x00, 0xBF, 0xFF, 0xFF, 0xFF, 0xFF, 0xFF,
  0xFF, 0xFF, 0xFF, 0xFF, 0xFF, 0xFE, 0xE2, 0x15, 0x00, 0x00, 0x00, 0x00, 0x00, 0x00, 0x00, 0xC1,
  0xFF, 0xFF, 0xFF, 0xFF, 0xFF, 0xFF, 0xFF, 0xFF, 0xFF, 0xFF, 0xFF, 0xFF, 0x37, 0x00, 0x00, 0x00,
  0x00, 0x00, 0x00, 0x00, 0x71, 0xF8, 0xFF, 0xFF, 0xFF, 0xFF, 0xFF, 0xFF, 0xFF, 0xFF, 0xFF, 0xFF,
  0xFF, 0x37, 0x00, 0x00, 0x00, 0x00, 0x00, 0x00, 0x00, 0xB9, 0xFF, 0xFF, 0xFF, 0xFF, 0xFF, 0xFF,
  0xFF, 0xFF, 0xFF, 0xFF, 0xFF, 0xE2, 0x15, 0x00, 0x00, 0x00, 0x00, 0x00, 0x00, 0x00, 0xBC, 0xFF,
  0xC6, 0x00, 0x00, 0x00, 0x00, 0x00, 0x00, 0x00, 0x00, 0x00, 0x00, 0x00, 0x00, 0x00, 0x00, 0x00,
  0x00, 0x00, 0x00, 0xB9, 0xFF, 0xFF, 0xFF, 0xFF, 0xFF, 0xFF, 0xFF, 0xFF, 0xFF, 0xFF, 0xFF, 0xFF,
  0xC0, 0x00, 0x00, 0x00, 0x00, 0x00, 0x00, 0x00, 0x6E, 0xF7, 0xFF, 0xFF, 0xFF, 0xFF, 0xFF, 0xFF,
  0xFF, 0xFF, 0xFF, 0xFF, 0xFF, 0xBF, 0x00, 0x00, 0x00, 0x00, 0x00, 0x00, 0x00, 0xA6, 0xFF, 0xFF,
  0xFF, 0xFF, 0xFF, 0x68, 0x00, 0x00, 0x00, 0x2B, 0xFF, 0xFF, 0x52, 0x00, 0x00, 0x00, 0x00, 0x00,
  0x00, 0x00, 0xA5, 0xFF, 0xFF, 0xFF, 0xFF, 0xFF, 0x68, 0x00, 0x00, 0x00, 0x30, 0xFF, 0xFF, 0x58,
  0x00, 0x00, 0x00, 0x00, 0x00, 0x00, 0x00, 0x00, 0x00, 0x00, 0x00, 0x00, 0x00, 0x00, 0x00, 0x00,
  0x00, 0x30, 0xFF, 0xFF, 0x58, 0x00, 0x00, 0x00, 0x00, 0x70, 0xFF, 0xFF, 0xFF, 0xFF, 0xFF, 0xFF,
  0xFF, 0xFF, 0xFF, 0xFF, 0xFE, 0x2B, 0x30, 0xFF, 0xFF, 0x58, 0x00, 0x00, 0x00, 0x00, 0x72, 0xFF,
  0xFF, 0xFF, 0xFF, 0xFF, 0xFF, 0xFF, 0xFF, 0xFF, 0xFF, 0xFF, 0x2B, 0x30, 0xFF, 0xFF, 0x58, 0x00,
  0x00, 0x00, 0x00, 0x00, 0x00, 0x00, 0x46, 0xAC, 0xDE, 0xF7, 0xE3, 0xB8, 0x5B, 0x03, 0x00, 0x00,
  0x30, 0xFF, 0xFF, 0x58, 0x00, 0x00, 0x00, 0x00, 0x00, 0x00, 0x8E, 0xFF, 0xFF, 0xFF, 0xFF, 0xFF,
  0xFF, 0xFF, 0xB5, 0x01, 0x00, 0x30, 0xFF, 0xFF, 0x58, 0x00, 0x00, 0x00, 0x00, 0x00, 0x1B, 0xFE,
  0xFF, 0xA4, 0x21, 0x05, 0x19, 0x89, 0xFF, 0xFF, 0x41, 0x00, 0x30, 0xFF, 0xFF, 0x58, 0x00, 0x00,
  0x00, 0x00, 0x00, 0x21, 0xFF, 0xFF, 0xA4, 0x20, 0x04, 0x19, 0x89, 0xFF, 0xFF, 0x48, 0x00, 0x30,
  0xFF, 0xFF, 0xFF, 0xFF, 0xFF, 0x81, 0x00, 0x00, 0x00, 0xA0, 0xFF, 0xFF, 0xFF, 0xFF, 0xFF, 0xFF,
  0xFF, 0xBF, 0x05, 0x00, 0x30, 0xFF, 0xFF, 0xFF, 0xFF, 0xFF, 0x81, 0x00, 0x00, 0x00, 0x03, 0x65,
  0xCA, 0xFD, 0xFF, 0xFE, 0xD1, 0x77, 0x09, 0x00, 0x00, 0x30, 0xFF, 0xFF, 0x58, 0x00, 0x00, 0x00,
  0x00, 0x01, 0x00, 0x00, 0x00, 0x00, 0xBC, 0xFF, 0xC0, 0x00, 0x00, 0x00, 0x00, 0x00, 0x30, 0xFF,
  0xFF, 0x58, 0x00, 0x00, 0x00, 0x36, 0xFF, 0xFC, 0xF8, 0xFA, 0xFD, 0xFF, 0xFF, 0xFF, 0xFF, 0xFF,
  0xFF, 0xFF, 0xF3, 0x30, 0xFF, 0xFF, 0x58, 0x00, 0x00, 0x00, 0x34, 0xFF, 0xFF, 0xFF, 0xFF, 0xFF,
  0xFF, 0xFF, 0xFF, 0xFF, 0xFF, 0xFF, 0xFF, 0xFC, 0x37, 0xFF, 0xFF, 0x58, 0x00, 0x00, 0x00, 0x00,
  0x01, 0x04, 0x07, 0x07, 0x05, 0x02, 0x00, 0x00, 0x00, 0x00, 0x00, 0x00, 0x00, 0x30, 0xFF, 0xFF,
  0x58, 0x00, 0x00, 0x00, 0x00, 0x00, 0x00, 0x00, 0xE7, 0xFF, 0x97, 0x00, 0x00, 0x00, 0x00, 0x00,
  0x00, 0x00, 0x2B, 0xFF, 0xFF, 0x52, 0x00, 0x00, 0x00, 0x00, 0x00, 0x00, 0x00, 0xF0, 0xFF, 0xA0,
  0x00, 0x00, 0x00, 0x00, 0x00, 0x00, 0x00, 0x00, 0x00, 0x00, 0x00, 0x00, 0x00, 0x00, 0x00, 0x00,
  0x00, 0x00, 0xF0, 0xFF, 0xA7, 0x00, 0x00, 0x00, 0x00, 0x00, 0x00, 0x00, 0x00, 0x00, 0x00, 0x00,
  0x00, 0x00, 0x00, 0x00, 0x00, 0x00, 0x00, 0xEB, 0xFF, 0xFF, 0xFF, 0xFF, 0xFF, 0xFF, 0xFF, 0xFF,
  0xFF, 0xFF, 0xFF, 0xFF, 0xFF, 0x51, 0x00, 0x00, 0x00, 0x00, 0x00, 0x00, 0x96, 0xF8, 0xFF, 0xFF,
  0xFF, 0xFF, 0xFF, 0xFF, 0xFF, 0xFF, 0xFF, 0xFF, 0xFF, 0xFF, 0x52, 0x00, 0x00,
};
