#pragma once
// 자동 생성됨: img2rgb565_dither.py (Floyd-Steinberg 디더링, RGB565)
// 크기: 240 x 135

#define HAVE_LOGO_IMAGE 1
#define LOGO_W 240
#define LOGO_H 135

const uint16_t logo_data[240 * 135] PROGMEM = {
  0xFFFF, 0xFFFF, 0xFFFF, 0xFFFF, 0xFFFF, 0xFFFF, 0xFFFF, 0xFFFF, 0xFFFF, 0xFFFF, 0xFFFF, 0xFFFF,
  0xFFFF, 0xFFFF, 0xFFFF, 0xFFFF, 0xFFFF, 0xFFFF, 0xFFFF, 0xFFFF, 0xFFFF, 0xFFFF, 0xFFFF, 0xFFFF,
  0xFFFF, 0xFFFF, 0xFFFF, 0xFFFF, 0xFFFF, 0xFFFF, 0xFFFF, 0xFFFF, 0xFFFF, 0xFFFF, 0xFFFF, 0xFFFF,
  0xFFFF, 0xFFFF, 0xFFFF, 0xFFFF, 0xFFFF, 0xFFFF, 0xFFFF, 0xFFFF, 0xFFFF, 0xFFFF, 0xFFFF, 0xFFFF,
  0xFFFF, 0xFFFF, 0xFFFF, 0xFFFF, 0xFFFF, 0xFFFF, 0xFFFF, 0xFFFF, 0xFFFF, 0xFFFF, 0xFFFF, 0xFFFF,
  0xFFFF, 0xFFFF, 0xFFFF, 0xFFFF, 0xFFFF, 0xFFFF, 0xFFFF, 0xFFFF, 0xFFFF, 0xFFFF, 0xFFFF, 0xFFFF,
  0xFFFF, 0xFFFF, 0xFFFF, 0xFFFF, 0xFFFF, 0xFFFF, 0xFFFF, 0xFFFF, 0xFFFF, 0xFFFF, 0xFFFF, 0xFFFF,
  0xFFFF, 0xFFFF, 0xFFFF, 0xFFFF, 0xFFFF, 0xFFFF, 0xFFFF, 0xFFFF, 0xFFFF, 0xFFFF, 0xFFFF, 0xFFFF,
  0xFFFF, 0xFFFF, 0xFFFF, 0xFFFF, 0xFFFF, 0xFFFF, 0xFFFF, 0xFFFF, 0xFFFF, 0xFFFF, 0xFFFF, 0xFFFF,
  0xFFFF, 0xFFFF, 0xFFFF, 0xFFFF, 0xFFFF, 0xFFFF, 0xFFFF, 0xFFFF, 0xFFFF, 0xFFFF, 0xFFFF, 0xFFFF,
  0xFFFF, 0xFFFF, 0xFFFF, 0xFFFF, 0xFFFF, 0xFFFF, 0xFFFF, 0xFFFF, 0xFFFF, 0xFFFF, 0xFFFF, 0xFFFF,
  0xFFFF, 0xFFFF, 0xFFFF, 0xFFFF, 0xFFFF, 0xFFFF, 0xFFFF, 0xFFFF, 0xFFFF, 0xFFFF, 0xFFFF, 0xFFFF,
  0xFFFF, 0xFFFF, 0xFFFF, 0xFFFF, 0xFFFF, 0xFFFF, 0xFFFF, 0xFFFF, 0xFFFF, 0xFFFF, 0xFFFF, 0xFFFF,
  0xFFFF, 0xFFFF, 0xFFFF, 0xFFFF, 0xFFFF, 0xFFFF, 0xFFFF, 0xFFFF, 0xFFFF, 0xFFFF, 0xFFFF, 0xFFFF,
  0xFFFF, 0xFFFF, 0xFFFF, 0xFFFF, 0xFFFF, 0xFFFF, 0xFFFF, 0xFFFF, 0xFFFF, 0xFFFF, 0xFFFF, 0xFFFF,
  0xFFFF, 0xFFFF, 0xFFFF, 0xFFFF, 0xFFFF, 0xFFFF, 0xFFFF, 0xFFFF, 0xFFFF, 0xFFFF, 0xFFFF, 0xFFFF,
  0xFFFF, 0xFFFF, 0xFFFF, 0xFFFF, 0xFFFF, 0xFFFF, 0xFFFF, 0xFFFF, 0xFFFF, 0xFFFF, 0xFFFF, 0xFFFF,
  0xFFFF, 0xFFFF, 0xFFFF, 0xFFFF, 0xFFFF, 0xFFFF, 0xFFFF, 0xFFFF, 0xFFFF, 0xFFFF, 0xFFFF, 0xFFFF,
  0xFFFF, 0xFFFF, 0xFFFF, 0xFFFF, 0xFFFF, 0xFFFF, 0xFFFF, 0xFFFF, 0xFFFF, 0xFFFF, 0xFFFF, 0xFFFF,
  0xFFFF, 0xFFFF, 0xFFFF, 0xFFFF, 0xFFFF, 0xFFFF, 0xFFFF, 0xFFFF, 0xFFFF, 0xFFFF, 0xFFFF, 0xFFFF,
  0xFFFF, 0xFFFF, 0xFFFF, 0xFFFF, 0xFFFF, 0xFFFF, 0xFFFF, 0xFFFF, 0xFFFF, 0xFFFF, 0xFFFF, 0xFFFF,
  0xFFFF, 0xFFFF, 0xFFFF, 0xFFFF, 0xFFFF, 0xFFFF, 0xFFFF, 0xFFFF, 0xFFFF, 0xFFFF, 0xFFFF, 0xFFFF,
  0xFFFF, 0xFFFF, 0xFFFF, 0xFFFF, 0xFFFF, 0xFFFF, 0xFFFF, 0xFFFF, 0xFFFF, 0xFFFF, 0xFFFF, 0xFFFF,
  0xFFFF, 0xFFFF, 0xFFFF, 0xFFFF, 0xFFFF, 0xFFFF, 0xFFFF, 0xFFFF, 0xFFFF, 0xFFFF, 0xFFFF, 0xFFFF,
  0xFFFF, 0xFFFF, 0xFFFF, 0xFFFF, 0xFFFF, 0xFFFF, 0xFFFF, 0xFFFF, 0xFFFF, 0xFFFF, 0xFFFF, 0xFFFF,
  0xFFFF, 0xFFFF, 0xFFFF, 0xFFFF, 0xFFFF, 0xFFFF, 0xFFFF, 0xFFFF, 0xFFFF, 0xFFFF, 0xFFFF, 0xFFFF,
  0xFFFF, 0xFFFF, 0xFFFF, 0xFFFF, 0xFFFF, 0xFFFF, 0xFFFF, 0xFFFF, 0xFFFF, 0xFFFF, 0xFFFF, 0xFFFF,
  0xFFFF, 0xFFFF, 0xFFFF, 0xFFFF, 0xFFFF, 0xFFFF, 0xFFFF, 0xFFFF, 0xFFFF, 0xFFFF, 0xFFFF, 0xFFFF,
  0xFFFF, 0xFFFF, 0xFFFF, 0xFFFF, 0xFFFF, 0xFFFF, 0xFFFF, 0xFFFF, 0xFFFF, 0xFFFF, 0xFFFF, 0xFFFF,
  0xFFFF, 0xFFFF, 0xFFFF, 0xFFFF, 0xFFFF, 0xFFFF, 0xFFFF, 0xFFFF, 0xFFFF, 0xFFFF, 0xFFFF, 0xFFFF,
  0xFFFF, 0xFFFF, 0xFFFF, 0xFFFF, 0xFFFF, 0xFFFF, 0xFFFF, 0xFFFF, 0xFFFF, 0xFFFF, 0xFFFF, 0xFFFF,
  0xFFFF, 0xFFFF, 0xFFFF, 0xFFFF, 0xFFFF, 0xFFFF, 0xFFFF, 0xFFFF, 0xFFFF, 0xFFFF, 0xFFFF, 0xFFFF,
  0xFFFF, 0xFFFF, 0xFFFF, 0xFFFF, 0xFFFF, 0xFFFF, 0xFFFF, 0xFFFF, 0xFFFF, 0xFFFF, 0xFFFF, 0xFFFF,
  0xFFFF, 0xFFFF, 0xFFFF, 0xFFFF, 0xFFFF, 0xFFFF, 0xFFFF, 0xFFFF, 0xFFFF, 0xFFFF, 0xFFFF, 0xFFFF,
  0xFFFF, 0xFFFF, 0xFFFF, 0xFFFF, 0xFFFF, 0xFFFF, 0xFFFF, 0xFFFF, 0xFFFF, 0xFFFF, 0xFFFF, 0xFFFF,
  0xFFFF, 0xFFFF, 0xFFFF, 0xFFFF, 0xFFFF, 0xFFFF, 0xFFFF, 0xFFFF, 0xFFFF, 0xFFFF, 0xFFFF, 0xFFFF,
  0xFFFF, 0xFFFF, 0xFFFF, 0xFFFF, 0xFFFF, 0xFFFF, 0xFFFF, 0xFFFF, 0xFFFF, 0xFFFF, 0xFFFF, 0xFFFF,
  0xFFFF, 0xFFFF, 0xFFFF, 0xFFFF, 0xFFFF, 0xFFFF, 0xFFFF, 0xFFFF, 0xFFFF, 0xFFFF, 0xFFFF, 0xFFFF,
  0xFFFF, 0xFFFF, 0xFFFF, 0xFFFF, 0xFFFF, 0xFFFF, 0xFFFF, 0xFFFF, 0xFFFF, 0xFFFF, 0xFFFF, 0xFFFF,
  0xFFFF, 0xFFFF, 0xFFFF, 0xFFFF, 0xFFFF, 0xFFFF, 0xFFFF, 0xFFFF, 0xFFFF, 0xFFFF, 0xFFFF, 0xFFFF,
  0xFFFF, 0xFFFF, 0xFFFF, 0xFFFF, 0xFFFF, 0xFFFF, 0xFFFF, 0xFFFF, 0xFFFF, 0xFFFF, 0xFFFF, 0xFFFF,
  0xFFFF, 0xFFFF, 0xFFFF, 0xFFFF, 0xFFFF, 0xFFFF, 0xFFFF, 0xFFFF, 0xFFFF, 0xFFFF, 0xFFFF, 0xFFFF,
  0xFFFF, 0xFFFF, 0xFFFF, 0xFFFF, 0xFFFF, 0xFFFF, 0xFFFF, 0xFFFF, 0xFFFF, 0xFFFF, 0xFFFF, 0xFFFF,
  0xFFFF, 0xFFFF, 0xFFFF, 0xFFFF, 0xFFFF, 0xFFFF, 0xFFFF, 0xFFFF, 0xFFFF, 0xFFFF, 0xFFFF, 0xFFFF,
  0xFFFF, 0xFFFF, 0xFFFF, 0xFFFF, 0xFFFF, 0xFFFF, 0xFFFF, 0xFFFF, 0xFFFF, 0xFFFF, 0xFFFF, 0xFFFF,
  0xFFFF, 0xFFFF, 0xFFFF, 0xFFFF, 0xFFFF, 0xFFFF, 0xFFFF, 0xFFFF, 0xFFFF, 0xFFFF, 0xFFFF, 0xFFFF,
  0xFFFF, 0xFFFF, 0xFFFF, 0xFFFF, 0xFFFF, 0xFFFF, 0xFFFF, 0xFFFF, 0xFFFF, 0xFFFF, 0xFFFF, 0xFFFF,
  0xFFFF, 0xFFFF, 0xFFFF, 0xFFFF, 0xFFFF, 0xFFFF, 0xFFFF, 0xFFFF, 0xFFFF, 0xFFFF, 0xFFFF, 0xFFFF,
  0xFFFF, 0xFFFF, 0xFFFF, 0xFFFF, 0xFFFF, 0xFFFF, 0xFFFF, 0xFFFF, 0xFFFF, 0xFFFF, 0xFFFF, 0xFFFF,
  0xFFFF, 0xFFFF, 0xFFFF, 0xFFFF, 0xFFFF, 0xFFFF, 0xFFFF, 0xFFFF, 0xFFFF, 0xFFFF, 0xFFFF, 0xFFFF,
  0xFFFF, 0xFFFF, 0xFFFF, 0xFFFF, 0xFFFF, 0xFFFF, 0xFFFF, 0xFFFF, 0xFFFF, 0xFFFF, 0xFFFF, 0xFFFF,
  0xFFFF, 0xFFFF, 0xFFFF, 0xFFFF, 0xFFFF, 0xFFFF, 0xFFFF, 0xFFFF, 0xFFFF, 0xFFFF, 0xFFFF, 0xFFFF,
  0xFFFF, 0xFFFF, 0xFFFF, 0xFFFF, 0xFFFF, 0xFFFF, 0xFFFF, 0xFFFF, 0xFFFF, 0xFFFF, 0xFFFF, 0xFFFF,
  0xFFFF, 0xFFFF, 0xFFFF, 0xFFFF, 0xFFFF, 0xFFFF, 0xFFFF, 0xFFFF, 0xFFFF, 0xFFFF, 0xFFFF, 0xFFFF,
  0xFFFF, 0xFFFF, 0xFFFF, 0xFFFF, 0xFFFF, 0xFFFF, 0xFFFF, 0xFFFF, 0xFFFF, 0xFFFF, 0xFFFF, 0xFFFF,
  0xFFFF, 0xFFFF, 0xFFFF, 0xFFFF, 0xFFFF, 0xFFFF, 0xFFFF, 0xFFFF, 0xFFFF, 0xFFFF, 0xFFFF, 0xFFFF,
  0xFFFF, 0xFFFF, 0xFFFF, 0xFFFF, 0xFFFF, 0xFFFF, 0xFFFF, 0xFFFF, 0xFFFF, 0xFFFF, 0xFFFF, 0xFFFF,
  0xFFFF, 0xFFFF, 0xFFFF, 0xFFFF, 0xFFFF, 0xFFFF, 0xFFFF, 0xFFFF, 0xFFFF, 0xFFFF, 0xFFFF, 0xFFFF,
  0xFFFF, 0xFFFF, 0xFFFF, 0xFFFF, 0xFFFF, 0xFFFF, 0xFFFF, 0xFFFF, 0xFFFF, 0xFFFF, 0xFFFF, 0xFFFF,
  0xFFFF, 0xFFFF, 0xFFFF, 0xFFFF, 0xFFFF, 0xFFFF, 0xFFFF, 0xFFFF, 0xFFFF, 0xFFFF, 0xFFFF, 0xFFFF,
  0xFFFF, 0xFFFF, 0xFFFF, 0xFFFF, 0xFFFF, 0xFFFF, 0xFFFF, 0xFFFF, 0xFFFF, 0xFFFF, 0xFFFF, 0xFFFF,
  0xFFFF, 0xFFFF, 0xFFFF, 0xFFFF, 0xFFFF, 0xFFFF, 0xFFFF, 0xFFFF, 0xFFFF, 0xFFFF, 0xFFFF, 0xFFFF,
  0xFFFF, 0xFFFF, 0xFFFF, 0xFFFF, 0xFFFF, 0xFFFF, 0xFFFF, 0xFFFF, 0xFFFF, 0xFFFF, 0xFFFF, 0xFFFF,
  0xFFFF, 0xFFFF, 0xFFFF, 0xFFFF, 0xFFFF, 0xFFFF, 0xFFFF, 0xFFFF, 0xFFFF, 0xFFFF, 0xFFFF, 0xFFFF,
  0xFFFF, 0xFFFF, 0xFFFF, 0xFFFF, 0xFFFF, 0xFFFF, 0xFFFF, 0xFFFF, 0xFFFF, 0xFFFF, 0xFFFF, 0xFFFF,
  0xFFFF, 0xFFFF, 0xFFFF, 0xFFFF, 0xFFFF, 0xFFFF, 0xFFFF, 0xFFFF, 0xFFFF, 0xFFFF, 0xFFFF, 0xFFFF,
  0xFFFF, 0xFFFF, 0xFFFF, 0xFFFF, 0xFFFF, 0xFFFF, 0xFFFF, 0xFFFF, 0xFFFF, 0xFFFF, 0xFFFF, 0xFFFF,
  0xFFFF, 0xFFFF, 0xFFFF, 0xFFFF, 0xFFFF, 0xFFFF, 0xFFFF, 0xFFFF, 0xFFFF, 0xFFFF, 0xFFFF, 0xFFFF,
  0xFFFF, 0xFFFF, 0xFFFF, 0xFFFF, 0xFFFF, 0xFFFF, 0xFFFF, 0xFFFF, 0xFFFF, 0xFFFF, 0xFFFF, 0xFFFF,
  0xFFFF, 0xFFFF, 0xFFFF, 0xFFFF, 0xFFFF, 0xFFFF, 0xFFFF, 0xFFFF, 0xFFFF, 0xFFFF, 0xFFFF, 0xFFFF,
  0xFFFF, 0xFFFF, 0xFFFF, 0xFFFF, 0xFFFF, 0xFFFF, 0xFFFF, 0xFFFF, 0xFFFF, 0xFFFF, 0xFFFF, 0xFFFF,
  0xFFFF, 0xFFFF, 0xFFFF, 0xFFFF, 0xFFFF, 0xFFFF, 0xFFFF, 0xFFFF, 0xFFFF, 0xFFFF, 0xFFFF, 0xFFFF,
  0xFFFF, 0xFFFF, 0xFFFF, 0xFFFF, 0xFFFF, 0xFFFF, 0xFFFF, 0xFFFF, 0xFFFF, 0xFFFF, 0xFFFF, 0xFFFF,
  0xFFFF, 0xFFFF, 0xFFFF, 0xFFFF, 0xFFFF, 0xFFFF, 0xFFFF, 0xFFFF, 0xFFFF, 0xFFFF, 0xFFFF, 0xFFFF,
  0xFFFF, 0xFFFF, 0xFFFF, 0xFFFF, 0xFFFF, 0xFFFF, 0xFFFF, 0xFFFF, 0xFFFF, 0xFFFF, 0xFFFF, 0xFFFF,
  0xFFFF, 0xFFFF, 0xFFFF, 0xFFFF, 0xFFFF, 0xFFFF, 0xFFFF, 0xFFFF, 0xFFFF, 0xFFFF, 0xFFFF, 0xFFFF,
  0xFFFF, 0xFFFF, 0xFFFF, 0xFFFF, 0xFFFF, 0xFFFF, 0xFFFF, 0xFFFF, 0xFFFF, 0xFFFF, 0xFFFF, 0xFFFF,
  0xFFFF, 0xFFFF, 0xFFFF, 0xFFFF, 0xFFFF, 0xFFFF, 0xFFFF, 0xFFFF, 0xFFFF, 0xFFFF, 0xFFFF, 0xFFFF,
  0xFFFF, 0xFFFF, 0xFFFF, 0xFFFF, 0xFFFF, 0xFFFF, 0xFFFF, 0xFFFF, 0xFFFF, 0xFFFF, 0xFFFF, 0xFFFF,
  0xFFFF, 0xFFFF, 0xFFFF, 0xFFFF, 0xFFFF, 0xFFFF, 0xFFFF, 0xFFFF, 0xFFFF, 0xFFFF, 0xFFFF, 0xFFFF,
  0xFFFF, 0xFFFF, 0xFFFF, 0xFFFF, 0xFFFF, 0xFFFF, 0xFFFF, 0xFFFF, 0xFFFF, 0xFFFF, 0xFFFF, 0xFFFF,
  0xFFFF, 0xFFFF, 0xFFFF, 0xFFFF, 0xFFFF, 0xFFFF, 0xFFFF, 0xFFFF, 0xFFFF, 0xFFFF, 0xFFFF, 0xFFFF,
  0xFFFF, 0xFFFF, 0xFFFF, 0xFFFF, 0xFFFF, 0xFFFF, 0xFFFF, 0xFFFF, 0xFFFF, 0xFFFF, 0xFFFF, 0xFFFF,
  0xFFFF, 0xFFFF, 0xFFFF, 0xFFFF, 0xFFFF, 0xFFFF, 0xFFFF, 0xFFFF, 0xFFFF, 0xFFFF, 0xFFFF, 0xFFFF,
  0xFFFF, 0xFFFF, 0xFFFF, 0xFFFF, 0xFFFF, 0xFFFF, 0xFFFF, 0xFFFF, 0xFFFF, 0xFFFF, 0xFFFF, 0xFFFF,
  0xFFFF, 0xFFFF, 0xFFFF, 0xFFFF, 0xFFFF, 0xFFFF, 0xFFFF, 0xFFFF, 0xFFFF, 0xFFFF, 0xFFFF, 0xFFFF,
  0xFFFF, 0xFFFF, 0xFFFF, 0xFFFF, 0xFFFF, 0xFFFF, 0xFFFF, 0xFFFF, 0xFFFF, 0xFFFF, 0xFFFF, 0xFFFF,
  0xFFFF, 0xFFFF, 0xFFFF, 0xFFFF, 0xFFFF, 0xFFFF, 0xFFFF, 0xFFFF, 0xFFFF, 0xFFFF, 0xFFFF, 0xFFFF,
  0xFFFF, 0xFFFF, 0xFFFF, 0xFFFF, 0xFFFF, 0xFFFF, 0xFFFF, 0xFFFF, 0xFFFF, 0xFFFF, 0xFFFF, 0xFFFF,
  0xFFFF, 0xFFFF, 0xFFFF, 0xFFDF, 0xFFFF, 0xFFFF, 0xFFFF, 0xFFFF, 0xFFFF, 0xFFFF, 0xF7BE, 0xFFFF,
  0xFFFF, 0xFFFF, 0xFFFF, 0xFFFF, 0xFFFF, 0xFFFF, 0xFFFF, 0xFFFF, 0xFFFF, 0xFFFF, 0xFFFF, 0xFFFF,
  0xFFFF, 0xFFFF, 0xFFFF, 0xFFFF, 0xFFFF, 0xFFFF, 0xFFFF, 0xFFFF, 0xFFFF, 0xFFFF, 0xFFFF, 0xFFFF,
  0xFFFF, 0xFFFF, 0xFFFF, 0xFFFF, 0xFFFF, 0xFFFF, 0xFFFF, 0xFFFF, 0xFFFF, 0xFFFF, 0xFFFF, 0xFFFF,
  0xFFFF, 0xFFFF, 0xFFFF, 0xFFFF, 0xFFFF, 0xFFFF, 0xFFFF, 0xFFFF, 0xFFFF, 0xFFFF, 0xFFFF, 0xFFFF,
  0xFFFF, 0xFFDF, 0xFFFF, 0xF7DE, 0xFFDF, 0xFFFF, 0xFFFF, 0xFFFF, 0xFFFF, 0xFFFF, 0xFFFF, 0xFFDF,
  0xFFFF, 0xFFFF, 0xFFFF, 0xFFFF, 0xFFFF, 0xFFFF, 0xFFFF, 0xFFFF, 0xFFFF, 0xFFFF, 0xFFFF, 0xFFFF,
  0xFFFF, 0xFFFF, 0xFFFF, 0xFFFF, 0xFFFF, 0xFFFF, 0xFFFF, 0xFFFF, 0xFFFF, 0xFFFF, 0xFFFF, 0xFFFF,
  0xFFFF, 0xFFFF, 0xFFFF, 0xFFFF, 0xFFFF, 0xFFFF, 0xFFFF, 0xFFFF, 0xFFFF, 0xFFFF, 0xFFFF, 0xFFFF,
  0xFFFF, 0xFFFF, 0xFFFF, 0xFFFF, 0xFFFF, 0xFFFF, 0xFFFF, 0xFFFF, 0xFFFF, 0xFFFF, 0xFFFF, 0xFFFF,
  0xFFFF, 0xFFFF, 0xFFFF, 0xFFFF, 0xFFFF, 0xFFFF, 0xFFFF, 0xFFFF, 0xFFFF, 0xFFFF, 0xFFFF, 0xFFFF,
  0xFFFF, 0xFFFF, 0xFFFF, 0xFFFF, 0xFFFF, 0xFFFF, 0xFFFF, 0xFFFF, 0xFFFF, 0xFFFF, 0xFFFF, 0xFFFF,
  0xFFFF, 0xFFFF, 0xFFFF, 0xFFFF, 0xFFFF, 0xFFFF, 0xFFFF, 0xFFFF, 0xFFFF, 0xFFFF, 0xFFFF, 0xFFFF,
  0xFFFF, 0xFFFF, 0xFFFF, 0xFFFF, 0xFFFF, 0xFFFF, 0xFFFF, 0xFFFF, 0xFFFF, 0xFFFF, 0xFFFF, 0xFFFF,
  0xFFFF, 0xFFFF, 0xFFFF, 0xFFFF, 0xFFFF, 0xFFFF, 0xFFFF, 0xFFFF, 0xFFFF, 0xFFFF, 0xFFFF, 0xFFFF,
  0xFFFF, 0xFFFF, 0xFFFF, 0xFFFF, 0xFFFF, 0xFFFF, 0xFFFF, 0xFFFF, 0xFFFF, 0xFFFF, 0xFFFF, 0xFFFF,
  0xFFFF, 0xFFFF, 0xFFFF, 0xFFFF, 0xFFFF, 0xFFFF, 0xFFFF, 0xFFFF, 0xFFFF, 0xFFFF, 0xFFFF, 0xFFFF,
  0xFFFF, 0xFFFF, 0xFFFF, 0xFFFF, 0xFFFF, 0xFFFF, 0xFFFF, 0xFFFF, 0xFFFF, 0xFFFF, 0xFFFF, 0xFFFF,
  0xFFFF, 0xFFFF, 0xFFFF, 0xFFFF, 0xFFFF, 0xFFFF, 0xFFFF, 0xFFFF, 0xFFFF, 0xFFFF, 0xFFFF, 0xFFFF,
  0xFFFF, 0xFFFF, 0xFFFF, 0xFFFF, 0xFFFF, 0xFFFF, 0xFFFF, 0xFFFF, 0xFFFF, 0xFFFF, 0xFFFF, 0xFFFF,
  0xFFFF, 0xFFFF, 0xFFDF, 0xF7FE, 0xFFFF, 0xFFFF, 0xFFFF, 0xFFFF, 0xFFFF, 0xFFFF, 0xAD75, 0x7BCF,
  0x5ACA, 0x630C, 0x630C, 0x630C, 0x4A69, 0x9491, 0xFFFF, 0xFFFF, 0xFFDF, 0xFFFF, 0xFFFF, 0xFFFF,
  0xFFFF, 0xFFFF, 0xFFFF, 0xFFFF, 0xFFFF, 0xFFFF, 0xFFFF, 0xFFFF, 0xFFFF, 0xFFFF, 0xFFFF, 0xFFFF,
  0xFFFF, 0xFFFF, 0xFFFF, 0xFFFF, 0xFFFF, 0xFFFF, 0xFFFF, 0xFFFF, 0xFFFF, 0xFFFF, 0xFFFF, 0xFFFF,
  0xFFFF, 0xFFFF, 0xFFFF, 0xFFFF, 0xFFFF, 0xFFFF, 0xFFFF, 0xFFFF, 0xFFFF, 0xFFFF, 0xFFFF, 0xFFFF,
  0xFFFF, 0xF7DF, 0xFFFE, 0xFFFF, 0xF7FF, 0xFFFF, 0xFF1C, 0xFD98, 0xFF9C, 0xF7FF, 0xFFFF, 0xF7FF,
  0xF7DF, 0xFFFF, 0xFFFF, 0xFFFF, 0xFFFF, 0xFFFF, 0xFFFF, 0xFFFF, 0xFFFF, 0xFFFF, 0xFFFF, 0xFFFF,
  0xFFFF, 0xFFFF, 0xFFFF, 0xFFFF, 0xFFFF, 0xFFFF, 0xFFFF, 0xFFFF, 0xFFFF, 0xFFFF, 0xFFFF, 0xFFFF,
  0xFFFF, 0xFFFF, 0xFFFF, 0xFFFF, 0xFFFF, 0xFFFF, 0xFFFF, 0xFFFF, 0xFFFF, 0xFFFF, 0xFFFF, 0xFFFF,
  0xFFFF, 0xFFFF, 0xFFFF, 0xFFFF, 0xFFFF, 0xFFFF, 0xFFFF, 0xFFFF, 0xFFFF, 0xFFFF, 0xFFFF, 0xFFFF,
  0xFFFF, 0xFFFF, 0xFFFF, 0xFFFF, 0xFFFF, 0xFFFF, 0xFFFF, 0xFFFF, 0xFFFF, 0xFFFF, 0xFFFF, 0xFFFF,
  0xFFFF, 0xFFFF, 0xFFFF, 0xFFFF, 0xFFFF, 0xFFFF, 0xFFFF, 0xFFFF, 0xFFFF, 0xFFFF, 0xFFFF, 0xFFFF,
  0xFFFF, 0xFFFF, 0xFFFF, 0xFFFF, 0xFFFF, 0xFFFF, 0xFFFF, 0xFFFF, 0xFFFF, 0xFFFF, 0xFFFF, 0xFFFF,
  0xFFFF, 0xFFFF, 0xFFFF, 0xFFFF, 0xFFFF, 0xFFFF, 0xFFFF, 0xFFFF, 0xFFFF, 0xFFFF, 0xFFFF, 0xFFFF,
  0xFFFF, 0xFFFF, 0xFFFF, 0xFFFF, 0xFFFF, 0xFFFF, 0xFFFF, 0xFFFF, 0xFFFF, 0xFFFF, 0xFFFF, 0xFFFF,
  0xFFFF, 0xFFFF, 0xFFFF, 0xFFFF, 0xFFFF, 0xFFFF, 0xFFFF, 0xFFFF, 0xFFFF, 0xFFFF, 0xFFFF, 0xFFFF,
  0xFFFF, 0xFFFF, 0xFFFF, 0xFFFF, 0xFFFF, 0xFFFF, 0xFFFF, 0xFFFF, 0xFFFF, 0xFFFF, 0xFFFF, 0xFFFF,
  0xFFFF, 0xFFFF, 0xFFFF, 0xFFFF, 0xFFFF, 0xFFFF, 0xFFFF, 0xFFFF, 0xFFFF, 0xFFFF, 0xFFFF, 0xFFFF,
  0xFFFF, 0xFFFF, 0xFFFF, 0xFFFF, 0xFFFF, 0xFFFF, 0xFFFF, 0xFFFF, 0xFFFF, 0xFFFF, 0xFFFF, 0xFFFF,
  0xFFFF, 0xFFFF, 0xFFFF, 0xFFFF, 0xFFFF, 0xFFFF, 0xFFFF, 0xFFFF, 0xFFFF, 0xFFFF, 0xFFFF, 0xFFFF,
  0xFFDF, 0xFFFF, 0xFFFF, 0xFFFF, 0xFFDF, 0xFFFF, 0xFFFF, 0xFFFF, 0xFFFF, 0xF7DF, 0x738E, 0x0862,
  0x0000, 0x0000, 0x0000, 0x0000, 0x0000, 0x3186, 0xFFFF, 0xFFFF, 0xFFFF, 0xFFDF, 0xFFFF, 0xFFDF,
  0xFFFF, 0xFFFF, 0xFFFF, 0xFFFF, 0xFFFF, 0xFFFF, 0xFFFF, 0xFFFF, 0xFFFF, 0xFFFF, 0xFFFF, 0xFFFF,
  0xFFFF, 0xFFFF, 0xFFFF, 0xFFFF, 0xFFFF, 0xFFFF, 0xFFFF, 0xFFFF, 0xFFFF, 0xFFFF, 0xFFFF, 0xFFFF,
  0xFFFF, 0xFFFF, 0xFFFF, 0xFFFF, 0xFFFF, 0xFFFF, 0xFFFF, 0xFFFF, 0xFFFF, 0xFFFF, 0xFFFF, 0xFFFF,
  0xF7FF, 0xF7FF, 0xFFFF, 0xF7DF, 0xF7FF, 0xF7FF, 0xFE3A, 0xFB91, 0xF6BA, 0xF7FE, 0xFFFF, 0xF7FF,
  0xF7FF, 0xFFFF, 0xFFFF, 0xFFFF, 0xFFFF, 0xFFFF, 0xFFFF, 0xFFFF, 0xFFFF, 0xFFFF, 0xFFFF, 0xFFFF,
  0xFFFF, 0xFFFF, 0xFFFF, 0xFFFF, 0xFFFF, 0xFFFF, 0xFFFF, 0xFFFF, 0xFFFF, 0xFFFF, 0xFFFF, 0xFFFF,
  0xFFFF, 0xFFFF, 0xFFFF, 0xFFFF, 0xFFFF, 0xFFFF, 0xFFFF, 0xFFFF, 0xFFFF, 0xFFFF, 0xFFFF, 0xFFFF,
  0xFFFF, 0xFFFF, 0xFFFF, 0xFFFF, 0xFFFF, 0xFFFF, 0xFFFF, 0xFFFF, 0xFFFF, 0xFFFF, 0xFFFF, 0xFFFF,
  0xFFFF, 0xFFFF, 0xFFFF, 0xFFFF, 0xFFFF, 0xFFFF, 0xFFFF, 0xFFFF, 0xFFFF, 0xFFFF, 0xFFFF, 0xFFFF,
  0xFFFF, 0xFFFF, 0xFFFF, 0xFFFF, 0xFFFF, 0xFFFF, 0xFFFF, 0xFFFF, 0xFFFF, 0xFFFF, 0xFFFF, 0xFFFF,
  0xFFFF, 0xFFFF, 0xFFFF, 0xFFFF, 0xFFFF, 0xFFFF, 0xFFFF, 0xFFFF, 0xFFFF, 0xFFFF, 0xFFFF, 0xFFFF,
  0xFFFF, 0xFFFF, 0xFFFF, 0xFFFF, 0xFFFF, 0xFFFF, 0xFFFF, 0xFFFF, 0xFFFF, 0xFFFF, 0xFFFF, 0xFFFF,
  0xFFFF, 0xFFFF, 0xFFFF, 0xFFFF, 0xFFFF, 0xFFFF, 0xFFFF, 0xFFFF, 0xFFFF, 0xFFFF, 0xFFFF, 0xFFFF,
  0xFFFF, 0xFFFF, 0xFFFF, 0xFFFF, 0xFFFF, 0xFFFF, 0xFFFF, 0xFFFF, 0xFFFF, 0xFFFF, 0xFFFF, 0xFFFF,
  0xFFFF, 0xFFFF, 0xFFFF, 0xFFFF, 0xFFFF, 0xFFFF, 0xFFFF, 0xFFFF, 0xFFFF, 0xFFFF, 0xFFFF, 0xFFFF,
  0xFFFF, 0xFFFF, 0xFFFF, 0xFFFF, 0xFFFF, 0xFFFF, 0xFFFF, 0xFFFF, 0xFFFF, 0xFFFF, 0xFFFF, 0xFFFF,
  0xFFFF, 0xFFFF, 0xFFFF, 0xFFFF, 0xFFFF, 0xFFFF, 0xFFFF, 0xFFFF, 0xFFFF, 0xFFFF, 0xFFFF, 0xFFFF,
  0xFFFF, 0xFFFF, 0xFFFF, 0xFFFF, 0xFFFF, 0xFFFF, 0xFFFF, 0xFFFF, 0xFFFF, 0xFFFF, 0xFFFF, 0xFFFF,
  0xFFFF, 0xFFFF, 0xFFFF, 0xF7DE, 0xF7BE, 0xFFFF, 0xFFFF, 0xFFFF, 0xFFFF, 0xFFFF, 0x9492, 0x3987,
  0x0000, 0x0003, 0x0004, 0x0003, 0x0000, 0x528B, 0xFFFF, 0xFFFF, 0xFFFF, 0xFFFF, 0xFFFE, 0xFFFF,
  0xFFFF, 0xFFFF, 0xFFFF, 0xFFFF, 0xFFFF, 0xFFFF, 0xFFFF, 0xFFFF, 0xFFFF, 0xFFFF, 0xFFFF, 0xFFFF,
  0xFFFF, 0xFFFF, 0xFFFF, 0xFFFF, 0xFFFF, 0xFFFF, 0xFFFF, 0xFFFF, 0xFFFF, 0xFFFF, 0xFFFF, 0xFFFF,
  0xFFFF, 0xFFFF, 0xFFFF, 0xFFFF, 0xFFFF, 0xFFFF, 0xFFFF, 0xFFFF, 0xFFFF, 0xFFFF, 0xFFFF, 0xFFFF,
  0xFFDF, 0xFFDF, 0xF7FE, 0xF7FF, 0xF7FF, 0xFFFF, 0xFEDB, 0xFCD4, 0xFDD7, 0xF6FA, 0xF7FF, 0xFFFF,
  0xFFFF, 0xFFFF, 0xFFFF, 0xFFFF, 0xFFFF, 0xFFFF, 0xFFFF, 0xFFFF, 0xFFFF, 0xFFFF, 0xFFFF, 0xFFFF,
  0xFFFF, 0xFFFF, 0xFFFF, 0xFFFF, 0xFFFF, 0xFFFF, 0xFFFF, 0xFFFF, 0xFFFF, 0xFFFF, 0xFFFF, 0xFFFF,
  0xFFFF, 0xFFFF, 0xFFFF, 0xFFFF, 0xFFFF, 0xFFFF, 0xFFFF, 0xFFFF, 0xFFFF, 0xFFFF, 0xFFFF, 0xFFFF,
  0xFFFF, 0xFFFF, 0xFFFF, 0xFFFF, 0xFFFF, 0xFFFF, 0xFFFF, 0xFFFF, 0xFFFF, 0xFFFF, 0xFFFF, 0xFFFF,
  0xFFFF, 0xFFFF, 0xFFFF, 0xFFFF, 0xFFFF, 0xFFFF, 0xFFFF, 0xFFFF, 0xFFFF, 0xFFFF, 0xFFFF, 0xFFFF,
  0xFFFF, 0xFFFF, 0xFFFF, 0xFFFF, 0xFFFF, 0xFFFF, 0xFFFF, 0xFFFF, 0xFFFF, 0xFFFF, 0xFFFF, 0xFFFF,
  0xFFFF, 0xFFFF, 0xFFFF, 0xFFFF, 0xFFFF, 0xFFFF, 0xFFFF, 0xFFFF, 0xFFFF, 0xFFFF, 0xFFFF, 0xFFFF,
  0xFFFF, 0xFFFF, 0xFFFF, 0xFFFF, 0xFFFF, 0xFFFF, 0xFFFF, 0xFFFF, 0xFFFF, 0xFFFF, 0xFFFF, 0xFFFF,
  0xFFFF, 0xFFFF, 0xFFFF, 0xFFFF, 0xFFFF, 0xFFFF, 0xFFFF, 0xFFFF, 0xFFFF, 0xFFFF, 0xFFFF, 0xFFFF,
  0xFFFF, 0xFFFF, 0xFFFF, 0xFFFF, 0xFFFF, 0xFFFF, 0xFFFF, 0xFFFF, 0xFFFF, 0xFFFF, 0xFFFF, 0xFFFF,
  0xFFFF, 0xFFFF, 0xFFFF, 0xFFFF, 0xFFFF, 0xFFFF, 0xFFFF, 0xFFFF, 0xFFFF, 0xFFFF, 0xFFFF, 0xFFFF,
  0xFFFF, 0xFFFF, 0xFFFF, 0xFFFF, 0xFFFF, 0xFFFF, 0xFFFF, 0xFFFF, 0xFFFF, 0xFFFF, 0xFFFF, 0xFFFF,
  0xFFFF, 0xFFFF, 0xFFFF, 0xFFFF, 0xFFFF, 0xFFFF, 0xFFFF, 0xFFFF, 0xFFFF, 0xFFFF, 0xFFFF, 0xFFFF,
  0xFFFF, 0xFFFF, 0xFFFF, 0xFFFF, 0xFFFF, 0xFFFF, 0xFFFF, 0xFFFF, 0xFFFF, 0xFFFF, 0xFFFF, 0xFFFF,
  0xFFFF, 0xFFFF, 0xFFDF, 0xFFDF, 0xF7DE, 0xFFFF, 0xFFFF, 0xFFDF, 0xFFFF, 0xFFFF, 0x94D2, 0x39C8,
  0x0001, 0x0004, 0x0805, 0x0004, 0x0000, 0x4A6B, 0xFFFF, 0xFFFF, 0xFFFF, 0xFFFF, 0xFFFF, 0xF7FE,
  0xFFFF, 0xFFFF, 0xFFFF, 0xFFFF, 0xFFFF, 0xFFFF, 0xFFFF, 0xFFFF, 0xFFFF, 0xFFFF, 0xFFFF, 0xFFFF,
  0xFFFF, 0xFFFF, 0xFFFF, 0xFFFF, 0xFFFF, 0xFFFF, 0xFFFF, 0xFFFF, 0xFFFF, 0xFFFF, 0xFFFF, 0xFFFF,
  0xFFFF, 0xFFFF, 0xFFFF, 0xFFFF, 0xFFFF, 0xFFFF, 0xFFFF, 0xFFFF, 0xFFFF, 0xFFFF, 0xFFFF, 0xFFFF,
  0xFFFF, 0xFFDF, 0xF7FF, 0xFFFF, 0xF7FF, 0xFFFF, 0xFEDB, 0xFC93, 0xFCD3, 0xFE79, 0xF7FF, 0xFFFF,
  0xFFDF, 0xFFFF, 0xFFFF, 0xFFFF, 0xFFFF, 0xFFFF, 0xFFFF, 0xFFFF, 0xFFFF, 0xFFFF, 0xFFFF, 0xFFFF,
  0xFFFF, 0xFFFF, 0xFFFF, 0xFFFF, 0xFFFF, 0xFFFF, 0xFFFF, 0xFFFF, 0xFFFF, 0xFFFF, 0xFFFF, 0xFFFF,
  0xFFFF, 0xFFFF, 0xFFFF, 0xFFFF, 0xFFFF, 0xFFFF, 0xFFFF, 0xFFFF, 0xFFFF, 0xFFFF, 0xFFFF, 0xFFFF,
  0xFFFF, 0xFFFF, 0xFFFF, 0xFFFF, 0xFFFF, 0xFFFF, 0xFFFF, 0xFFFF, 0xFFFF, 0xFFFF, 0xFFFF, 0xFFFF,
  0xFFFF, 0xFFFF, 0xFFFF, 0xFFFF, 0xFFFF, 0xFFFF, 0xFFFF, 0xFFFF, 0xFFFF, 0xFFFF, 0xFFFF, 0xFFFF,
  0xFFFF, 0xFFFF, 0xFFFF, 0xFFFF, 0xFFFF, 0xFFFF, 0xFFFF, 0xFFFF, 0xFFFF, 0xFFFF, 0xFFFF, 0xFFFF,
  0xFFFF, 0xFFFF, 0xFFFF, 0xFFFF, 0xFFFF, 0xFFFF, 0xFFFF, 0xFFFF, 0xFFFF, 0xFFFF, 0xFFFF, 0xFFFF,
  0xFFFF, 0xFFFF, 0xFFFF, 0xFFFF, 0xFFFF, 0xFFFF, 0xFFFF, 0xFFFF, 0xFFFF, 0xFFFF, 0xFFFF, 0xFFFF,
  0xFFFF, 0xFFFF, 0xFFFF, 0xFFFF, 0xFFFF, 0xFFFF, 0xFFFF, 0xFFFF, 0xFFFF, 0xFFFF, 0xFFFF, 0xFFFF,
  0xFFFF, 0xFFFF, 0xFFFF, 0xFFFF, 0xFFFF, 0xFFFF, 0xFFFF, 0xFFFF, 0xFFFF, 0xFFFF, 0xFFFF, 0xFFFF,
  0xFFFF, 0xFFFF, 0xFFFF, 0xFFFF, 0xFFFF, 0xFFFF, 0xFFFF, 0xFFFF, 0xFFFF, 0xFFFF, 0xFFFF, 0xFFFF,
  0xFFFF, 0xFFFF, 0xFFFF, 0xFFFF, 0xFFFF, 0xFFFF, 0xFFFF, 0xFFFF, 0xFFFF, 0xFFFF, 0xFFFF, 0xFFFF,
  0xFFFF, 0xFFFF, 0xFFFF, 0xFFFF, 0xFFFF, 0xFFFF, 0xFFFF, 0xFFFF, 0xFFFF, 0xFFFF, 0xFFFF, 0xFFFF,
  0xFFFF, 0xFFFF, 0xFFFF, 0xFFFF, 0xFFFF, 0xFFFF, 0xFFFF, 0xFFFF, 0xFFFF, 0xFFFF, 0xFFFF, 0xFFFF,
  0xFFFF, 0xFFFF, 0xF7FE, 0xFFDF, 0xFFFF, 0xFFFF, 0xFFFF, 0xF7DF, 0xFFFF, 0xFFFF, 0x9CD3, 0x39C8,
  0x0001, 0x0805, 0x0005, 0x0806, 0x0000, 0x4A6A, 0xFFFF, 0xFFFF, 0xFFFF, 0xF7FF, 0xFFFE, 0xFFFF,
  0xFFFF, 0xFFFF, 0xFFFF, 0xFFFF, 0xFFFF, 0xFFFF, 0xFFFF, 0xFFFF, 0xFFFF, 0xFFFF, 0xFFFF, 0xFFFF,
  0xFFFF, 0xFFFF, 0xFFFF, 0xFFFF, 0xFFFF, 0xFFFF, 0xFFFF, 0xFFFF, 0xFFFF, 0xFFFF, 0xFFFF, 0xFFFF,
  0xFFFF, 0xFFFF, 0xFFFF, 0xFFFF, 0xFFFF, 0xFFFF, 0xFFFF, 0xFFFF, 0xFFFF, 0xFFFF, 0xFFFF, 0xFFFF,
  0xFFFF, 0xFFFF, 0xFFFF, 0xFFFF, 0xFFFF, 0xFFFF, 0xFEB9, 0xFC52, 0xFC31, 0xFD96, 0xF7FD, 0xFFDE,
  0xFFDF, 0xFFFF, 0xFFFF, 0xFFFF, 0xFFFF, 0xFFFF, 0xFFFF, 0xFFFF, 0xFFFF, 0xFFFF, 0xFFFF, 0xFFFF,
  0xFFFF, 0xFFFF, 0xFFFF, 0xFFFF, 0xFFFF, 0xFFFF, 0xFFFF, 0xFFFF, 0xFFFF, 0xFFFF, 0xFFFF, 0xFFFF,
  0xFFFF, 0xFFFF, 0xFFFF, 0xFFFF, 0xFFFF, 0xFFFF, 0xFFFF, 0xFFFF, 0xFFFF, 0xFFFF, 0xFFFF, 0xFFFF,
  0xFFFF, 0xFFFF, 0xFFFF, 0xFFFF, 0xFFFF, 0xFFFF, 0xFFFF, 0xFFFF, 0xFFFF, 0xFFFF, 0xFFFF, 0xFFFF,
  0xFFFF, 0xFFFF, 0xFFFF, 0xFFFF, 0xFFFF, 0xFFFF, 0xFFFF, 0xFFFF, 0xFFFF, 0xFFFF, 0xFFFF, 0xFFFF,
  0xFFFF, 0xFFFF, 0xFFFF, 0xFFFF, 0xFFFF, 0xFFFF, 0xFFFF, 0xFFFF, 0xFFFF, 0xFFFF, 0xFFFF, 0xFFFF,
  0xFFFF, 0xFFFF, 0xFFFF, 0xFFFF, 0xFFFF, 0xFFFF, 0xFFFF, 0xFFFF, 0xFFFF, 0xFFFF, 0xFFFF, 0xFFFF,
  0xFFFF, 0xFFFF, 0xFFFF, 0xFFFF, 0xFFFF, 0xFFFF, 0xFFFF, 0xFFFF, 0xFFFF, 0xFFFF, 0xFFFF, 0xFFFF,
  0xFFFF, 0xFFFF, 0xFFFF, 0xFFFF, 0xFFFF, 0xFFFF, 0xFFFF, 0xFFFF, 0xFFFF, 0xFFFF, 0xFFFF, 0xFFFF,
  0xFFFF, 0xFFFF, 0xFFFF, 0xFFFF, 0xFFFF, 0xFFFF, 0xFFFF, 0xFFFF, 0xFFFF, 0xFFFF, 0xFFFF, 0xFFFF,
  0xFFFF, 0xFFFF, 0xFFFF, 0xFFFF, 0xFFFF, 0xFFFF, 0xFFFF, 0xFFFF, 0xFFFF, 0xFFFF, 0xFFFF, 0xFFFF,
  0xFFFF, 0xFFFF, 0xFFFF, 0xFFFF, 0xFFFF, 0xFFFF, 0xFFFF, 0xFFFF, 0xFFFF, 0xFFFF, 0xFFFF, 0xFFFF,
  0xFFFF, 0xFFFF, 0xFFFF, 0xFFFF, 0xFFFF, 0xFFFF, 0xFFFF, 0xFFFF, 0xFFFF, 0xFFFF, 0xFFFF, 0xFFFF,
  0xFFFF, 0xFFFF, 0xFFFF, 0xFFFF, 0xFFFF, 0xFFFF, 0xFFFF, 0xFFFF, 0xFFFF, 0xFFFF, 0xFFFF, 0xFFFF,
  0xFFFF, 0xFFDF, 0xFFDF, 0xF7FE, 0xF7BE, 0xF7DF, 0xFFDE, 0xFFFF, 0xFFFF, 0xFFFF, 0x94D2, 0x39A8,
  0x0000, 0x0825, 0x0806, 0x0005, 0x0000, 0x4A6A, 0xFFFF, 0xFFFF, 0xFFFF, 0xFFFF, 0xFFFE, 0xFFFE,
  0xFFFF, 0xFFFF, 0xFFFF, 0xFFFF, 0xFFFF, 0xFFFF, 0xFFFF, 0xFFFF, 0xFFFF, 0xFFFF, 0xFFFF, 0xFFFF,
  0xFFFF, 0xFFFF, 0xFFFF, 0xFFFF, 0xFFFF, 0xFFFF, 0xFFFF, 0xFFFF, 0xFFFF, 0xFFFF, 0xFFFF, 0xFFFF,
  0xFFFF, 0xFFFF, 0xFFFF, 0xFFFF, 0xFFFF, 0xFFFF, 0xFFFF, 0xFFFF, 0xFFFF, 0xFFFF, 0xFFFF, 0xFFFF,
  0xFFDF, 0xFFDE, 0xFFDF, 0xFFDF, 0xFFDF, 0xF75B, 0xF5F7, 0xFC72, 0xED32, 0xED33, 0xFCF4, 0xF6BB,
  0xF79E, 0xFFFF, 0xFFFF, 0xFFFF, 0xFFFF, 0xFFFF, 0xFFFF, 0xFFFF, 0xFFFF, 0xFFFF, 0xFFFF, 0xFFFF,
  0xFFFF, 0xFFFF, 0xFFFF, 0xFFFF, 0xFFFF, 0xFFFF, 0xFFFF, 0xFFFF, 0xFFFF, 0xFFFF, 0xFFFF, 0xFFFF,
  0xFFFF, 0xFFFF, 0xFFFF, 0xFFFF, 0xFFFF, 0xFFFF, 0xFFFF, 0xFFFF, 0xFFFF, 0xFFFF, 0xFFFF, 0xFFFF,
  0xFFFF, 0xFFFF, 0xFFFF, 0xFFFF, 0xFFFF, 0xFFFF, 0xFFFF, 0xFFFF, 0xFFFF, 0xFFFF, 0xFFFF, 0xFFFF,
  0xFFFF, 0xFFFF, 0xFFFF, 0xFFFF, 0xFFFF, 0xFFFF, 0xFFFF, 0xFFFF, 0xFFFF, 0xFFFF, 0xFFFF, 0xFFFF,
  0xFFFF, 0xFFFF, 0xFFFF, 0xFFFF, 0xFFFF, 0xFFFF, 0xFFFF, 0xFFFF, 0xFFFF, 0xFFFF, 0xFFFF, 0xFFFF,
  0xFFFF, 0xFFFF, 0xFFFF, 0xFFFF, 0xFFFF, 0xFFFF, 0xFFFF, 0xFFFF, 0xFFFF, 0xFFFF, 0xFFFF, 0xFFFF,
  0xFFFF, 0xFFFF, 0xFFFF, 0xFFFF, 0xFFFF, 0xFFFF, 0xFFFF, 0xFFFF, 0xFFFF, 0xFFFF, 0xFFFF, 0xFFFF,
  0xFFFF, 0xFFFF, 0xFFFF, 0xFFFF, 0xFFFF, 0xFFFF, 0xFFFF, 0xFFFF, 0xFFFF, 0xFFFF, 0xFFFF, 0xFFFF,
  0xFFFF, 0xFFFF, 0xFFFF, 0xFFFF, 0xFFFF, 0xFFFF, 0xFFFF, 0xFFFF, 0xFFFF, 0xFFFF, 0xFFFF, 0xFFFF,
  0xFFFF, 0xFFFF, 0xFFFF, 0xFFFF, 0xFFFF, 0xFFFF, 0xFFFF, 0xFFFF, 0xFFFF, 0xFFFF, 0xFFFF, 0xFFFF,
  0xFFFF, 0xFFFF, 0xFFFF, 0xFFFF, 0xFFFF, 0xFFFF, 0xFFFF, 0xFFFF, 0xFFFF, 0xFFFF, 0xFFFF, 0xFFFF,
  0xFFFF, 0xFFFF, 0xFFFF, 0xFFFF, 0xFFFF, 0xFFFF, 0xFFFF, 0xFFFF, 0xFFFF, 0xFFFF, 0xFFFF, 0xFFFF,
  0xFFFF, 0xFFFF, 0xFFFF, 0xFFFF, 0xFFFF, 0xFFFF, 0xFFFF, 0xFFFF, 0xFFFF, 0xFFFF, 0xFFFF, 0xFFFF,
  0xFFFF, 0xF7DE, 0xFFFF, 0xFFDF, 0xFFDE, 0xFFDF, 0xFFFF, 0xFFFF, 0xFFFF, 0xFFFF, 0x9492, 0x31A7,
  0x0000, 0x0825, 0x0806, 0x0004, 0x0000, 0x4A6A, 0xFFFF, 0xFFFF, 0xFFFF, 0xF7DF, 0xFFFF, 0xF7FF,
  0xFFFF, 0xFFFF, 0xFFFF, 0xFFFF, 0xFFFF, 0xFFFF, 0xFFFF, 0xFFFF, 0xFFFF, 0xFFFF, 0xFFFF, 0xFFFF,
  0xFFFF, 0xFFFF, 0xFFFF, 0xFFFF, 0xFFFF, 0xFFFF, 0xFFFF, 0xFFFF, 0xFFFF, 0xFFFF, 0xFFFF, 0xFFFF,
  0xFFFF, 0xFFFF, 0xFFFF, 0xFFFF, 0xFFFF, 0xFFFF, 0xFFFF, 0xFFFF, 0xFFFF, 0xFFFF, 0xFFFF, 0xFFFF,
  0xFFFE, 0xFFDE, 0xFFFF, 0xFFFF, 0xFFFF, 0xF618, 0xFD35, 0xFCB3, 0xF532, 0xF4F2, 0xFC72, 0xF679,
  0xFFBE, 0xFFFF, 0xFFFF, 0xFFFF, 0xFFFF, 0xFFFF, 0xFFFF, 0xFFFF, 0xFFFF, 0xFFFF, 0xFFFF, 0xFFFF,
  0xFFFF, 0xFFFF, 0xFFFF, 0xFFFF, 0xFFFF, 0xFFFF, 0xFFFF, 0xFFFF, 0xFFFF, 0xFFFF, 0xFFFF, 0xFFFF,
  0xFFFF, 0xFFFF, 0xFFFF, 0xFFFF, 0xFFFF, 0xFFFF, 0xFFFF, 0xFFFF, 0xFFFF, 0xFFFF, 0xFFFF, 0xFFFF,
  0xFFFF, 0xFFFF, 0xFFFF, 0xFFFF, 0xFFFF, 0xFFFF, 0xFFFF, 0xFFFF, 0xFFFF, 0xFFFF, 0xFFFF, 0xFFFF,
  0xFFFF, 0xFFFF, 0xFFFF, 0xFFFF, 0xFFFF, 0xFFFF, 0xFFFF, 0xFFFF, 0xFFFF, 0xFFFF, 0xFFFF, 0xFFFF,
  0xFFFF, 0xFFFF, 0xFFFF, 0xFFFF, 0xFFFF, 0xFFFF, 0xFFFF, 0xFFFF, 0xFFFF, 0xFFFF, 0xFFFF, 0xFFFF,
  0xFFFF, 0xFFFF, 0xFFFF, 0xFFFF, 0xFFFF, 0xFFFF, 0xFFFF, 0xFFFF, 0xFFFF, 0xFFFF, 0xFFFF, 0xFFFF,
  0xFFFF, 0xFFFF, 0xFFFF, 0xFFFF, 0xFFFF, 0xFFFF, 0xFFFF, 0xFFFF, 0xFFFF, 0xFFFF, 0xFFFF, 0xFFFF,
  0xFFFF, 0xFFFF, 0xFFFF, 0xFFFF, 0xFFFF, 0xFFFF, 0xFFFF, 0xFFFF, 0xFFFF, 0xFFFF, 0xFFFF, 0xFFFF,
  0xFFFF, 0xFFFF, 0xFFFF, 0xFFFF, 0xFFFF, 0xFFFF, 0xFFFF, 0xFFFF, 0xFFFF, 0xFFFF, 0xFFFF, 0xFFFF,
  0xFFFF, 0xFFFF, 0xFFFF, 0xFFFF, 0xFFFF, 0xFFFF, 0xFFFF, 0xFFFF, 0xFFFF, 0xFFFF, 0xFFFF, 0xFFFF,
  0xFFFF, 0xFFFF, 0xFFFF, 0xFFFF, 0xFFFF, 0xFFFF, 0xFFFF, 0xFFFF, 0xFFFF, 0xFFFF, 0xFFFF, 0xFFFF,
  0xFFFF, 0xFFFF, 0xFFFF, 0xFFFF, 0xFFFF, 0xFFFF, 0xFFFF, 0xFFFF, 0xFFFF, 0xFFFF, 0xFFFF, 0xFFFF,
  0xFFFF, 0xFFFF, 0xFFFF, 0xFFFF, 0xFFFF, 0xFFFF, 0xFFFF, 0xFFFF, 0xFFFF, 0xFFFF, 0xFFFF, 0xFFFF,
  0xFFFF, 0xFFFF, 0xFFFF, 0xFFFF, 0xF7DF, 0xFFFF, 0xFFFF, 0xFFDF, 0xFFFF, 0xFFFF, 0x8C71, 0x3186,
  0x0000, 0x0824, 0x0825, 0x0005, 0x0000, 0x4A6A, 0xFFFF, 0xFFFF, 0xFFDF, 0xF7FF, 0xFFFF, 0xFFFF,
  0xFFFF, 0xFFFF, 0xFFFF, 0xFFFF, 0xFFFF, 0xFFFF, 0xFFFF, 0xFFFF, 0xFFFF, 0xFFFF, 0xFFFF, 0xFFFF,
  0xFFFF, 0xFFFF, 0xFFFF, 0xFFFF, 0xFFFF, 0xFFFF, 0xFFFF, 0xFFFF, 0xFFFF, 0xFFFF, 0xFFFF, 0xFFFF,
  0xFFFF, 0xFFFF, 0xFFFF, 0xFFFF, 0xFFFF, 0xFFFF, 0xFFFF, 0xFFFF, 0xFFFF, 0xFFFF, 0xFFFF, 0xFFFF,
  0xF7FF, 0xF7FE, 0xFFFF, 0xF7FF, 0xFFBE, 0xFCD5, 0xF452, 0xF513, 0xFD12, 0xFCD2, 0xF4B2, 0xFE9A,
  0xFFBE, 0xFFFF, 0xFFFF, 0xFFFF, 0xFFFF, 0xFFFF, 0xFFFF, 0xFFFF, 0xFFFF, 0xFFFF, 0xFFFF, 0xFFFF,
  0xFFFF, 0xFFFF, 0xFFFF, 0xFFFF, 0xFFFF, 0xFFFF, 0xFFFF, 0xFFFF, 0xFFFF, 0xFFFF, 0xFFFF, 0xFFFF,
  0xFFFF, 0xFFFF, 0xFFFF, 0xFFFF, 0xFFFF, 0xFFFF, 0xFFFF, 0xFFFF, 0xFFFF, 0xFFFF, 0xFFFF, 0xFFFF,
  0xFFFF, 0xFFFF, 0xFFFF, 0xFFFF, 0xFFFF, 0xFFFF, 0xFFFF, 0xFFFF, 0xFFFF, 0xFFFF, 0xFFFF, 0xFFFF,
  0xFFFF, 0xFFFF, 0xFFFF, 0xFFFF, 0xFFFF, 0xFFFF, 0xFFFF, 0xFFFF, 0xFFFF, 0xFFFF, 0xFFFF, 0xFFFF,
  0xFFFF, 0xFFFF, 0xFFFF, 0xFFFF, 0xFFFF, 0xFFFF, 0xFFFF, 0xFFFF, 0xFFFF, 0xFFFF, 0xFFFF, 0xFFFF,
  0xFFFF, 0xFFFF, 0xFFFF, 0xFFFF, 0xFFFF, 0xFFFF, 0xFFFF, 0xFFFF, 0xFFFF, 0xFFFF, 0xFFFF, 0xFFFF,
  0xFFFF, 0xFFFF, 0xFFFF, 0xFFFF, 0xFFFF, 0xFFFF, 0xFFFF, 0xFFFF, 0xFFFF, 0xFFFF, 0xFFFF, 0xFFFF,
  0xFFFF, 0xFFFF, 0xFFFF, 0xFFFF, 0xFFFF, 0xFFFF, 0xFFFF, 0xFFFF, 0xFFFF, 0xFFFF, 0xFFFF, 0xFFFF,
  0xFFFF, 0xFFFF, 0xFFFF, 0xFFFF, 0xFFFF, 0xFFFF, 0xFFFF, 0xFFFF, 0xFFFF, 0xFFFF, 0xFFFF, 0xFFFF,
  0xFFFF, 0xFFFF, 0xFFFF, 0xFFFF, 0xFFFF, 0xFFFF, 0xFFFF, 0xFFFF, 0xFFFF, 0xFFFF, 0xFFFF, 0xFFFF,
  0xFFFF, 0xFFFF, 0xFFFF, 0xFFFF, 0xFFFF, 0xFFFF, 0xFFFF, 0xFFFF, 0xFFFF, 0xFFFF, 0xFFFF, 0xFFFF,
  0xFFFF, 0xFFFF, 0xFFFF, 0xFFFF, 0xFFFF, 0xFFFF, 0xFFFF, 0xFFFF, 0xFFFF, 0xFFFF, 0xFFFF, 0xFFFF,
  0xFFFE, 0xFFDF, 0xFFDF, 0xFFFF, 0xFFFF, 0xFFFF, 0xFFFF, 0xFFFF, 0xFFFF, 0xFFDF, 0xF7BF, 0xFFDF,
  0xFFDF, 0xFFFF, 0xFFFF, 0xFFFF, 0xFFFE, 0xFFFF, 0xFFFF, 0xF7FF, 0xFFFF, 0xFFFF, 0x9493, 0x39C7,
  0x0000, 0x0825, 0x0806, 0x0005, 0x0000, 0x4A4A, 0xFFFF, 0xFFFF, 0xFFFE, 0xFFDF, 0xF7DE, 0xFFFE,
  0xFFFE, 0xFFFF, 0xFFDF, 0xFFFF, 0xFFFF, 0xFFFF, 0xFFFF, 0xFFFF, 0xFFFF, 0xF7DE, 0xFFDF, 0xFFDF,
  0xFFFF, 0xFFFF, 0xFFFF, 0xFFFF, 0xFFFF, 0xFFFF, 0xFFFF, 0xFFFF, 0xFFFF, 0xFFFF, 0xFFFF, 0xFFFF,
  0xFFFF, 0xF7FF, 0xFFFF, 0xFFFF, 0xFFFE, 0xFFDF, 0xFFFF, 0xFFDF, 0xFFDF, 0xFFDF, 0xFFFE, 0xF7FD,
  0xF7FE, 0xFFFF, 0xFFFF, 0xFF3B, 0xFD97, 0xFCB3, 0xFCB3, 0xFD13, 0xFD13, 0xFD12, 0xFCD3, 0xFDB7,
  0xFEBB, 0xFFFF, 0xFFFF, 0xFFFF, 0xFFFF, 0xFFFF, 0xFFFF, 0xFFFF, 0xFFFF, 0xFFFF, 0xFFFF, 0xFFFF,
  0xFFFF, 0xFFFF, 0xFFFF, 0xFFFF, 0xFFFF, 0xFFFF, 0xFFFF, 0xFFFF, 0xFFFF, 0xFFFF, 0xFFFF, 0xFFFF,
  0xFFFF, 0xFFFF, 0xFFFF, 0xFFFF, 0xFFFF, 0xFFFF, 0xFFFF, 0xFFFF, 0xFFFF, 0xFFFF, 0xFFFF, 0xFFFF,
  0xFFFF, 0xFFFF, 0xFFFF, 0xFFFF, 0xFFFF, 0xFFFF, 0xFFFF, 0xFFFF, 0xFFFF, 0xFFFF, 0xFFFF, 0xFFFF,
  0xFFFF, 0xFFFF, 0xFFFF, 0xFFFF, 0xFFFF, 0xFFFF, 0xFFFF, 0xFFFF, 0xFFFF, 0xFFFF, 0xFFFF, 0xFFFF,
  0xFFFF, 0xFFFF, 0xFFFF, 0xFFFF, 0xFFFF, 0xFFFF, 0xFFFF, 0xFFFF, 0xFFFF, 0xFFFF, 0xFFFF, 0xFFFF,
  0xFFFF, 0xFFFF, 0xFFFF, 0xFFFF, 0xFFFF, 0xFFFF, 0xFFFF, 0xFFFF, 0xFFFF, 0xFFFF, 0xFFFF, 0xFFFF,
  0xFFFF, 0xFFFF, 0xFFFF, 0xFFFF, 0xFFFF, 0xFFFF, 0xFFFF, 0xFFFF, 0xFFFF, 0xFFFF, 0xFFFF, 0xFFFF,
  0xFFFF, 0xFFFF, 0xFFFF, 0xFFFF, 0xFFFF, 0xFFFF, 0xFFFF, 0xFFFF, 0xFFFF, 0xFFFF, 0xFFFF, 0xFFFF,
  0xFFFF, 0xFFFF, 0xFFFF, 0xFFFF, 0xFFFF, 0xFFFF, 0xFFFF, 0xFFFF, 0xFFFF, 0xFFFF, 0xFFFF, 0xFFFF,
  0xFFFF, 0xFFFF, 0xFFFF, 0xFFFF, 0xFFFF, 0xFFFF, 0xFFFF, 0xFFFF, 0xFFFF, 0xFFFF, 0xFFFF, 0xFFFF,
  0xFFFF, 0xFFFF, 0xFFFF, 0xFFFF, 0xFFFF, 0xFFFF, 0xFFFF, 0xFFFF, 0xFFFF, 0xFFFF, 0xFFFF, 0xFFFF,
  0xFFFF, 0xFFFF, 0xFFFF, 0xFFFF, 0xFFFF, 0xFFFF, 0xFFFF, 0xFFFF, 0xFFFF, 0xFFFF, 0xFFFF, 0xFFFE,
  0xFFFF, 0xF7DF, 0xFFDF, 0xFFFF, 0xFFDF, 0xFFFF, 0xFFFF, 0xFFFE, 0xFFFF, 0xFFDE, 0xF7DF, 0xFFDE,
  0xF7FF, 0xFFFF, 0xFFFF, 0xFFDE, 0xF7DF, 0xFFFE, 0xFFDF, 0xFFFE, 0xFFFF, 0xFFFF, 0x9CD3, 0x39C8,
  0x0000, 0x0825, 0x0826, 0x0006, 0x0000, 0x4A6A, 0xFFFF, 0xFFFF, 0xFFFF, 0xFFDF, 0xFFFE, 0xF7DF,
  0xFFDE, 0xFFFF, 0xF7DF, 0xFFFF, 0xFFFF, 0xFFFF, 0xFFFE, 0xFFFF, 0xFFFE, 0xFFDF, 0xF7DF, 0xF7DF,
  0xFFFF, 0xFFFF, 0xFFFF, 0xFFFF, 0xFFFF, 0xFFFF, 0xFFFF, 0xFFFF, 0xFFFF, 0xFFFF, 0xFFFF, 0xFFFF,
  0xFFFF, 0xFFFF, 0xF7DE, 0xFFFF, 0xF7FF, 0xFFFF, 0xFFDF, 0xFFDF, 0xFFDF, 0xFFFF, 0xF7FF, 0xF7DE,
  0xFFFF, 0xF7FF, 0xFFFF, 0xFEDA, 0xFC93, 0xFCD4, 0xFCF3, 0xFD13, 0xFD33, 0xF514, 0xFCD3, 0xF576,
  0xFE9A, 0xF7FF, 0xFFFF, 0xFFFF, 0xFFFF, 0xFFFF, 0xFFFF, 0xFFFF, 0xFFFF, 0xFFFF, 0xFFFF, 0xFFFF,
  0xFFFF, 0xFFFF, 0xFFFF, 0xFFFF, 0xFFFF, 0xFFFF, 0xFFFF, 0xFFFF, 0xFFFF, 0xFFFF, 0xFFFF, 0xFFFF,
  0xFFFF, 0xFFFF, 0xFFFF, 0xFFFF, 0xFFFF, 0xFFFF, 0xFFFF, 0xFFFF, 0xFFFF, 0xFFFF, 0xFFFF, 0xFFFF,
  0xFFFF, 0xFFFF, 0xFFFF, 0xFFFF, 0xFFFF, 0xFFFF, 0xFFFF, 0xFFFF, 0xFFFF, 0xFFFF, 0xFFFF, 0xFFFF,
  0xFFFF, 0xFFFF, 0xFFFF, 0xFFFF, 0xFFFF, 0xFFFF, 0xFFFF, 0xFFFF, 0xFFFF, 0xFFFF, 0xFFFF, 0xFFFF,
  0xFFFF, 0xFFFF, 0xFFFF, 0xFFFF, 0xFFFF, 0xFFFF, 0xFFFF, 0xFFFF, 0xFFFF, 0xFFFF, 0xFFFF, 0xFFFF,
  0xFFFF, 0xFFFF, 0xFFFF, 0xFFFF, 0xFFFF, 0xFFFF, 0xFFFF, 0xFFFF, 0xFFFF, 0xFFFF, 0xFFFF, 0xFFFF,
  0xFFFF, 0xFFFF, 0xFFFF, 0xFFFF, 0xFFFF, 0xFFFF, 0xFFFF, 0xFFFF, 0xFFFF, 0xFFFF, 0xFFFF, 0xFFFF,
  0xFFFF, 0xFFFF, 0xFFFF, 0xFFFF, 0xFFFF, 0xFFFF, 0xFFFF, 0xFFFF, 0xFFFF, 0xFFFF, 0xFFFF, 0xFFFF,
  0xFFFF, 0xFFFF, 0xFFFF, 0xFFFF, 0xFFFF, 0xFFFF, 0xFFFF, 0xFFFF, 0xFFFF, 0xFFFF, 0xFFFF, 0xFFFF,
  0xFFFF, 0xFFFF, 0xFFFF, 0xFFFF, 0xFFFF, 0xFFFF, 0xFFFF, 0xFFFF, 0xFFFF, 0xFFFF, 0xFFFF, 0xFFFF,
  0xFFFF, 0xFFFF, 0xFFFF, 0xFFFF, 0xFFFF, 0xFFFF, 0xFFFF, 0xFFFF, 0xFFFF, 0xFFFF, 0xFFFF, 0xFFFF,
  0xFFFF, 0xFFFF, 0xFFFF, 0xFFFF, 0xFFFF, 0xFFFF, 0xFFFF, 0xFFFF, 0xFFFF, 0xFFFF, 0xFFFF, 0xFFFF,
  0xFFDE, 0xF7DE, 0xFFFF, 0xFFFF, 0xFFFF, 0xFFFF, 0xFFFE, 0xFFFF, 0xF7DE, 0xF7DE, 0xFFFF, 0xFFFF,
  0xFFFF, 0xFFFE, 0xFFFF, 0xFFFF, 0xFFFE, 0xFFFE, 0xFFFF, 0xFFFF, 0xFFFF, 0xFFFF, 0x94D2, 0x39A7,
  0x0000, 0x0825, 0x0806, 0x0006, 0x0000, 0x526A, 0xFFFF, 0xFFFF, 0xFFFF, 0xFFFF, 0xFFFF, 0xFFFF,
  0xFFDF, 0xF7DF, 0xFFDF, 0xFFFF, 0xFFFF, 0xFFFF, 0xF7DE, 0xFFFE, 0xFFFF, 0xFFFF, 0xFFFF, 0xFFDF,
  0xFFFF, 0xFFFF, 0xFFFF, 0xFFFF, 0xFFFF, 0xFFFF, 0xFFFF, 0xFFFF, 0xFFFF, 0xFFFF, 0xFFFF, 0xFFFF,
  0xFFDF, 0xFFDE, 0xF7FE, 0xF7FF, 0xF7FF, 0xFFFF, 0xFFDF, 0xFFDF, 0xF7FF, 0xFFFF, 0xFFFF, 0xFFDF,
  0xFFDF, 0xFFFF, 0xFFFE, 0xF679, 0xFC52, 0xF4F3, 0xFD13, 0xFD14, 0xFD54, 0xFD13, 0xFCB3, 0xFDB6,
  0xFEDA, 0xFFFF, 0xFFFF, 0xFFDF, 0xFFFF, 0xFFFF, 0xFFFF, 0xFFFF, 0xFFFF, 0xFFFF, 0xFFFF, 0xFFFF,
  0xFFFF, 0xFFFF, 0xFFFF, 0xFFFF, 0xFFFF, 0xFFFF, 0xFFFF, 0xFFFF, 0xFFFF, 0xFFFF, 0xFFFF, 0xFFFF,
  0xFFFF, 0xFFFF, 0xFFFF, 0xFFFF, 0xFFFF, 0xFFFF, 0xFFFF, 0xFFFF, 0xFFFF, 0xFFFF, 0xFFFF, 0xFFFF,
  0xFFFF, 0xFFFF, 0xFFFF, 0xFFFF, 0xFFFF, 0xFFFF, 0xFFFF, 0xFFFF, 0xFFFF, 0xFFFF, 0xFFFF, 0xFFFF,
  0xFFFF, 0xFFFF, 0xFFFF, 0xFFFF, 0xFFFF, 0xFFFF, 0xFFFF, 0xFFFF, 0xFFFF, 0xFFFF, 0xFFFF, 0xFFFF,
  0xFFFF, 0xFFFF, 0xFFFF, 0xFFFF, 0xFFFF, 0xFFFF, 0xFFFF, 0xFFFF, 0xFFFF, 0xFFFF, 0xFFFF, 0xFFFF,
  0xFFFF, 0xFFFF, 0xFFFF, 0xFFFF, 0xFFFF, 0xFFFF, 0xFFFF, 0xFFFF, 0xFFFF, 0xFFFF, 0xFFFF, 0xFFFF,
  0xFFFF, 0xFFFF, 0xFFFF, 0xFFFF, 0xFFFF, 0xFFFF, 0xFFFF, 0xFFFF, 0xFFFF, 0xFFFF, 0xFFFF, 0xFFFF,
  0xFFFF, 0xFFFF, 0xFFFF, 0xFFFF, 0xFFFF, 0xFFFF, 0xFFFF, 0xFFFF, 0xFFFF, 0xFFFF, 0xFFFF, 0xFFFF,
  0xFFFF, 0xFFFF, 0xFFFF, 0xFFFF, 0xFFFF, 0xFFFF, 0xFFFF, 0xFFFF, 0xFFFF, 0xFFFF, 0xFFFF, 0xFFFF,
  0xFFFF, 0xFFFF, 0xFFFF, 0xFFFF, 0xFFFF, 0xFFFF, 0xFFFF, 0xFFFF, 0xFFFF, 0xFFFF, 0xFFFF, 0xFFFF,
  0xFFFF, 0xFFFF, 0xFFFF, 0xFFFF, 0xFFFF, 0xFFFF, 0xFFFF, 0xFFFF, 0xFFFF, 0xFFFF, 0xFFFF, 0xFFFF,
  0xFFFF, 0xFFFF, 0xFFFF, 0xFFFF, 0xFFFF, 0xFFFF, 0xFFFF, 0xFFFF, 0xFFFF, 0xFFFF, 0xFFFF, 0xFFFF,
  0xFFFF, 0xFFFF, 0xFFFF, 0xFFFF, 0xFFFF, 0xF7DE, 0xFFDE, 0xFFFE, 0xFFFF, 0xFFFF, 0xFFFF, 0xFFFF,
  0xFFFF, 0xFFDF, 0xFFFE, 0xFFFF, 0xF7DF, 0xFFFE, 0xFFFF, 0xF7DE, 0xFFFF, 0xFFFF, 0x9472, 0x3187,
  0x0000, 0x0824, 0x0826, 0x0005, 0x0000, 0x4A6B, 0xFFFF, 0xFFFF, 0xFFFF, 0xFFDF, 0xFFFF, 0xFFFF,
  0xFFFF, 0xFFFF, 0xFFFF, 0xFFFF, 0xFFDF, 0xFFFF, 0xFFDF, 0xFFFF, 0xFFFE, 0xFFFF, 0xFFFE, 0xFFFF,
  0xFFFF, 0xFFFF, 0xFFFF, 0xFFFF, 0xFFFF, 0xFFFF, 0xFFFF, 0xFFFF, 0xFFFF, 0xFFFF, 0xFFFF, 0xFFFF,
  0xFFFE, 0xFFFF, 0xF7DF, 0xF7FF, 0xFFFF, 0xF7FF, 0xFFFE, 0xFFFF, 0xFFFE, 0xFFDF, 0xFFDF, 0xF7DF,
  0xFFDF, 0xFFDF, 0xF7DD, 0xFE38, 0xFC52, 0xF4F3, 0xF4F3, 0xFD14, 0xFD33, 0xF514, 0xFC93, 0xFDB5,
  0xFEDA, 0xFFFF, 0xF7FF, 0xFFFF, 0xFFFF, 0xFFFF, 0xFFFF, 0xFFFF, 0xFFFF, 0xFFFF, 0xFFFF, 0xFFFF,
  0xFFFF, 0xFFFF, 0xFFFF, 0xFFFF, 0xFFFF, 0xFFFF, 0xFFFF, 0xFFFF, 0xFFFF, 0xFFFF, 0xFFFF, 0xFFFF,
  0xFFFF, 0xFFFF, 0xFFFF, 0xFFFF, 0xFFFF, 0xFFFF, 0xFFFF, 0xFFFF, 0xFFFF, 0xFFFF, 0xFFFF, 0xFFFF,
  0xFFFF, 0xFFFF, 0xFFFF, 0xFFFF, 0xFFFF, 0xFFFF, 0xFFFF, 0xFFFF, 0xFFFF, 0xFFFF, 0xFFFF, 0xFFFF,
  0xFFFF, 0xFFFF, 0xFFFF, 0xFFFF, 0xFFFF, 0xFFFF, 0xFFFF, 0xFFFF, 0xFFFF, 0xFFFF, 0xFFFF, 0xFFFF,
  0xFFFF, 0xFFFF, 0xFFFF, 0xFFFF, 0xFFFF, 0xFFFF, 0xFFFF, 0xFFFF, 0xFFFF, 0xFFFF, 0xFFFF, 0xFFFF,
  0xFFFF, 0xFFFF, 0xFFFF, 0xFFFF, 0xFFFF, 0xFFFF, 0xFFFF, 0xFFFF, 0xFFFF, 0xFFFF, 0xFFFF, 0xFFFF,
  0xFFFF, 0xFFFF, 0xFFFF, 0xFFFF, 0xFFFF, 0xFFFF, 0xFFFF, 0xFFFF, 0xFFFF, 0xFFFF, 0xFFFF, 0xFFFF,
  0xFFFF, 0xFFFF, 0xFFFF, 0xFFFF, 0xFFFF, 0xFFFF, 0xFFFF, 0xFFFF, 0xFFFF, 0xFFFF, 0xFFFF, 0xFFFF,
  0xFFFF, 0xFFFF, 0xFFFF, 0xFFFF, 0xFFFF, 0xFFFF, 0xFFFF, 0xFFFF, 0xFFFF, 0xFFFF, 0xFFFF, 0xFFFF,
  0xFFFF, 0xFFFF, 0xFFFF, 0xFFFF, 0xFFFF, 0xFFFF, 0xFFFF, 0xFFFF, 0xFFFF, 0xFFFF, 0xFFFF, 0xFFFF,
  0xFFFF, 0xFFFF, 0xFFFF, 0xFFFF, 0xFFFF, 0xFFFF, 0xFFFF, 0xFFFF, 0xFFFF, 0xFFFF, 0xFFFF, 0xFFFF,
  0xFFFF, 0xFFFF, 0xFFFF, 0xFFFF, 0xFFFF, 0xFFFF, 0xFFFF, 0xFFFF, 0xFFFF, 0xFFFF, 0xFFFF, 0xFFFF,
  0xFFFE, 0xFFFF, 0xFFDF, 0xFFFF, 0xFFFF, 0xFFFE, 0xFFFE, 0xFFDE, 0xFFFF, 0xFFFF, 0xFFFF, 0xFFFF,
  0xFFFF, 0xFFFF, 0xFFFF, 0xFFFF, 0xFFFF, 0xFFFF, 0xFFFF, 0xFFDF, 0xFFFF, 0xFFFF, 0x8C72, 0x31A7,
  0x0000, 0x0825, 0x0825, 0x0005, 0x0000, 0x4A6A, 0xFFFF, 0xFFFF, 0xFFFF, 0xFFFF, 0xFFFF, 0xFFFF,
  0xFFFF, 0xFFFF, 0xFFFF, 0xFFFF, 0xFFFF, 0xFFFF, 0xFFFF, 0xFFFF, 0xFFFE, 0xFFFF, 0xFFFF, 0xFFFF,
  0xFFFF, 0xFFFF, 0xFFFF, 0xFFFF, 0xFFFF, 0xFFFF, 0xFFFF, 0xFFFF, 0xFFFF, 0xFFFF, 0xFFFF, 0xFFFF,
  0xFFFF, 0xFFDF, 0xF7DF, 0xF7FF, 0xFFFF, 0xFFFF, 0xFFFF, 0xFFFE, 0xFFDE, 0xFFFE, 0xFFFF, 0xF7FF,
  0xFFFF, 0xFFDF, 0xF73B, 0xFDF7, 0xFC51, 0xF513, 0xFCF4, 0xFCF3, 0xF514, 0xFD13, 0xFCB3, 0xFD95,
  0xF6B9, 0xFFFF, 0xFFFF, 0xFFFF, 0xFFFF, 0xFFFF, 0xFFFF, 0xFFFF, 0xFFFF, 0xFFFF, 0xFFFF, 0xFFFF,
  0xFFFF, 0xFFFF, 0xFFFF, 0xFFFF, 0xFFFF, 0xFFFF, 0xFFFF, 0xFFFF, 0xFFFF, 0xFFFF, 0xFFFF, 0xFFFF,
  0xFFFF, 0xFFFF, 0xFFFF, 0xFFFF, 0xFFFF, 0xFFFF, 0xFFFF, 0xFFFF, 0xFFFF, 0xFFFF, 0xFFFF, 0xFFFF,
  0xFFFF, 0xFFFF, 0xFFFF, 0xFFFF, 0xFFFF, 0xFFFF, 0xFFFF, 0xFFFF, 0xFFFF, 0xFFFF, 0xFFFF, 0xFFFF,
  0xFFFF, 0xFFFF, 0xFFFF, 0xFFFF, 0xFFFF, 0xFFFF, 0xFFFF, 0xFFFF, 0xFFFF, 0xFFFF, 0xFFFF, 0xFFFF,
  0xFFFF, 0xFFFF, 0xFFFF, 0xFFFF, 0xFFFF, 0xFFFF, 0xFFFF, 0xFFFF, 0xFFFF, 0xFFFF, 0xFFFF, 0xFFFF,
  0xFFFF, 0xFFFF, 0xFFFF, 0xFFFF, 0xFFFF, 0xFFFF, 0xFFFF, 0xFFFF, 0xFFFF, 0xFFFF, 0xFFFF, 0xFFFF,
  0xFFFF, 0xFFFF, 0xFFFF, 0xFFFF, 0xFFFF, 0xFFFF, 0xFFFF, 0xFFFF, 0xFFFF, 0xFFFF, 0xFFFF, 0xFFFF,
  0xFFFF, 0xFFFF, 0xFFFF, 0xFFFF, 0xFFFF, 0xFFFF, 0xFFFF, 0xFFFF, 0xFFFF, 0xFFFF, 0xFFFF, 0xFFFF,
  0xFFFF, 0xFFFF, 0xFFFF, 0xFFFF, 0xFFFF, 0xFFFF, 0xFFFF, 0xFFFF, 0xFFFF, 0xFFFF, 0xFFFF, 0xFFFF,
  0xFFFF, 0xFFFF, 0xFFFF, 0xFFFF, 0xFFFF, 0xFFFF, 0xFFFF, 0xFFFF, 0xFFFF, 0xFFFF, 0xFFFF, 0xFFFF,
  0xFFFF, 0xFFFF, 0xFFFF, 0xFFFF, 0xFFFF, 0xFFFF, 0xFFFF, 0xFFFF, 0xFFFF, 0xFFFF, 0xFFFF, 0xFFFF,
  0xFFFF, 0xFFFF, 0xFFFF, 0xFFFF, 0xFFFF, 0xFFFF, 0xFFFF, 0xFFFF, 0xFFFF, 0xFFFF, 0xFFFF, 0xFFFF,
  0xFFFF, 0xFFFF, 0xFFFF, 0xFFFF, 0xFFFF, 0xFFFF, 0xFFFF, 0xFFFF, 0xFFFE, 0xFFFF, 0xFFFF, 0xFFFF,
  0xFFFF, 0xFFFF, 0xFFFF, 0xFFFF, 0xFFFF, 0xFFFF, 0xFFFF, 0xFFFF, 0xFFFF, 0xFFFF, 0x94B2, 0x39C8,
  0x0001, 0x0825, 0x0825, 0x0005, 0x0000, 0x528B, 0xFFFF, 0xFFFF, 0xFFFF, 0xFFFF, 0xFFFF, 0xFFFF,
  0xFFFE, 0xFFFF, 0xFFFF, 0xFFFF, 0xFFFF, 0xFFFF, 0xFFFF, 0xFFFF, 0xFFFF, 0xFFFF, 0xFFDF, 0xFFDF,
  0xFFFF, 0xFFFF, 0xFFFF, 0xFFFF, 0xFFFF, 0xFFFF, 0xFFFF, 0xFFFF, 0xFFFF, 0xFFFF, 0xFFFF, 0xFFFF,
  0xFFFF, 0xF7FF, 0xFFDF, 0xF7DF, 0xF7DF, 0xF7DF, 0xFFFF, 0xFFFE, 0xF7FE, 0xF7FE, 0xFFFE, 0xFFFF,
  0xFFFF, 0xFFDF, 0xFEBA, 0xFDB6, 0xFC92, 0xF513, 0xF513, 0xF4F4, 0xF514, 0xFCF4, 0xFCB3, 0xFD34,
  0xFE78, 0xFFFF, 0xFFFF, 0xFFFF, 0xFFFF, 0xFFFF, 0xFFFF, 0xFFFF, 0xFFFF, 0xFFFF, 0xFFFF, 0xFFFF,
  0xFFFF, 0xFFFF, 0xFFFF, 0xFFFF, 0xFFFF, 0xFFFF, 0xFFFF, 0xFFFF, 0xFFFF, 0xFFFF, 0xFFFF, 0xFFFF,
  0xFFFF, 0xFFFF, 0xFFFF, 0xFFFF, 0xFFFF, 0xFFFF, 0xFFFF, 0xFFFF, 0xFFFF, 0xFFFF, 0xFFFF, 0xFFFF,
  0xFFFF, 0xFFFF, 0xFFFF, 0xFFFF, 0xFFFF, 0xFFFF, 0xFFFF, 0xFFFF, 0xFFFF, 0xFFFF, 0xFFFF, 0xFFFF,
  0xFFFF, 0xFFFF, 0xFFFF, 0xFFFF, 0xFFFF, 0xFFFF, 0xFFFF, 0xFFFF, 0xFFFF, 0xFFFF, 0xFFFF, 0xFFFF,
  0xFFFF, 0xFFFF, 0xFFFF, 0xFFFF, 0xFFFF, 0xFFFF, 0xFFFF, 0xFFFF, 0xFFFF, 0xFFFF, 0xFFFF, 0xFFFF,
  0xFFFF, 0xFFFF, 0xFFFF, 0xFFFF, 0xFFFF, 0xFFFF, 0xFFFF, 0xFFFF, 0xFFFF, 0xFFFF, 0xFFFF, 0xFFFF,
  0xFFFF, 0xFFFF, 0xFFFF, 0xFFFF, 0xFFFF, 0xFFFF, 0xFFFF, 0xFFFF, 0xFFFF, 0xFFFF, 0xFFFF, 0xFFFF,
  0xFFFF, 0xFFFF, 0xFFFF, 0xFFFF, 0xFFFF, 0xFFFF, 0xFFFF, 0xFFFF, 0xFFFF, 0xFFFF, 0xFFFF, 0xFFFF,
  0xFFFF, 0xFFFF, 0xFFFF, 0xFFFF, 0xFFFF, 0xFFFF, 0xFFFF, 0xFFFF, 0xFFFF, 0xFFFF, 0xFFFF, 0xFFFF,
  0xFFFF, 0xFFFF, 0xFFFF, 0xFFFF, 0xFFFF, 0xFFFF, 0xFFFF, 0xFFFF, 0xFFFF, 0xFFFF, 0xFFFF, 0xFFFF,
  0xFFFF, 0xFFFF, 0xFFFF, 0xFFFF, 0xFFFF, 0xFFFF, 0xFFFF, 0xFFFF, 0xFFFF, 0xFFFF, 0xFFFF, 0xFFFF,
  0xFFFF, 0xFFFF, 0xFFFF, 0xFFFF, 0xFFFF, 0xFFFF, 0xFFFF, 0xFFFF, 0xFFFF, 0xFFFF, 0xFFFF, 0xFFFF,
  0xFFFF, 0xFFFF, 0xFFFF, 0xFFFF, 0xFFFF, 0xFFFE, 0xFFFF, 0xFFFE, 0xE73D, 0xE71C, 0xEF7D, 0xEF7E,
  0xEF7E, 0xEF7E, 0xF79E, 0xF7BE, 0xEF7D, 0xEF7D, 0xEF7D, 0xF77E, 0xFFFF, 0xF7BE, 0x8C52, 0x3988,
  0x0001, 0x0805, 0x0805, 0x0004, 0x0000, 0x4A6B, 0xFFFF, 0xF7BE, 0xF79D, 0xEF9D, 0xF79D, 0xEF9D,
  0xF7BC, 0xEF9D, 0xF77D, 0xEF9D, 0xF79D, 0xF7BE, 0xE75C, 0xEF7C, 0xF79E, 0xFFFF, 0xF7FF, 0xFFDF,
  0xFFFF, 0xFFFF, 0xFFFF, 0xFFFF, 0xFFFF, 0xFFFF, 0xFFFF, 0xFFFF, 0xFFFF, 0xFFFF, 0xFFFF, 0xFFFF,
  0xFFFF, 0xFFFF, 0xFFFF, 0xF7FE, 0xF7BD, 0xFFFE, 0xFFFF, 0xFFDE, 0xFFFF, 0xF7DE, 0xF7BF, 0xF7FE,
  0xF7FF, 0xFFFF, 0xF5F7, 0xF534, 0xFCD2, 0xFD13, 0xFCF4, 0xFD14, 0xFD14, 0xFCF4, 0xFD13, 0xFC92,
  0xFDD7, 0xFFFF, 0xFFFF, 0xFFDF, 0xFFFF, 0xFFFF, 0xFFFF, 0xFFFF, 0xFFFF, 0xFFFF, 0xFFFF, 0xFFFF,
  0xFFFF, 0xFFFF, 0xFFFF, 0xFFFF, 0xFFFF, 0xFFFF, 0xFFFF, 0xFFFF, 0xFFFF, 0xFFFF, 0xFFFF, 0xFFFF,
  0xFFFF, 0xFFFF, 0xFFFF, 0xFFFF, 0xFFFF, 0xFFFF, 0xFFFF, 0xFFFF, 0xFFFF, 0xFFFF, 0xFFFF, 0xFFFF,
  0xFFFF, 0xFFFF, 0xFFFF, 0xFFFF, 0xFFFF, 0xFFFF, 0xFFFF, 0xFFFF, 0xFFFF, 0xFFFF, 0xFFFF, 0xFFFF,
  0xFFFF, 0xFFFF, 0xFFFF, 0xFFFF, 0xFFFF, 0xFFFF, 0xFFFF, 0xFFFF, 0xFFFF, 0xFFFF, 0xFFFF, 0xFFFF,
  0xFFFF, 0xFFFF, 0xFFFF, 0xFFFF, 0xFFFF, 0xFFFF, 0xFFFF, 0xFFFF, 0xFFFF, 0xFFFF, 0xFFFF, 0xFFFF,
  0xFFFF, 0xFFFF, 0xFFFF, 0xFFFF, 0xFFFF, 0xFFFF, 0xFFFF, 0xFFFF, 0xFFFF, 0xFFFF, 0xFFFF, 0xFFFF,
  0xFFFF, 0xFFFF, 0xFFFF, 0xFFFF, 0xFFFF, 0xFFFF, 0xFFFF, 0xFFFF, 0xFFFF, 0xFFFF, 0xFFFF, 0xFFFF,
  0xFFFF, 0xFFFF, 0xFFFF, 0xFFFF, 0xFFFF, 0xFFFF, 0xFFFF, 0xFFFF, 0xFFFF, 0xFFFF, 0xFFFF, 0xFFFF,
  0xFFFF, 0xFFFF, 0xFFFF, 0xFFFF, 0xFFFF, 0xFFFF, 0xFFFF, 0xFFFF, 0xFFFF, 0xFFFF, 0xFFFF, 0xFFFF,
  0xFFFF, 0xFFFF, 0xFFFF, 0xFFFF, 0xFFFF, 0xFFFF, 0xFFFF, 0xFFFF, 0xFFFF, 0xFFFF, 0xFFFF, 0xFFFF,
  0xFFFF, 0xFFFF, 0xFFFF, 0xFFFF, 0xFFFF, 0xFFFF, 0xFFFF, 0xFFFF, 0xFFFF, 0xFFFF, 0xFFFF, 0xFFFF,
  0xFFFF, 0xFFFF, 0xFFFF, 0xFFFF, 0xFFFF, 0xFFFF, 0xFFFF, 0xFFFF, 0xFFFF, 0xFFFF, 0xFFFF, 0xFFFE,
  0xFFFF, 0xFFFF, 0xFFFF, 0xFFFF, 0xFFFF, 0xFFFF, 0xFFFE, 0xEF9D, 0x94B2, 0x73B0, 0x8C51, 0x8431,
  0x8C51, 0x8C51, 0x8C72, 0x8C92, 0x8C71, 0x8C51, 0x8431, 0x8C71, 0x9492, 0x9492, 0x528A, 0x2106,
  0x0004, 0x0825, 0x0005, 0x0804, 0x0001, 0x2947, 0xA4F4, 0x8C71, 0x8C51, 0x8C51, 0x8C70, 0x8C71,
  0x8C71, 0x8C70, 0x8C71, 0x8C51, 0x8C71, 0x8C51, 0x7BEF, 0xAD54, 0xD6BA, 0xFFFF, 0xFFFF, 0xF7DF,
  0xFFFF, 0xFFFF, 0xFFFF, 0xFFFF, 0xFFFF, 0xFFFF, 0xFFFF, 0xFFFF, 0xFFFF, 0xFFFF, 0xFFFF, 0xFFFF,
  0xFFFF, 0xF7DE, 0xFF5C, 0xFE9A, 0xFE59, 0xF6BA, 0xFF7C, 0xFFDF, 0xF7FF, 0xFFDF, 0xF7DE, 0xF7FF,
  0xFFFF, 0xFFBE, 0xF555, 0xFCF3, 0xFD13, 0xF4F3, 0xFD14, 0xFD54, 0xFD14, 0xFD14, 0xFCF4, 0xFC71,
  0xF5B6, 0xFFFF, 0xFFFF, 0xF7FF, 0xFFFF, 0xFFFF, 0xFFFF, 0xFFFF, 0xFFFF, 0xFFFF, 0xFFFF, 0xFFFF,
  0xFFFF, 0xFFFF, 0xFFFF, 0xFFFF, 0xFFFF, 0xFFFF, 0xFFFF, 0xFFFF, 0xFFFF, 0xFFFF, 0xFFFF, 0xFFFF,
  0xFFFF, 0xFFFF, 0xFFFF, 0xFFFF, 0xFFFF, 0xFFFF, 0xFFFF, 0xFFFF, 0xFFFF, 0xFFFF, 0xFFFF, 0xFFFF,
  0xFFFF, 0xFFFF, 0xFFFF, 0xFFFF, 0xFFFF, 0xFFFF, 0xFFFF, 0xFFFF, 0xFFFF, 0xFFFF, 0xFFFF, 0xFFFF,
  0xFFFF, 0xFFFF, 0xFFFF, 0xFFFF, 0xFFFF, 0xFFFF, 0xFFFF, 0xFFFF, 0xFFFF, 0xFFFF, 0xFFFF, 0xFFFF,
  0xFFFF, 0xFFFF, 0xFFFF, 0xFFFF, 0xFFFF, 0xFFFF, 0xFFFF, 0xFFFF, 0xFFFF, 0xFFFF, 0xFFFF, 0xFFFF,
  0xFFFF, 0xFFFF, 0xFFFF, 0xFFFF, 0xFFFF, 0xFFFF, 0xFFFF, 0xFFFF, 0xFFFF, 0xFFFF, 0xFFFF, 0xFFFF,
  0xFFFF, 0xFFFF, 0xFFFF, 0xFFFF, 0xFFFF, 0xFFFF, 0xFFFF, 0xFFFF, 0xFFFF, 0xFFFF, 0xFFFF, 0xFFFF,
  0xFFFF, 0xFFFF, 0xFFFF, 0xFFFF, 0xFFFF, 0xFFFF, 0xFFFF, 0xFFFF, 0xFFFF, 0xFFFF, 0xFFFF, 0xFFFF,
  0xFFFF, 0xFFFF, 0xFFFF, 0xFFFF, 0xFFFF, 0xFFFF, 0xFFFF, 0xFFFF, 0xFFFF, 0xFFFF, 0xFFFF, 0xFFFF,
  0xFFFF, 0xFFFF, 0xFFFF, 0xFFFF, 0xFFFF, 0xFFFF, 0xFFFF, 0xFFFF, 0xFFFF, 0xFFFF, 0xFFFF, 0xFFFF,
  0xFFFF, 0xFFFF, 0xFFFF, 0xFFFF, 0xFFFF, 0xFFFF, 0xFFFF, 0xFFFF, 0xFFFF, 0xFFFF, 0xFFFF, 0xFFFF,
  0xFFFF, 0xFFFF, 0xFFFF, 0xFFFF, 0xFFFF, 0xFFFF, 0xFFFF, 0xFFFF, 0xFFFF, 0xFFFF, 0xFFFF, 0xFFFF,
  0xFFFF, 0xFFFF, 0xFFFF, 0xFFFF, 0xFFFF, 0xFFFF, 0xF7BE, 0xD6BA, 0x18A3, 0x0000, 0x0000, 0x0000,
  0x0000, 0x0000, 0x0000, 0x0000, 0x0000, 0x0000, 0x0000, 0x0000, 0x0000, 0x0000, 0x0000, 0x0002,
  0x0806, 0x0825, 0x0805, 0x0825, 0x0003, 0x0001, 0x0000, 0x0000, 0x0000, 0x0000, 0x0000, 0x0000,
  0x0000, 0x0000, 0x0000, 0x0000, 0x0000, 0x0000, 0x0000, 0x4208, 0xA534, 0xFFFF, 0xFFFF, 0xFFFF,
  0xFFFF, 0xFFFF, 0xFFFF, 0xFFFF, 0xFFFF, 0xFFFF, 0xFFFF, 0xFFFF, 0xFFFF, 0xFFFF, 0xFFFF, 0xFFFF,
  0xF7FE, 0xF73B, 0xFD15, 0xFC52, 0xFBD1, 0xFBD1, 0xFE19, 0xFFBD, 0xFFDF, 0xF7FF, 0xFFFF, 0xFFDF,
  0xFFDE, 0xFF1B, 0xF4F3, 0xF4F3, 0xFD53, 0xFCD3, 0xF4F4, 0xFD55, 0xFD14, 0xFD13, 0xFD34, 0xF472,
  0xFD76, 0xFFFF, 0xFFFF, 0xFFFF, 0xFFFF, 0xFFFF, 0xFFFF, 0xFFFF, 0xFFFF, 0xFFFF, 0xFFFF, 0xFFFF,
  0xFFFF, 0xFFFF, 0xFFFF, 0xFFFF, 0xFFFF, 0xFFFF, 0xFFFF, 0xFFFF, 0xFFFF, 0xFFFF, 0xFFFF, 0xFFFF,
  0xFFFF, 0xFFFF, 0xFFFF, 0xFFFF, 0xFFFF, 0xFFFF, 0xFFFF, 0xFFFF, 0xFFFF, 0xFFFF, 0xFFFF, 0xFFFF,
  0xFFFF, 0xFFFF, 0xFFFF, 0xFFFF, 0xFFFF, 0xFFFF, 0xFFFF, 0xFFFF, 0xFFFF, 0xFFFF, 0xFFFF, 0xFFFF,
  0xFFFF, 0xFFFF, 0xFFFF, 0xFFFF, 0xFFFF, 0xFFFF, 0xFFFF, 0xFFFF, 0xFFFF, 0xFFFF, 0xFFFF, 0xFFFF,
  0xFFFF, 0xFFFF, 0xFFFF, 0xFFFF, 0xFFFF, 0xFFFF, 0xFFFF, 0xFFFF, 0xFFFF, 0xFFFF, 0xFFFF, 0xFFFF,
  0xFFFF, 0xFFFF, 0xFFFF, 0xFFFF, 0xFFFF, 0xFFFF, 0xFFFF, 0xFFFF, 0xFFFF, 0xFFFF, 0xFFFF, 0xFFFF,
  0xFFFF, 0xFFFF, 0xFFFF, 0xFFFF, 0xFFFF, 0xFFFF, 0xFFFF, 0xFFFF, 0xFFFF, 0xFFFF, 0xFFFF, 0xFFFF,
  0xFFFF, 0xFFFF, 0xFFFF, 0xFFFF, 0xFFFF, 0xFFFF, 0xFFFF, 0xFFFF, 0xFFFF, 0xFFFF, 0xFFFF, 0xFFFF,
  0xFFFF, 0xFFFF, 0xFFFF, 0xFFFF, 0xFFFF, 0xFFFF, 0xFFFF, 0xFFFF, 0xFFFF, 0xFFFF, 0xFFFF, 0xFFFF,
  0xFFFF, 0xFFFF, 0xFFFF, 0xFFFF, 0xFFFF, 0xFFFF, 0xFFFF, 0xFFFF, 0xFFFF, 0xFFFF, 0xFFFF, 0xFFFF,
  0xFFFF, 0xFFFF, 0xFFFF, 0xFFFF, 0xFFFF, 0xFFFF, 0xFFFF, 0xFFFF, 0xFFFF, 0xFFFF, 0xFFFF, 0xFFFF,
  0xFFFF, 0xFFFF, 0xFFFF, 0xFFFF, 0xFFFF, 0xFFFF, 0xFFFF, 0xFFFF, 0xFFFF, 0xFFFF, 0xFFFF, 0xFFFF,
  0xFFFE, 0xFFDF, 0xF7DF, 0xFFFF, 0xFFFF, 0xFFFF, 0xFFDF, 0xDF1C, 0x2105, 0x0000, 0x0843, 0x0003,
  0x0004, 0x0003, 0x0003, 0x0004, 0x0003, 0x0003, 0x0003, 0x0003, 0x0004, 0x0004, 0x0004, 0x0805,
  0x0005, 0x0805, 0x0005, 0x0805, 0x0004, 0x0004, 0x0002, 0x0003, 0x0002, 0x0002, 0x0003, 0x0002,
  0x0002, 0x0001, 0x0002, 0x0001, 0x0002, 0x0001, 0x0000, 0x528A, 0xB596, 0xFFFF, 0xFFFF, 0xFFDF,
  0xFFFF, 0xFFFF, 0xFFFF, 0xFFFF, 0xFFFF, 0xFFFF, 0xFFFF, 0xFFFF, 0xFFFF, 0xFFFF, 0xFFFF, 0xFFFF,
  0xFFBE, 0xFF5C, 0xF6FA, 0xF575, 0xF4B3, 0xF452, 0xFCD5, 0xFDB7, 0xFFDF, 0xFFFF, 0xFFFF, 0xF7FF,
  0xFF5C, 0xFDD7, 0xF4F3, 0xFCF3, 0xFD33, 0xFCF3, 0xFCF4, 0xFD14, 0xFD14, 0xFD14, 0xFCF3, 0xF514,
  0xFE38, 0xFFFF, 0xFFFF, 0xFFFF, 0xFFFF, 0xFFFF, 0xFFFF, 0xFFFF, 0xFFFF, 0xFFFF, 0xFFFF, 0xFFFF,
  0xFFFF, 0xFFFF, 0xFFFF, 0xFFFF, 0xFFFF, 0xFFFF, 0xFFFF, 0xFFFF, 0xFFFF, 0xFFFF, 0xFFFF, 0xFFFF,
  0xFFFF, 0xFFFF, 0xFFFF, 0xFFFF, 0xFFFF, 0xFFFF, 0xFFFF, 0xFFFF, 0xFFFF, 0xFFFF, 0xFFFF, 0xFFFF,
  0xFFFF, 0xFFFF, 0xFFFF, 0xFFFF, 0xFFFF, 0xFFFF, 0xFFFF, 0xFFFF, 0xFFFF, 0xFFFF, 0xFFFF, 0xFFFF,
  0xFFFF, 0xFFFF, 0xFFFF, 0xFFFF, 0xFFFF, 0xFFFF, 0xFFFF, 0xFFFF, 0xFFFF, 0xFFFF, 0xFFFF, 0xFFFF,
  0xFFFF, 0xFFFF, 0xFFFF, 0xFFFF, 0xFFFF, 0xFFFF, 0xFFFF, 0xFFFF, 0xFFFF, 0xFFFF, 0xFFFF, 0xFFFF,
  0xFFFF, 0xFFFF, 0xFFFF, 0xFFFF, 0xFFFF, 0xFFFF, 0xFFFF, 0xFFFF, 0xFFFF, 0xFFFF, 0xFFFF, 0xFFFF,
  0xFFFF, 0xFFFF, 0xFFFF, 0xFFFF, 0xFFFF, 0xFFFF, 0xFFFF, 0xFFFF, 0xFFFF, 0xFFFF, 0xFFFF, 0xFFFF,
  0xFFFF, 0xFFFF, 0xFFFF, 0xFFFF, 0xFFFF, 0xFFFF, 0xFFFF, 0xFFFF, 0xFFFF, 0xFFFF, 0xFFFF, 0xFFFF,
  0xFFFF, 0xFFFF, 0xFFFF, 0xFFFF, 0xFFFF, 0xFFFF, 0xFFFF, 0xFFFF, 0xFFFF, 0xFFFF, 0xFFFF, 0xFFFF,
  0xFFFF, 0xFFFF, 0xFFFF, 0xFFFF, 0xFFFF, 0xFFFF, 0xFFFF, 0xFFFF, 0xFFFF, 0xFFFF, 0xFFFF, 0xFFFF,
  0xFFFF, 0xFFFF, 0xFFFF, 0xFFFF, 0xFFFF, 0xFFFF, 0xFFFF, 0xFFFF, 0xFFFF, 0xFFFF, 0xFFFF, 0xFFFF,
  0xFFFF, 0xFFFF, 0xFFFF, 0xFFFF, 0xFFFF, 0xFFFF, 0xFFFF, 0xFFFF, 0xFFFF, 0xFFFF, 0xFFFF, 0xFFFF,
  0xFFFF, 0xF7DF, 0xFFFF, 0xFFFF, 0xFFFF, 0xFFFF, 0xFFFF, 0xE71C, 0x2926, 0x0000, 0x1064, 0x1026,
  0x0806, 0x0806, 0x0806, 0x0826, 0x0805, 0x0805, 0x0806, 0x0806, 0x0826, 0x0806, 0x0806, 0x0806,
  0x0805, 0x0005, 0x0805, 0x0805, 0x0825, 0x0805, 0x0805, 0x0825, 0x0825, 0x1045, 0x1046, 0x0825,
  0x0825, 0x0805, 0x0004, 0x0804, 0x0825, 0x0823, 0x0000, 0x5ACB, 0xB5D7, 0xFFFF, 0xFFFF, 0xFFFF,
  0xFFFF, 0xFFFF, 0xFFFF, 0xFFFF, 0xFFFF, 0xFFFF, 0xFFFF, 0xFFFF, 0xFFFF, 0xFFFF, 0xFFFF, 0xFFFF,
  0xFFBE, 0xFF9D, 0xF7DD, 0xF6B9, 0xF5D7, 0xF4F4, 0xFC73, 0xFCD4, 0xF6FA, 0xFF9C, 0xFFDE, 0xF7FF,
  0xFE7A, 0xF4F4, 0xFCF2, 0xF4F3, 0xFD13, 0xFD14, 0xFCF4, 0xFD14, 0xFCF3, 0xFCF3, 0xFCF3, 0xFD75,
  0xF6BA, 0xFFFF, 0xF7FF, 0xFFDF, 0xFFFF, 0xFFFF, 0xFFFF, 0xFFFF, 0xFFFF, 0xFFFF, 0xFFFF, 0xFFFF,
  0xFFFF, 0xFFFF, 0xFFFF, 0xFFFF, 0xFFFF, 0xFFFF, 0xFFFF, 0xFFFF, 0xFFFF, 0xFFFF, 0xFFFF, 0xFFFF,
  0xFFFF, 0xFFFF, 0xFFFF, 0xFFFF, 0xFFFF, 0xFFFF, 0xFFFF, 0xFFFF, 0xFFFF, 0xFFFF, 0xFFFF, 0xFFFF,
  0xFFFF, 0xFFFF, 0xFFFF, 0xFFFF, 0xFFFF, 0xFFFF, 0xFFFF, 0xFFFF, 0xFFFF, 0xFFFF, 0xFFFF, 0xFFFF,
  0xFFFF, 0xFFFF, 0xFFFF, 0xFFFF, 0xFFFF, 0xFFFF, 0xFFFF, 0xFFFF, 0xFFFF, 0xFFFF, 0xFFFF, 0xFFFF,
  0xFFFF, 0xFFFF, 0xFFFF, 0xFFFF, 0xFFFF, 0xFFFF, 0xFFFF, 0xFFFF, 0xFFFF, 0xFFFF, 0xFFFF, 0xFFFF,
  0xFFFF, 0xFFFF, 0xFFFF, 0xFFFF, 0xFFFF, 0xFFFF, 0xFFFF, 0xFFFF, 0xFFFF, 0xFFFF, 0xFFFF, 0xFFFF,
  0xFFFF, 0xFFFF, 0xFFFF, 0xFFFF, 0xFFFF, 0xFFFF, 0xFFFF, 0xFFFF, 0xFFFF, 0xFFFF, 0xFFFF, 0xFFFF,
  0xFFFF, 0xFFFF, 0xFFFF, 0xFFFF, 0xFFFF, 0xFFFF, 0xFFFF, 0xFFFF, 0xFFFF, 0xFFFF, 0xFFFF, 0xFFFF,
  0xFFFF, 0xFFFF, 0xFFFF, 0xFFFF, 0xFFFF, 0xFFFF, 0xFFFF, 0xFFFF, 0xFFFF, 0xFFFF, 0xFFFF, 0xFFFF,
  0xFFFF, 0xFFFF, 0xFFFF, 0xFFFF, 0xFFFF, 0xFFFF, 0xFFFF, 0xFFFF, 0xFFFF, 0xFFFF, 0xFFFF, 0xFFFF,
  0xFFFF, 0xFFFF, 0xFFFF, 0xFFFF, 0xFFFF, 0xFFFF, 0xFFFF, 0xFFFF, 0xFFFF, 0xFFFF, 0xFFFF, 0xFFFF,
  0xFFFF, 0xFFFF, 0xFFFF, 0xFFFF, 0xFFFF, 0xFFFF, 0xFFFF, 0xFFFF, 0xFFFF, 0xFFFF, 0xFFFF, 0xFFFF,
  0xFFFE, 0xFFDF, 0xFFDF, 0xF7DF, 0xFFFF, 0xFFFF, 0xFFDF, 0xD6DB, 0x2106, 0x0000, 0x1025, 0x0845,
  0x1046, 0x0825, 0x0805, 0x0804, 0x1046, 0x0825, 0x0804, 0x0825, 0x0825, 0x0805, 0x0806, 0x0826,
  0x0826, 0x0805, 0x0025, 0x0826, 0x0826, 0x0826, 0x0006, 0x0806, 0x0807, 0x1027, 0x0828, 0x1007,
  0x0807, 0x0807, 0x0807, 0x0807, 0x0805, 0x0004, 0x0000, 0x5AEC, 0xBDD7, 0xFFFF, 0xFFFF, 0xFFFE,
  0xFFFF, 0xFFFF, 0xFFFF, 0xFFFF, 0xFFFF, 0xFFFF, 0xFFFF, 0xFFFF, 0xFFFF, 0xFFFF, 0xFFFF, 0xFFFF,
  0xFFDF, 0xFFFF, 0xF7FF, 0xF7FE, 0xFF9C, 0xFDD7, 0xFCF4, 0xF4B1, 0xED12, 0xF5D5, 0xFE58, 0xFDF8,
  0xFD35, 0xFC52, 0xF4D2, 0xF4F2, 0xED13, 0xFD14, 0xFCF4, 0xFCF4, 0xF4F3, 0xF4B2, 0xFC93, 0xFE37,
  0xFF3B, 0xFFFF, 0xFFFF, 0xFFFF, 0xFFFF, 0xFFFF, 0xFFFF, 0xFFFF, 0xFFFF, 0xFFFF, 0xFFFF, 0xFFFF,
  0xFFFF, 0xFFFF, 0xFFFF, 0xFFFF, 0xFFFF, 0xFFFF, 0xFFFF, 0xFFFF, 0xFFFF, 0xFFFF, 0xFFFF, 0xFFFF,
  0xFFFF, 0xFFFF, 0xFFFF, 0xFFFF, 0xFFFF, 0xFFFF, 0xFFFF, 0xFFFF, 0xFFFF, 0xFFFF, 0xFFFF, 0xFFFF,
  0xFFFF, 0xFFFF, 0xFFFF, 0xFFFF, 0xFFFF, 0xFFFF, 0xFFFF, 0xFFFF, 0xFFFF, 0xFFFF, 0xFFFF, 0xFFFF,
  0xFFFF, 0xFFFF, 0xFFFF, 0xFFFF, 0xFFFF, 0xFFFF, 0xFFFF, 0xFFFF, 0xFFFF, 0xFFFF, 0xFFFF, 0xFFFF,
  0xFFFF, 0xFFFF, 0xFFFF, 0xFFFF, 0xFFFF, 0xFFFF, 0xFFFF, 0xFFFF, 0xFFFF, 0xFFFF, 0xFFFF, 0xFFFF,
  0xFFFF, 0xFFFF, 0xFFFF, 0xFFFF, 0xFFFF, 0xFFFF, 0xFFFF, 0xFFFF, 0xFFFF, 0xFFFF, 0xFFFF, 0xFFFF,
  0xFFFF, 0xFFFF, 0xFFFF, 0xFFFF, 0xFFFF, 0xFFFF, 0xFFFF, 0xFFFF, 0xFFFF, 0xFFFF, 0xFFFF, 0xFFFF,
  0xFFFF, 0xFFFF, 0xFFFF, 0xFFFF, 0xFFFF, 0xFFFF, 0xFFFF, 0xFFFF, 0xFFFF, 0xFFFF, 0xFFFF, 0xFFFF,
  0xFFFF, 0xFFFF, 0xFFFF, 0xFFFF, 0xFFFF, 0xFFFF, 0xFFFF, 0xFFFF, 0xFFFF, 0xFFFF, 0xFFFF, 0xFFFF,
  0xFFFF, 0xFFFF, 0xFFFF, 0xFFFF, 0xFFFF, 0xFFFF, 0xFFFF, 0xFFFF, 0xFFFF, 0xFFFF, 0xFFFF, 0xFFFF,
  0xFFFF, 0xFFFF, 0xFFFF, 0xFFFF, 0xFFFF, 0xFFFF, 0xFFFF, 0xFFFF, 0xFFFF, 0xFFFF, 0xFFFF, 0xFFFF,
  0xFFFF, 0xFFFF, 0xFFFF, 0xFFFF, 0xFFFF, 0xFFFF, 0xFFFF, 0xFFFF, 0xFFFF, 0xFFFF, 0xFFFF, 0xFFFF,
  0xFFFF, 0xFFFF, 0xF7DE, 0xFFFF, 0xFFFF, 0xFFFF, 0xF7BE, 0xD6BB, 0x10A3, 0x0000, 0x0000, 0x0000,
  0x0000, 0x0000, 0x0000, 0x0000, 0x0000, 0x0000, 0x0000, 0x0000, 0x0000, 0x0000, 0x0000, 0x0000,
  0x0000, 0x0000, 0x0002, 0x0825, 0x0805, 0x0003, 0x0000, 0x0000, 0x0000, 0x0000, 0x0000, 0x0000,
  0x0000, 0x0000, 0x0000, 0x0000, 0x0000, 0x0000, 0x0000, 0x4228, 0xAD55, 0xFFFF, 0xFFFF, 0xFFDF,
  0xF7FE, 0xFFFF, 0xFFDE, 0xF7FF, 0xFFFF, 0xF7FF, 0xFFFF, 0xFFFF, 0xFFFF, 0xF7FF, 0xFFFE, 0xFFFF,
  0xFFFE, 0xFFDE, 0xF7FF, 0xFFFF, 0xFFDF, 0xF73C, 0xF576, 0xFC72, 0xF4B2, 0xFD13, 0xFD54, 0xF535,
  0xF4F4, 0xFCB3, 0xF4F3, 0xF513, 0xFD14, 0xF514, 0xFCF4, 0xFD14, 0xFCD3, 0xFCD4, 0xFD15, 0xFF1B,
  0xFFFF, 0xFFDF, 0xF7DF, 0xF7FF, 0xFFDF, 0xFFFF, 0xF7FF, 0xFFFE, 0xFFFE, 0xFFFF, 0xFFFF, 0xFFDF,
  0xF7DF, 0xFFFF, 0xFFFF, 0xFFFF, 0xFFFF, 0xFFFF, 0xFFFF, 0xFFFF, 0xFFFF, 0xFFFF, 0xFFFF, 0xFFFF,
  0xFFFF, 0xFFFF, 0xFFFF, 0xFFFF, 0xFFFF, 0xFFFF, 0xFFFF, 0xFFFF, 0xFFFF, 0xFFFF, 0xFFFF, 0xFFFF,
  0xFFFF, 0xFFFF, 0xFFFF, 0xFFFF, 0xFFFF, 0xFFFF, 0xFFFF, 0xFFFF, 0xFFFF, 0xFFFF, 0xFFFF, 0xFFFF,
  0xFFFF, 0xFFFF, 0xFFFF, 0xFFFF, 0xFFFF, 0xFFFF, 0xFFFF, 0xFFFF, 0xFFFF, 0xFFFF, 0xFFFF, 0xFFFF,
  0xFFFF, 0xFFFF, 0xFFFF, 0xFFFF, 0xFFFF, 0xFFFF, 0xFFFF, 0xFFFF, 0xFFFF, 0xFFFF, 0xFFFF, 0xFFFF,
  0xFFFF, 0xFFFF, 0xFFFF, 0xFFFF, 0xFFFF, 0xFFFF, 0xFFFF, 0xFFFF, 0xFFFF, 0xFFFF, 0xFFFF, 0xFFFF,
  0xFFFF, 0xFFFF, 0xFFFF, 0xFFFF, 0xFFFF, 0xFFFF, 0xFFFF, 0xFFFF, 0xFFFF, 0xFFFF, 0xFFFF, 0xFFFF,
  0xFFFF, 0xFFFF, 0xFFFF, 0xFFFF, 0xFFFF, 0xFFFF, 0xFFFF, 0xFFFF, 0xFFFF, 0xFFFF, 0xFFFF, 0xFFFF,
  0xFFFF, 0xFFFF, 0xFFFF, 0xFFFF, 0xFFFF, 0xFFFF, 0xFFFF, 0xFFFF, 0xFFFF, 0xFFFF, 0xFFFF, 0xFFFF,
  0xFFFF, 0xFFFF, 0xFFFF, 0xFFFF, 0xFFFF, 0xFFFF, 0xFFFF, 0xFFFF, 0xFFFF, 0xFFFF, 0xFFFF, 0xFFFF,
  0xFFFF, 0xFFFF, 0xFFFF, 0xFFFF, 0xFFFF, 0xFFFF, 0xFFFF, 0xFFFF, 0xFFFF, 0xFFFF, 0xFFFF, 0xFFFF,
  0xFFFF, 0xFFFF, 0xFFFF, 0xFFFF, 0xFFFF, 0xFFFF, 0xFFFF, 0xFFFF, 0xFFFF, 0xFFFF, 0xFFFF, 0xFFFF,
  0xFFFF, 0xFFFF, 0xFFDF, 0xFFFF, 0xFFFF, 0xFFFF, 0xF7BE, 0xDEFB, 0x4228, 0x0840, 0x18C3, 0x18E3,
  0x18E3, 0x20E3, 0x18E3, 0x18E3, 0x20E3, 0x18E3, 0x20E3, 0x18E3, 0x20E4, 0x18E3, 0x2124, 0x2944,
  0x2983, 0x18E3, 0x1064, 0x0004, 0x0003, 0x0843, 0x2945, 0x2103, 0x20E4, 0x18E4, 0x18C2, 0x18C2,
  0x18E3, 0x18C2, 0x18E3, 0x18E2, 0x2103, 0x18E3, 0x0861, 0x630C, 0xB5B6, 0xF7DE, 0xFFFF, 0xFFFF,
  0xFFFE, 0xFFFF, 0xFFFE, 0xFFFF, 0xF7FF, 0xF7FF, 0xFFDF, 0xF7FF, 0xFFFF, 0xF7FE, 0xFFFF, 0xFFDE,
  0xFFFF, 0xFFFF, 0xFFFF, 0xFFDF, 0xFFDF, 0xF7FF, 0xFDB7, 0xFC53, 0xFCD2, 0xFCD3, 0xFCD3, 0xECF4,
  0xFD13, 0xFD14, 0xFCF3, 0xF4F4, 0xFD14, 0xFD13, 0xF514, 0xFCF4, 0xFCD3, 0xFD16, 0xFD98, 0xFF9E,
  0xF7FF, 0xFFDF, 0xF7FF, 0xF7FF, 0xFFDF, 0xFFDF, 0xFFFF, 0xF7DE, 0xFFFE, 0xFFDF, 0xFFFF, 0xFFDF,
  0xFFFF, 0xFFFF, 0xFFFF, 0xFFFF, 0xFFFF, 0xFFFF, 0xFFFF, 0xFFFF, 0xFFFF, 0xFFFF, 0xFFFF, 0xFFFF,
  0xFFFF, 0xFFFF, 0xFFFF, 0xFFFF, 0xFFFF, 0xFFFF, 0xFFFF, 0xFFFF, 0xFFFF, 0xFFFF, 0xFFFF, 0xFFFF,
  0xFFFF, 0xFFFF, 0xFFFF, 0xFFFF, 0xFFFF, 0xFFFF, 0xFFFF, 0xFFFF, 0xFFFF, 0xFFFF, 0xFFFF, 0xFFFF,
  0xFFFF, 0xFFFF, 0xFFFF, 0xFFFF, 0xFFFF, 0xFFFF, 0xFFFF, 0xFFFF, 0xFFFF, 0xFFFF, 0xFFFF, 0xFFFF,
  0xFFFF, 0xFFFF, 0xFFFF, 0xFFFF, 0xFFFF, 0xFFFF, 0xFFFF, 0xFFFF, 0xFFFF, 0xFFFF, 0xFFFF, 0xFFFF,
  0xFFFF, 0xFFFF, 0xFFFF, 0xFFFF, 0xFFFF, 0xFFFF, 0xFFFF, 0xFFFF, 0xFFFF, 0xFFFF, 0xFFFF, 0xFFFF,
  0xFFFF, 0xFFFF, 0xFFFF, 0xFFFF, 0xFFFF, 0xFFFF, 0xFFFF, 0xFFFF, 0xFFFF, 0xFFFF, 0xFFFF, 0xFFFF,
  0xFFFF, 0xFFFF, 0xFFFF, 0xFFFF, 0xFFFF, 0xFFFF, 0xFFFF, 0xFFFF, 0xFFFF, 0xFFFF, 0xFFFF, 0xFFFF,
  0xFFFF, 0xFFFF, 0xFFFF, 0xFFFF, 0xFFFF, 0xFFFF, 0xFFFF, 0xFFFF, 0xFFFF, 0xFFFF, 0xFFFF, 0xFFFF,
  0xFFFF, 0xFFFF, 0xFFFF, 0xFFFF, 0xFFFF, 0xFFFF, 0xFFFF, 0xFFFF, 0xFFFF, 0xFFFF, 0xFFFF, 0xFFFF,
  0xFFFF, 0xFFFF, 0xFFFF, 0xFFFF, 0xFFFF, 0xFFFF, 0xFFFF, 0xFFFF, 0xFFFF, 0xFFFF, 0xFFFF, 0xFFFF,
  0xFFFF, 0xFFFF, 0xFFFF, 0xFFFF, 0xFFFF, 0xFFFF, 0xFFFF, 0xFFFF, 0xFFFF, 0xFFFF, 0xFFFF, 0xFFFF,
  0xFFDF, 0xF7FE, 0xFFFF, 0xFFFF, 0xFFFF, 0xFFFF, 0xFFFF, 0xFFFF, 0xEF5D, 0xEF5C, 0xF7BE, 0xF7BE,
  0xF7BE, 0xF7DE, 0xF7BE, 0xF7BE, 0xF7DE, 0xFFBE, 0xF7BE, 0xEF7E, 0xF7BE, 0xFFFF, 0xFFFF, 0xFFFF,
  0xFFFF, 0xBE18, 0x630E, 0x0002, 0x0000, 0x526C, 0xFFFF, 0xFFDF, 0xEFBE, 0xF79F, 0xEF7D, 0xEF9C,
  0xF7BE, 0xF7BE, 0xF79E, 0xF7BE, 0xF7DE, 0xF7BE, 0xEF5D, 0xEF7C, 0xEF7D, 0xFFFF, 0xFFFF, 0xFFFF,
  0xFFDF, 0xF7FF, 0xF7FF, 0xFFDF, 0xFFBF, 0xFFDF, 0xFFFF, 0xF7FE, 0xFFDE, 0xFFDF, 0xFFDF, 0xFFDF,
  0xFFFF, 0xFFFE, 0xFFFF, 0xF7DF, 0xFFDF, 0xFFFF, 0xFDD7, 0xF472, 0xFD13, 0xFD13, 0xFD14, 0xFD55,
  0xFD34, 0xF4F4, 0xFCF4, 0xFCF4, 0xFCF3, 0xFD14, 0xFD54, 0xED54, 0xFCF4, 0xFD97, 0xFEFB, 0xF7BD,
  0xF7FF, 0xFFDE, 0xFFFE, 0xF7FF, 0xFFDF, 0xFFFF, 0xF7FE, 0xFFDF, 0xFFDE, 0xFFDE, 0xFFFF, 0xF7FF,
  0xF7FF, 0xFFFF, 0xFFFF, 0xFFFF, 0xFFFF, 0xFFFF, 0xFFFF, 0xFFFF, 0xFFFF, 0xFFFF, 0xFFFF, 0xFFFF,
  0xFFFF, 0xFFFF, 0xFFFF, 0xFFFF, 0xFFFF, 0xFFFF, 0xFFFF, 0xFFFF, 0xFFFF, 0xFFFF, 0xFFFF, 0xFFFF,
  0xFFFF, 0xFFFF, 0xFFFF, 0xFFFF, 0xFFFF, 0xFFFF, 0xFFFF, 0xFFFF, 0xFFFF, 0xFFFF, 0xFFFF, 0xFFFF,
  0xFFFF, 0xFFFF, 0xFFFF, 0xFFFF, 0xFFFF, 0xFFFF, 0xFFFF, 0xFFFF, 0xFFFF, 0xFFFF, 0xFFFF, 0xFFFF,
  0xFFFF, 0xFFFF, 0xFFFF, 0xFFFF, 0xFFFF, 0xFFFF, 0xFFFF, 0xFFFF, 0xFFFF, 0xFFFF, 0xFFFF, 0xFFFF,
  0xFFFF, 0xFFFF, 0xFFFF, 0xFFFF, 0xFFFF, 0xFFFF, 0xFFFF, 0xFFFF, 0xFFFF, 0xFFFF, 0xFFFF, 0xFFFF,
  0xFFFF, 0xFFFF, 0xFFFF, 0xFFFF, 0xFFFF, 0xFFFF, 0xFFFF, 0xFFFF, 0xFFFF, 0xFFFF, 0xFFFF, 0xFFFF,
  0xFFFF, 0xFFFF, 0xFFFF, 0xFFFF, 0xFFFF, 0xFFFF, 0xFFFF, 0xFFFF, 0xFFFF, 0xFFFF, 0xFFFF, 0xFFFF,
  0xFFFF, 0xFFFF, 0xFFFF, 0xFFFF, 0xFFFF, 0xFFFF, 0xFFFF, 0xFFFF, 0xFFFF, 0xFFFF, 0xFFFF, 0xFFFF,
  0xFFFF, 0xFFFF, 0xFFFF, 0xFFFF, 0xFFFF, 0xFFFF, 0xFFFF, 0xFFFF, 0xFFFF, 0xFFFF, 0xFFFF, 0xFFFF,
  0xFFFF, 0xFFFF, 0xFFFF, 0xFFFF, 0xFFFF, 0xFFFF, 0xFFFF, 0xFFFF, 0xFFFF, 0xFFFF, 0xFFFF, 0xFFFF,
  0xFFFF, 0xFFFF, 0xFFFF, 0xFFFF, 0xFFFF, 0xFFFF, 0xFFFF, 0xFFFF, 0xFFFF, 0xFFFF, 0xFFFF, 0xFFFF,
  0xFFFF, 0xFFFF, 0xFFFF, 0xFFFF, 0xFFFF, 0xFFFF, 0xFFFF, 0xFFFF, 0xFFFF, 0xFFFF, 0xFFDF, 0xFFFF,
  0xFFFF, 0xFFFF, 0xFFFF, 0xFFFF, 0xFFFF, 0xFFFF, 0xFFFF, 0xFFFF, 0xFFFF, 0xFFFF, 0xDF1C, 0x9492,
  0x4229, 0x39E9, 0x2106, 0x0003, 0x0000, 0x528C, 0xFFFF, 0xFFFF, 0xFFFF, 0xFFFF, 0xFFFF, 0xFFFF,
  0xFFFF, 0xFFFF, 0xFFFF, 0xFFFF, 0xFFFF, 0xFFFF, 0xFFFF, 0xFFDF, 0xF7DF, 0xFFFF, 0xFFFF, 0xFFFF,
  0xF7DF, 0xFFDF, 0xFFDF, 0xFFFE, 0xFFDF, 0xFFFE, 0xFFFF, 0xFFDF, 0xFFDE, 0xFFDF, 0xFFDF, 0xF7DF,
  0xF7FF, 0xFFFF, 0xF7FF, 0xFFFF, 0xFFFF, 0xFFFF, 0xFE79, 0xFD15, 0xF533, 0xFCF3, 0xFCF3, 0xFD14,
  0xFD14, 0xF514, 0xFCF3, 0xFCF4, 0xFCF4, 0xFCF3, 0xFD14, 0xF513, 0xFCF3, 0xFE18, 0xFFFE, 0xF7FF,
  0xFFFF, 0xFFFE, 0xFFFF, 0xFFFE, 0xFFFF, 0xF7FF, 0xF7FF, 0xF7FF, 0xFFDE, 0xFFDE, 0xFFDF, 0xFFFF,
  0xFFFF, 0xFFFF, 0xFFFF, 0xFFFF, 0xFFFF, 0xFFFF, 0xFFFF, 0xFFFF, 0xFFFF, 0xFFFF, 0xFFFF, 0xFFFF,
  0xFFFF, 0xFFFF, 0xFFFF, 0xFFFF, 0xFFFF, 0xFFFF, 0xFFFF, 0xFFFF, 0xFFFF, 0xFFFF, 0xFFFF, 0xFFFF,
  0xFFFF, 0xFFFF, 0xFFFF, 0xFFFF, 0xFFFF, 0xFFFF, 0xFFFF, 0xFFFF, 0xFFFF, 0xFFFF, 0xFFFF, 0xFFFF,
  0xFFFF, 0xFFFF, 0xFFFF, 0xFFFF, 0xFFFF, 0xFFFF, 0xFFFF, 0xFFFF, 0xFFFF, 0xFFFF, 0xFFFF, 0xFFFF,
  0xFFFF, 0xFFFF, 0xFFFF, 0xFFFF, 0xFFFF, 0xFFFF, 0xFFFF, 0xFFFF, 0xFFFF, 0xFFFF, 0xFFFF, 0xFFFF,
  0xFFFF, 0xFFFF, 0xFFFF, 0xFFFF, 0xFFFF, 0xFFFF, 0xFFFF, 0xFFFF, 0xFFFF, 0xFFFF, 0xFFFF, 0xFFFF,
  0xFFFF, 0xFFFF, 0xFFFF, 0xFFFF, 0xFFFF, 0xFFFF, 0xFFFF, 0xFFFF, 0xFFFF, 0xFFFF, 0xFFFF, 0xFFFF,
  0xFFFF, 0xFFFF, 0xFFFF, 0xFFFF, 0xFFFF, 0xFFFF, 0xFFFF, 0xFFFF, 0xFFFF, 0xFFFF, 0xFFFF, 0xFFFF,
  0xFFFF, 0xFFFF, 0xFFFF, 0xFFFF, 0xFFFF, 0xFFFF, 0xFFFF, 0xFFFF, 0xFFFF, 0xFFFF, 0xFFFF, 0xFFFF,
  0xFFFF, 0xFFFF, 0xFFFF, 0xFFFF, 0xFFFF, 0xFFFF, 0xFFFF, 0xFFFF, 0xFFFF, 0xFFFF, 0xFFFF, 0xFFFF,
  0xFFFF, 0xFFFF, 0xFFFF, 0xFFFF, 0xFFFF, 0xFFFF, 0xFFFF, 0xFFFF, 0xFFFF, 0xFFFF, 0xFFFF, 0xFFFF,
  0xFFFF, 0xFFFF, 0xFFFF, 0xFFFF, 0xFFFF, 0xFFFF, 0xFFFF, 0xFFFF, 0xFFFF, 0xFFFF, 0xFFFF, 0xFFFF,
  0xFFFF, 0xFFFF, 0xFFDF, 0xFFFF, 0xFFFF, 0xFFFF, 0xFFDF, 0xFFFF, 0xFFFF, 0xFFFF, 0xF7DE, 0xFFFF,
  0xFFFF, 0xFFFF, 0xFFFF, 0xFFFF, 0xFFFF, 0xFFFF, 0xFFFF, 0xFFFF, 0xFFFF, 0xFFFF, 0xAD75, 0x3186,
  0x0000, 0x0000, 0x0002, 0x0004, 0x0000, 0x528B, 0xFFFF, 0xFFFF, 0xFFFF, 0xFFFF, 0xFFFF, 0xFFFF,
  0xFFFF, 0xFFFF, 0xFFFF, 0xFFFF, 0xFFFF, 0xFFFF, 0xFFFF, 0xFFFF, 0xFFFF, 0xFFFF, 0xFFFF, 0xFFFF,
  0xF7DF, 0xF7DF, 0xFFDF, 0xFFFF, 0xFFFE, 0xF7FF, 0xFFFE, 0xFFFF, 0xFFDF, 0xFFDF, 0xFFDF, 0xF7FF,
  0xF7FF, 0xFFDE, 0xF7FF, 0xFFDF, 0xFFDF, 0xF7FE, 0xFE99, 0xFD75, 0xF513, 0xF512, 0xFCD3, 0xFCF4,
  0xFD14, 0xF513, 0xF4F3, 0xF4F3, 0xFD14, 0xF513, 0xFCF3, 0xFCF3, 0xFCF4, 0xFE38, 0xFFFE, 0xFFDE,
  0xFFDE, 0xFFBB, 0xFF3B, 0xFF3C, 0xF7FE, 0xF7FF, 0xF7FF, 0xF7FF, 0xFFDF, 0xFFDF, 0xFFDF, 0xFFDE,
  0xFFFF, 0xFFFF, 0xFFFF, 0xFFFF, 0xFFFF, 0xFFFF, 0xFFFF, 0xFFFF, 0xFFFF, 0xFFFF, 0xFFFF, 0xFFFF,
  0xFFFF, 0xFFFF, 0xFFFF, 0xFFFF, 0xFFFF, 0xFFFF, 0xFFFF, 0xFFFF, 0xFFFF, 0xFFFF, 0xFFFF, 0xFFFF,
  0xFFFF, 0xFFFF, 0xFFFF, 0xFFFF, 0xFFFF, 0xFFFF, 0xFFFF, 0xFFFF, 0xFFFF, 0xFFFF, 0xFFFF, 0xFFFF,
  0xFFFF, 0xFFFF, 0xFFFF, 0xFFFF, 0xFFFF, 0xFFFF, 0xFFFF, 0xFFFF, 0xFFFF, 0xFFFF, 0xFFFF, 0xFFFF,
  0xFFFF, 0xFFFF, 0xFFFF, 0xFFFF, 0xFFFF, 0xFFFF, 0xFFFF, 0xFFFF, 0xFFFF, 0xFFFF, 0xFFFF, 0xFFFF,
  0xFFFF, 0xFFFF, 0xFFFF, 0xFFFF, 0xFFFF, 0xFFFF, 0xFFFF, 0xFFFF, 0xFFFF, 0xFFFF, 0xFFFF, 0xFFFF,
  0xFFFF, 0xFFFF, 0xFFFF, 0xFFFF, 0xFFFF, 0xFFFF, 0xFFFF, 0xFFFF, 0xFFFF, 0xFFFF, 0xFFFF, 0xFFFF,
  0xFFFF, 0xFFFF, 0xFFFF, 0xFFFF, 0xFFFF, 0xFFFF, 0xFFFF, 0xFFFF, 0xFFFF, 0xFFFF, 0xFFFF, 0xFFFF,
  0xFFFF, 0xFFFF, 0xFFFF, 0xFFFF, 0xFFFF, 0xFFFF, 0xFFFF, 0xFFFF, 0xFFFF, 0xFFFF, 0xFFFF, 0xFFFF,
  0xFFFF, 0xFFFF, 0xFFFF, 0xFFFF, 0xFFFF, 0xFFFF, 0xFFFF, 0xFFFF, 0xFFFF, 0xFFFF, 0xFFFF, 0xFFFF,
  0xFFFF, 0xFFFF, 0xFFFF, 0xFFFF, 0xFFFF, 0xFFFF, 0xFFFF, 0xFFFF, 0xFFFF, 0xFFFF, 0xFFFF, 0xFFFF,
  0xFFFF, 0xFFFF, 0xFFFF, 0xFFFF, 0xFFFF, 0xFFFF, 0xFFFF, 0xFFFF, 0xFFFF, 0xFFFF, 0xFFFF, 0xFFFF,
  0xFFFF, 0xFFFF, 0xFFFF, 0xFFDE, 0xFFFF, 0xFFFF, 0xFFFF, 0xFFFF, 0xFFFF, 0xFFFF, 0xFFFF, 0xFFFF,
  0xFFFF, 0xFFFF, 0xFFFF, 0xFFDF, 0xFFFF, 0xFFDF, 0xF7DF, 0xFFFF, 0xFFFF, 0xFFFF, 0x8C71, 0x3187,
  0x0000, 0x0003, 0x0024, 0x0004, 0x0000, 0x4A6B, 0xFFFF, 0xFFFF, 0xFFFF, 0xFFFF, 0xFFDF, 0xFFFF,
  0xFFFF, 0xFFFF, 0xFFDF, 0xFFFF, 0xFFFF, 0xFFFF, 0xFFDF, 0xFFFF, 0xFFFF, 0xFFFF, 0xFFFF, 0xFFFF,
  0xF7DE, 0xFFFF, 0xFFFF, 0xF7FF, 0xFFFF, 0xF7DF, 0xFFFF, 0xF7FF, 0xF7FF, 0xFFFE, 0xFFFE, 0xF7FF,
  0xF7BD, 0xFF7B, 0xFF5C, 0xFEFB, 0xFE7A, 0xE5F7, 0xFD15, 0xFCB3, 0xF4D2, 0xF4F3, 0xF513, 0xF514,
  0xFD13, 0xFCF4, 0xFD14, 0xFD14, 0xFCF3, 0xF534, 0xF533, 0xFCD4, 0xF533, 0xF5B6, 0xF638, 0xFE39,
  0xF5B7, 0xFD33, 0xF473, 0xFCF5, 0xFF5D, 0xFFDE, 0xFFDF, 0xF7FF, 0xFFFF, 0xFFFF, 0xFFFF, 0xFFFF,
  0xFFDE, 0xFFFF, 0xFFFF, 0xFFFF, 0xFFFF, 0xFFFF, 0xFFFF, 0xFFFF, 0xFFFF, 0xFFFF, 0xFFFF, 0xFFFF,
  0xFFFF, 0xFFFF, 0xFFFF, 0xFFFF, 0xFFFF, 0xFFFF, 0xFFFF, 0xFFFF, 0xFFFF, 0xFFFF, 0xFFFF, 0xFFFF,
  0xFFFF, 0xFFFF, 0xFFFF, 0xFFFF, 0xFFFF, 0xFFFF, 0xFFFF, 0xFFFF, 0xFFFF, 0xFFFF, 0xFFFF, 0xFFFF,
  0xFFFF, 0xFFFF, 0xFFFF, 0xFFFF, 0xFFFF, 0xFFFF, 0xFFFF, 0xFFFF, 0xFFFF, 0xFFFF, 0xFFFF, 0xFFFF,
  0xFFFF, 0xFFFF, 0xFFFF, 0xFFFF, 0xFFFF, 0xFFFF, 0xFFFF, 0xFFFF, 0xFFFF, 0xFFFF, 0xFFFF, 0xFFFF,
  0xFFFF, 0xFFFF, 0xFFFF, 0xFFFF, 0xFFFF, 0xFFFF, 0xFFFF, 0xFFFF, 0xFFFF, 0xFFFF, 0xFFFF, 0xFFFF,
  0xFFFF, 0xFFFF, 0xFFFF, 0xFFFF, 0xFFFF, 0xFFFF, 0xFFFF, 0xFFFF, 0xFFFF, 0xFFFF, 0xFFFF, 0xFFFF,
  0xFFFF, 0xFFFF, 0xFFFF, 0xFFFF, 0xFFFF, 0xFFFF, 0xFFFF, 0xFFFF, 0xFFFF, 0xFFFF, 0xFFFF, 0xFFFF,
  0xFFFF, 0xFFFF, 0xFFFF, 0xFFFF, 0xFFFF, 0xFFFF, 0xFFFF, 0xFFFF, 0xFFFF, 0xFFFF, 0xFFFF, 0xFFFF,
  0xFFFF, 0xFFFF, 0xFFFF, 0xFFFF, 0xFFFF, 0xFFFF, 0xFFFF, 0xFFFF, 0xFFFF, 0xFFFF, 0xFFFF, 0xFFFF,
  0xFFFF, 0xFFFF, 0xFFFF, 0xFFFF, 0xFFFF, 0xFFFF, 0xFFFF, 0xFFFF, 0xFFFF, 0xFFFF, 0xFFFF, 0xFFFF,
  0xFFFF, 0xFFFF, 0xFFFF, 0xFFFF, 0xFFFF, 0xFFFF, 0xFFFF, 0xFFFF, 0xFFFF, 0xFFFF, 0xFFFF, 0xFFFF,
  0xFFFF, 0xFFDE, 0xF7FF, 0xFFFF, 0xF7DF, 0xFFFF, 0xFFFF, 0xFFFE, 0xFFFF, 0xFFFF, 0xFFFF, 0xFFFF,
  0xFFFF, 0xFFFF, 0xFFFF, 0xFFFF, 0xFFFF, 0xFFFF, 0xFFFF, 0xFFDF, 0xFFFF, 0xFFFF, 0x8C71, 0x3187,
  0x0000, 0x0824, 0x0805, 0x0004, 0x0000, 0x4A6B, 0xFFFF, 0xFFFF, 0xFFFE, 0xFFFF, 0xFFFF, 0xFFFF,
  0xFFFF, 0xF7DF, 0xFFDE, 0xF7DF, 0xFFFF, 0xFFFF, 0xFFFF, 0xFFFF, 0xFFFF, 0xFFDE, 0xFFFF, 0xFFFF,
  0xFFFE, 0xFFDF, 0xFFDE, 0xFFDF, 0xF7DF, 0xFFDF, 0xF7FF, 0xFFFF, 0xFFFF, 0xFFFF, 0xFF9D, 0xFEBA,
  0xF5F7, 0xFDB6, 0xFDD7, 0xFDB7, 0xFD76, 0xF555, 0xF514, 0xFCF4, 0xFD13, 0xF513, 0xFD14, 0xFD14,
  0xFCF3, 0xFCF3, 0xFD13, 0xF4F3, 0xF4D2, 0xF513, 0xFD33, 0xFCF3, 0xFD34, 0xF554, 0xFD55, 0xFD36,
  0xFD35, 0xFD13, 0xFC72, 0xF514, 0xFF7D, 0xFFDF, 0xFFFF, 0xEFFF, 0xF7FF, 0xFFFF, 0xFFDE, 0xFFDE,
  0xFFDF, 0xFFFF, 0xFFFF, 0xFFFF, 0xFFFF, 0xFFFF, 0xFFFF, 0xFFFF, 0xFFFF, 0xFFFF, 0xFFFF, 0xFFFF,
  0xFFFF, 0xFFFF, 0xFFFF, 0xFFFF, 0xFFFF, 0xFFFF, 0xFFFF, 0xFFFF, 0xFFFF, 0xFFFF, 0xFFFF, 0xFFFF,
  0xFFFF, 0xFFFF, 0xFFFF, 0xFFFF, 0xFFFF, 0xFFFF, 0xFFFF, 0xFFFF, 0xFFFF, 0xFFFF, 0xFFFF, 0xFFFF,
  0xFFFF, 0xFFFF, 0xFFFF, 0xFFFF, 0xFFFF, 0xFFFF, 0xFFFF, 0xFFFF, 0xFFFF, 0xFFFF, 0xFFFF, 0xFFFF,
  0xFFFF, 0xFFFF, 0xFFFF, 0xFFFF, 0xFFFF, 0xFFFF, 0xFFFF, 0xFFFF, 0xFFFF, 0xFFFF, 0xFFFF, 0xFFFF,
  0xFFFF, 0xFFFF, 0xFFFF, 0xFFFF, 0xFFFF, 0xFFFF, 0xFFFF, 0xFFFF, 0xFFFF, 0xFFFF, 0xFFFF, 0xFFFF,
  0xFFFF, 0xFFFF, 0xFFFF, 0xFFFF, 0xFFFF, 0xFFFF, 0xFFFF, 0xFFFF, 0xFFFF, 0xFFFF, 0xFFFF, 0xFFFF,
  0xFFFF, 0xFFFF, 0xFFFF, 0xFFFF, 0xFFFF, 0xFFFF, 0xFFFF, 0xFFFF, 0xFFFF, 0xFFFF, 0xFFFF, 0xFFFF,
  0xFFFF, 0xFFFF, 0xFFFF, 0xFFFF, 0xFFFF, 0xFFFF, 0xFFFF, 0xFFFF, 0xFFFF, 0xFFFF, 0xFFFF, 0xFFFF,
  0xFFFF, 0xFFFF, 0xFFFF, 0xFFFF, 0xFFFF, 0xFFFF, 0xFFFF, 0xFFFF, 0xFFFF, 0xFFFF, 0xFFFF, 0xFFFF,
  0xFFFF, 0xFFFF, 0xFFFF, 0xFFFF, 0xFFFF, 0xFFFF, 0xFFFF, 0xFFFF, 0xFFFF, 0xFFFF, 0xFFFF, 0xFFFF,
  0xFFFF, 0xFFFF, 0xFFFF, 0xFFFF, 0xFFFF, 0xFFFF, 0xFFFF, 0xFFFF, 0xFFFF, 0xFFFF, 0xFFFF, 0xFFFF,
  0xFFDF, 0xF7DF, 0xFFFF, 0xFFDF, 0xFFFE, 0xFFFF, 0xFFFF, 0xF7DF, 0xFFDF, 0xFFFF, 0xFFFF, 0xFFDF,
  0xFFFF, 0xFFFF, 0xFFFF, 0xFFFF, 0xFFFF, 0xFFFF, 0xFFFF, 0xF7DE, 0xFFFF, 0xFFFF, 0x9492, 0x39A8,
  0x0000, 0x0805, 0x0825, 0x0805, 0x0000, 0x4A4A, 0xFFFF, 0xFFFF, 0xFFFE, 0xFFFF, 0xFFFF, 0xFFFF,
  0xFFFF, 0xFFFF, 0xF7DE, 0xFFDF, 0xFFFE, 0xFFFF, 0xFFFF, 0xFFDF, 0xF7FE, 0xFFDF, 0xFFFF, 0xFFFF,
  0xFFFE, 0xFFDE, 0xFFFF, 0xFFBF, 0xFFDF, 0xF7FF, 0xFFFF, 0xFFFF, 0xFFFF, 0xF7DD, 0xFEB9, 0xFCF5,
  0xFC92, 0xFC71, 0xFCB3, 0xFC92, 0xFCB3, 0xF4D3, 0xFCF3, 0xFD14, 0xFD14, 0xFD14, 0xF4F3, 0xFCF4,
  0xFD13, 0xFD14, 0xF513, 0xF534, 0xED54, 0xFD34, 0xFD13, 0xFCD3, 0xF553, 0xFD14, 0xFC73, 0xFCB4,
  0xFCF3, 0xFD13, 0xF4D3, 0xFD75, 0xFF9D, 0xFFFF, 0xF7FF, 0xEFFF, 0xFFFF, 0xFFFF, 0xF7BE, 0xFFDE,
  0xFFFF, 0xFFFF, 0xFFFF, 0xFFFF, 0xFFFF, 0xFFFF, 0xFFFF, 0xFFFF, 0xFFFF, 0xFFFF, 0xFFFF, 0xFFFF,
  0xFFFF, 0xFFFF, 0xFFFF, 0xFFFF, 0xFFFF, 0xFFFF, 0xFFFF, 0xFFFF, 0xFFFF, 0xFFFF, 0xFFFF, 0xFFFF,
  0xFFFF, 0xFFFF, 0xFFFF, 0xFFFF, 0xFFFF, 0xFFFF, 0xFFFF, 0xFFFF, 0xFFFF, 0xFFFF, 0xFFFF, 0xFFFF,
  0xFFFF, 0xFFFF, 0xFFFF, 0xFFFF, 0xFFFF, 0xFFFF, 0xFFFF, 0xFFFF, 0xFFFF, 0xFFFF, 0xFFFF, 0xFFFF,
  0xFFFF, 0xFFFF, 0xFFFF, 0xFFFF, 0xFFFF, 0xFFFF, 0xFFFF, 0xFFFF, 0xFFFF, 0xFFFF, 0xFFFF, 0xFFFF,
  0xFFFF, 0xFFFF, 0xFFFF, 0xFFFF, 0xFFFF, 0xFFFF, 0xFFFF, 0xFFFF, 0xFFFF, 0xFFFF, 0xFFFF, 0xFFFF,
  0xFFFF, 0xFFFF, 0xFFFF, 0xFFFF, 0xFFFF, 0xFFFF, 0xFFFF, 0xFFFF, 0xFFFF, 0xFFFF, 0xFFFF, 0xFFFF,
  0xFFFF, 0xFFFF, 0xFFFF, 0xFFFF, 0xFFFF, 0xFFFF, 0xFFFF, 0xFFFF, 0xFFFF, 0xFFFF, 0xFFFF, 0xFFFF,
  0xFFFF, 0xFFFF, 0xFFFF, 0xFFFF, 0xFFFF, 0xFFFF, 0xFFFF, 0xFFFF, 0xFFFF, 0xFFFF, 0xFFFF, 0xFFFF,
  0xFFFF, 0xFFFF, 0xFFFF, 0xFFFF, 0xFFFF, 0xFFFF, 0xFFFF, 0xFFFF, 0xFFFF, 0xFFFF, 0xFFFF, 0xFFFF,
  0xFFFF, 0xFFFF, 0xFFFF, 0xFFFF, 0xFFFF, 0xFFFF, 0xFFFF, 0xFFFF, 0xFFFF, 0xFFFF, 0xFFFF, 0xFFFF,
  0xFFFF, 0xFFFF, 0xFFFF, 0xFFFF, 0xFFFF, 0xFFFF, 0xFFFF, 0xFFFF, 0xFFFF, 0xFFFF, 0xFFFF, 0xFFFF,
  0xFFFF, 0xFFFF, 0xFFFF, 0xFFFF, 0xFFFF, 0xFFFF, 0xFFFF, 0xFFFF, 0xFFFF, 0xFFFF, 0xF7DE, 0xFFFF,
  0xFFFF, 0xFFDE, 0xFFFF, 0xFFFF, 0xF7DE, 0xFFDF, 0xF7DF, 0xFFFF, 0xFFFF, 0xFFFF, 0x94B2, 0x39A8,
  0x0000, 0x0005, 0x0825, 0x0805, 0x0000, 0x4A6B, 0xFFFF, 0xFFFF, 0xFFFE, 0xFFFF, 0xFFFF, 0xFFFF,
  0xFFFF, 0xFFFF, 0xFFFF, 0xFFFF, 0xFFDF, 0xF7FF, 0xFFFF, 0xFFFF, 0xFFFF, 0xFFFF, 0xFFFF, 0xFFFF,
  0xFFFE, 0xFFFE, 0xFFFE, 0xF7FF, 0xF7FF, 0xFFDF, 0xF7FF, 0xEFFF, 0xFFDE, 0xFDF8, 0xFCD4, 0xFCD3,
  0xFCD2, 0xFCD2, 0xFCF3, 0xFCF3, 0xFCF2, 0xFCF3, 0xFCD3, 0xFCB2, 0xFD14, 0xFD14, 0xFD14, 0xFCF3,
  0xFCF4, 0xFCF4, 0xF4B2, 0xF5D6, 0xFF3B, 0xFDF7, 0xFCF5, 0xFC52, 0xFCF3, 0xFCF4, 0xF513, 0xFCF4,
  0xFD14, 0xFCF3, 0xFD14, 0xFDB7, 0xFF7D, 0xFFBF, 0xFFDF, 0xFFDF, 0xFFFF, 0xFFFF, 0xFFFF, 0xF7FF,
  0xFFFE, 0xFFFF, 0xFFFF, 0xFFFF, 0xFFFF, 0xFFFF, 0xFFFF, 0xFFFF, 0xFFFF, 0xFFFF, 0xFFFF, 0xFFFF,
  0xFFFF, 0xFFFF, 0xFFFF, 0xFFFF, 0xFFFF, 0xFFFF, 0xFFFF, 0xFFFF, 0xFFFF, 0xFFFF, 0xFFFF, 0xFFFF,
  0xFFFF, 0xFFFF, 0xFFFF, 0xFFFF, 0xFFFF, 0xFFFF, 0xFFFF, 0xFFFF, 0xFFFF, 0xFFFF, 0xFFFF, 0xFFFF,
  0xFFFF, 0xFFFF, 0xFFFF, 0xFFFF, 0xFFFF, 0xFFFF, 0xFFFF, 0xFFFF, 0xFFFF, 0xFFFF, 0xFFFF, 0xFFFF,
  0xFFFF, 0xFFFF, 0xFFFF, 0xFFFF, 0xFFFF, 0xFFFF, 0xFFFF, 0xFFFF, 0xFFFF, 0xFFFF, 0xFFFF, 0xFFFF,
  0xFFFF, 0xFFFF, 0xFFFF, 0xFFFF, 0xFFFF, 0xFFFF, 0xFFFF, 0xFFFF, 0xFFFF, 0xFFFF, 0xFFFF, 0xFFFF,
  0xFFFF, 0xFFFF, 0xFFFF, 0xFFFF, 0xFFFF, 0xFFFF, 0xFFFF, 0xFFFF, 0xFFFF, 0xFFFF, 0xFFFF, 0xFFFF,
  0xFFFF, 0xFFFF, 0xFFFF, 0xFFFF, 0xFFFF, 0xFFFF, 0xFFFF, 0xFFFF, 0xFFFF, 0xFFFF, 0xFFFF, 0xFFFF,
  0xFFFF, 0xFFFF, 0xFFFF, 0xFFFF, 0xFFFF, 0xFFFF, 0xFFFF, 0xFFFF, 0xFFFF, 0xFFFF, 0xFFFF, 0xFFFF,
  0xFFFF, 0xFFFF, 0xFFFF, 0xFFFF, 0xFFFF, 0xFFFF, 0xFFFF, 0xFFFF, 0xFFFF, 0xFFFF, 0xFFFF, 0xFFFF,
  0xFFFF, 0xFFFF, 0xFFFF, 0xFFFF, 0xFFFF, 0xFFFF, 0xFFFF, 0xFFFF, 0xFFFF, 0xFFFF, 0xFFFF, 0xFFFF,
  0xFFFF, 0xFFFF, 0xFFFF, 0xFFFF, 0xFFFF, 0xFFFF, 0xFFFF, 0xFFFF, 0xFFFF, 0xFFFF, 0xFFFF, 0xFFFF,
  0xFFFF, 0xFFFF, 0xFFFF, 0xFFFF, 0xFFDF, 0xFFFF, 0xFFFF, 0xFFDF, 0xFFFF, 0xFFFF, 0xF7DE, 0xFFFF,
  0xFFFF, 0xF7DF, 0xFFFF, 0xFFFF, 0xFFDF, 0xFFFF, 0xFFFF, 0xFFDF, 0xFFFF, 0xFFFF, 0x9492, 0x31A7,
  0x0000, 0x0805, 0x0826, 0x0005, 0x0000, 0x526A, 0xFFFF, 0xFFFF, 0xFFFF, 0xFFFE, 0xFFDF, 0xF7DF,
  0xFFFF, 0xFFFF, 0xFFFF, 0xFFFF, 0xFFFF, 0xFFDE, 0xFFDF, 0xFFFF, 0xFFFF, 0xFFFF, 0xFFFF, 0xFFFF,
  0xF7FE, 0xFFDF, 0xF7FF, 0xFFDF, 0xFFFF, 0xFFFF, 0xF7FE, 0xFF5C, 0xFE58, 0xF535, 0xFCB3, 0xFCF4,
  0xFCF3, 0xF512, 0xF4F2, 0xF4F3, 0xFD13, 0xF513, 0xF513, 0xF4F3, 0xF513, 0xFD14, 0xFCF3, 0xF4F4,
  0xFCF3, 0xFCD3, 0xF4F4, 0xFE58, 0xFFFF, 0xFF5C, 0xFE79, 0xFD97, 0xFCD4, 0xF4B3, 0xFD13, 0xFCF3,
  0xFCF3, 0xED13, 0xF617, 0xFEBA, 0xFFBE, 0xFFDE, 0xFFFF, 0xFFDF, 0xFFFF, 0xFFFF, 0xFFFE, 0xFFFF,
  0xF7FF, 0xFFFF, 0xFFFF, 0xFFFF, 0xFFFF, 0xFFFF, 0xFFFF, 0xFFFF, 0xFFFF, 0xFFFF, 0xFFFF, 0xFFFF,
  0xFFFF, 0xFFFF, 0xFFFF, 0xFFFF, 0xFFFF, 0xFFFF, 0xFFFF, 0xFFFF, 0xFFFF, 0xFFFF, 0xFFFF, 0xFFFF,
  0xFFFF, 0xFFFF, 0xFFFF, 0xFFFF, 0xFFFF, 0xFFFF, 0xFFFF, 0xFFFF, 0xFFFF, 0xFFFF, 0xFFFF, 0xFFFF,
  0xFFFF, 0xFFFF, 0xFFFF, 0xFFFF, 0xFFFF, 0xFFFF, 0xFFFF, 0xFFFF, 0xFFFF, 0xFFFF, 0xFFFF, 0xFFFF,
  0xFFFF, 0xFFFF, 0xFFFF, 0xFFFF, 0xFFFF, 0xFFFF, 0xFFFF, 0xFFFF, 0xFFFF, 0xFFFF, 0xFFFF, 0xFFFF,
  0xFFFF, 0xFFFF, 0xFFFF, 0xFFFF, 0xFFFF, 0xFFFF, 0xFFFF, 0xFFFF, 0xFFFF, 0xFFFF, 0xFFFF, 0xFFFF,
  0xFFFF, 0xFFFF, 0xFFFF, 0xFFFF, 0xFFFF, 0xFFFF, 0xFFFF, 0xFFFF, 0xFFFF, 0xFFFF, 0xFFFF, 0xFFFF,
  0xFFFF, 0xFFFF, 0xFFFF, 0xFFFF, 0xFFFF, 0xFFFF, 0xFFFF, 0xFFFF, 0xFFFF, 0xFFFF, 0xFFFF, 0xFFFF,
  0xFFFF, 0xFFFF, 0xFFFF, 0xFFFF, 0xFFFF, 0xFFFF, 0xFFFF, 0xFFFF, 0xFFFF, 0xFFFF, 0xFFFF, 0xFFFF,
  0xFFFF, 0xFFFF, 0xFFFF, 0xFFFF, 0xFFFF, 0xFFFF, 0xFFFF, 0xFFFF, 0xFFFF, 0xFFFF, 0xFFFF, 0xFFFF,
  0xFFFF, 0xFFFF, 0xFFFF, 0xFFFF, 0xFFFF, 0xFFFF, 0xFFFF, 0xFFFF, 0xFFFF, 0xFFFF, 0xFFFF, 0xFFFF,
  0xFFFF, 0xFFFF, 0xFFFF, 0xFFFF, 0xFFFF, 0xFFFF, 0xFFFF, 0xFFFF, 0xFFFF, 0xFFFF, 0xFFFF, 0xFFFF,
  0xFFFF, 0xFFFF, 0xFFFF, 0xFFFF, 0xF7DE, 0xFFFF, 0xFFFF, 0xFFFE, 0xFFFF, 0xFFFF, 0xFFDF, 0xFFFF,
  0xFFFF, 0xFFDE, 0xFFFF, 0xFFFF, 0xFFFF, 0xFFFF, 0xFFFF, 0xFFFF, 0xFFFF, 0xFFFF, 0x9492, 0x31A7,
  0x0000, 0x0826, 0x0826, 0x0004, 0x0000, 0x528B, 0xFFFF, 0xFFFF, 0xFFFF, 0xFFFE, 0xF7DF, 0xFFDF,
  0xFFFF, 0xFFFF, 0xFFFF, 0xFFFF, 0xFFFF, 0xFFFF, 0xF7DE, 0xFFDF, 0xFFFF, 0xFFFF, 0xFFFF, 0xFFFF,
  0xFFFF, 0xF7FF, 0xF7FF, 0xFF9E, 0xFFDE, 0xFFDD, 0xFF9C, 0xFE18, 0xFCB3, 0xF4D3, 0xFD13, 0xFD14,
  0xFD14, 0xF514, 0xF512, 0xF513, 0xF533, 0xF574, 0xF554, 0xF534, 0xF4F3, 0xFD14, 0xFCF4, 0xFD14,
  0xFCD3, 0xFCD4, 0xFDB7, 0xFF1B, 0xFFFF, 0xFFFF, 0xFFFF, 0xFF1C, 0xF555, 0xF4B3, 0xFD13, 0xFCF2,
  0xF4F3, 0xE534, 0xF6FA, 0xF7DD, 0xFFFF, 0xF7FF, 0xFFFF, 0xFFFF, 0xF7FF, 0xFFFF, 0xF7FF, 0xFFDF,
  0xFFFF, 0xFFFF, 0xFFFF, 0xFFFF, 0xFFFF, 0xFFFF, 0xFFFF, 0xFFFF, 0xFFFF, 0xFFFF, 0xFFFF, 0xFFFF,
  0xFFFF, 0xFFFF, 0xFFFF, 0xFFFF, 0xFFFF, 0xFFFF, 0xFFFF, 0xFFFF, 0xFFFF, 0xFFFF, 0xFFFF, 0xFFFF,
  0xFFFF, 0xFFFF, 0xFFFF, 0xFFFF, 0xFFFF, 0xFFFF, 0xFFFF, 0xFFFF, 0xFFFF, 0xFFFF, 0xFFFF, 0xFFFF,
  0xFFFF, 0xFFFF, 0xFFFF, 0xFFFF, 0xFFFF, 0xFFFF, 0xFFFF, 0xFFFF, 0xFFFF, 0xFFFF, 0xFFFF, 0xFFFF,
  0xFFFF, 0xFFFF, 0xFFFF, 0xFFFF, 0xFFFF, 0xFFFF, 0xFFFF, 0xFFFF, 0xFFFF, 0xFFFF, 0xFFFF, 0xFFFF,
  0xFFFF, 0xFFFF, 0xFFFF, 0xFFFF, 0xFFFF, 0xFFFF, 0xFFFF, 0xFFFF, 0xFFFF, 0xFFFF, 0xFFFF, 0xFFFF,
  0xFFFF, 0xFFFF, 0xFFFF, 0xFFFF, 0xFFFF, 0xFFFF, 0xFFFF, 0xFFFF, 0xFFFF, 0xFFFF, 0xFFFF, 0xFFFF,
  0xFFFF, 0xFFFF, 0xFFFF, 0xFFFF, 0xFFFF, 0xFFFF, 0xFFFF, 0xFFFF, 0xFFFF, 0xFFFF, 0xFFFF, 0xFFFF,
  0xFFFF, 0xFFFF, 0xFFFF, 0xFFFF, 0xFFFF, 0xFFFF, 0xFFFF, 0xFFFF, 0xFFFF, 0xFFFF, 0xFFFF, 0xFFFF,
  0xFFFF, 0xFFFF, 0xFFFF, 0xFFFF, 0xFFFF, 0xFFFF, 0xFFFF, 0xFFFF, 0xFFFF, 0xFFFF, 0xFFFF, 0xFFFF,
  0xFFFF, 0xFFFF, 0xFFFF, 0xFFFF, 0xFFFF, 0xFFFF, 0xFFFF, 0xFFFF, 0xFFFF, 0xFFFF, 0xFFFF, 0xFFFF,
  0xFFFF, 0xFFFF, 0xFFFF, 0xFFFF, 0xFFFF, 0xFFFF, 0xFFFF, 0xFFFF, 0xFFFF, 0xFFFF, 0xFFFF, 0xFFFF,
  0xFFDF, 0xFFFF, 0xFFFE, 0xFFFF, 0xFFDF, 0xFFFF, 0xF7DF, 0xFFFF, 0xF7DE, 0xFFDF, 0xFFFF, 0xFFFF,
  0xFFFF, 0xF7FF, 0xFFDF, 0xF7DE, 0xF7BE, 0xF7FF, 0xF7FF, 0xFFFF, 0xFFFF, 0xFFFF, 0x94D3, 0x39C8,
  0x0000, 0x0805, 0x0005, 0x0004, 0x0000, 0x528B, 0xFFFF, 0xFFFF, 0xF7FF, 0xFFFF, 0xFFFF, 0xFFFF,
  0xFFDE, 0xFFFF, 0xFFFF, 0xFFFF, 0xFFFF, 0xFFFF, 0xFFFF, 0xFFFF, 0xFFFF, 0xF7DE, 0xFFFF, 0xFFFF,
  0xFFFF, 0xFFFF, 0xFFFF, 0xF79D, 0xF6BA, 0xFDB6, 0xFCF4, 0xF4D3, 0xFD14, 0xFD14, 0xFD34, 0xFD14,
  0xFD15, 0xFCF5, 0xFD15, 0xFD14, 0xFCF4, 0xFCF4, 0xFD14, 0xFD14, 0xFD15, 0xFD13, 0xFD13, 0xF513,
  0xFCD3, 0xF535, 0xFF9C, 0xFFFF, 0xFFFF, 0xF7FF, 0xF7FF, 0xF7FF, 0xFEFA, 0xF596, 0xF472, 0xFCB2,
  0xFCB3, 0xFCD4, 0xFF1A, 0xFFFE, 0xFFFF, 0xF7FF, 0xFFFF, 0xFFDF, 0xFFFF, 0xF7DE, 0xFFFF, 0xFFDF,
  0xFFBE, 0xFFFF, 0xFFFF, 0xFFFF, 0xFFFF, 0xFFFF, 0xFFFF, 0xFFFF, 0xFFFF, 0xFFFF, 0xFFFF, 0xFFFF,
  0xFFFF, 0xFFFF, 0xFFFF, 0xFFFF, 0xFFFF, 0xFFFF, 0xFFFF, 0xFFFF, 0xFFFF, 0xFFFF, 0xFFFF, 0xFFFF,
  0xFFFF, 0xFFFF, 0xFFFF, 0xFFFF, 0xFFFF, 0xFFFF, 0xFFFF, 0xFFFF, 0xFFFF, 0xFFFF, 0xFFFF, 0xFFFF,
  0xFFFF, 0xFFFF, 0xFFFF, 0xFFFF, 0xFFFF, 0xFFFF, 0xFFFF, 0xFFFF, 0xFFFF, 0xFFFF, 0xFFFF, 0xFFFF,
  0xFFFF, 0xFFFF, 0xFFFF, 0xFFFF, 0xFFFF, 0xFFFF, 0xFFFF, 0xFFFF, 0xFFFF, 0xFFFF, 0xFFFF, 0xFFFF,
  0xFFFF, 0xFFFF, 0xFFFF, 0xFFFF, 0xFFFF, 0xFFFF, 0xFFFF, 0xFFFF, 0xFFFF, 0xFFFF, 0xFFFF, 0xFFFF,
  0xFFFF, 0xFFFF, 0xFFFF, 0xFFFF, 0xFFFF, 0xFFFF, 0xFFFF, 0xFFFF, 0xFFFF, 0xFFFF, 0xFFFF, 0xFFFF,
  0xFFFF, 0xFFFF, 0xFFFF, 0xFFFF, 0xFFFF, 0xFFFF, 0xFFFF, 0xFFFF, 0xFFFF, 0xFFFF, 0xFFFF, 0xFFFF,
  0xFFFF, 0xFFFF, 0xFFFF, 0xFFFF, 0xFFFF, 0xFFFF, 0xFFFF, 0xFFFF, 0xFFFF, 0xFFFF, 0xFFFF, 0xFFFF,
  0xFFFF, 0xFFFF, 0xFFFF, 0xFFFF, 0xFFFF, 0xFFFF, 0xFFFF, 0xFFFF, 0xFFFF, 0xFFFF, 0xFFFF, 0xFFFF,
  0xFFFF, 0xFFFF, 0xFFFF, 0xFFFF, 0xFFFF, 0xFFFF, 0xFFFF, 0xFFFF, 0xFFFF, 0xFFFF, 0xFFFF, 0xFFFF,
  0xFFFF, 0xFFFF, 0xFFFF, 0xFFFF, 0xFFFF, 0xFFFF, 0xFFFF, 0xFFFF, 0xFFFF, 0xFFFF, 0xFFFF, 0xFFFF,
  0xF7FE, 0xF7FF, 0xFFDE, 0xFFDE, 0xFFDE, 0xFFDE, 0xFFFE, 0xFFFE, 0xF7FF, 0xFFFF, 0xFFDF, 0xF7DF,
  0xFFFE, 0xFFDF, 0xFFFF, 0xFFFF, 0xFFFF, 0xFFBD, 0xF699, 0xFC73, 0xFEDA, 0xFFFF, 0x9491, 0x31A7,
  0x0000, 0x0826, 0x0826, 0x0004, 0x0000, 0x528C, 0xFFFF, 0xFE59, 0xF5D6, 0xFE16, 0xFF9E, 0xFFFF,
  0xF7FF, 0xF7FF, 0xFFDE, 0xFFFF, 0xFFDE, 0xF7DF, 0xF7FF, 0xFFFF, 0xFFDF, 0xF7FF, 0xFFFF, 0xFFBE,
  0xFE59, 0xFDF8, 0xFDD8, 0xF5D7, 0xFD95, 0xF534, 0xFCB2, 0xFCB2, 0xFCF3, 0xFD14, 0xFD34, 0xFCF4,
  0xFD13, 0xF514, 0xFD14, 0xFD14, 0xFCF3, 0xFD14, 0xFCF4, 0xF4F3, 0xFCD3, 0xF4F4, 0xFCF3, 0xFD34,
  0xF5F6, 0xF6FB, 0xFFFF, 0xFFFF, 0xFFDF, 0xF7FF, 0xF7FF, 0xF7FF, 0xFFDE, 0xFEDA, 0xFD76, 0xF473,
  0xFCF4, 0xFEBB, 0xFFBE, 0xFFFE, 0xFFFF, 0xFFDF, 0xF7FF, 0xFFFF, 0xFFFF, 0xF7FF, 0xFFFF, 0xFFFF,
  0xFFDE, 0xFFFF, 0xFFFF, 0xFFFF, 0xFFFF, 0xFFFF, 0xFFFF, 0xFFFF, 0xFFFF, 0xFFFF, 0xFFFF, 0xFFFF,
  0xFFFF, 0xFFFF, 0xFFFF, 0xFFFF, 0xFFFF, 0xFFFF, 0xFFFF, 0xFFFF, 0xFFFF, 0xFFFF, 0xFFFF, 0xFFFF,
  0xFFFF, 0xFFFF, 0xFFFF, 0xFFFF, 0xFFFF, 0xFFFF, 0xFFFF, 0xFFFF, 0xFFFF, 0xFFFF, 0xFFFF, 0xFFFF,
  0xFFFF, 0xFFFF, 0xFFFF, 0xFFFF, 0xFFFF, 0xFFFF, 0xFFFF, 0xFFFF, 0xFFFF, 0xFFFF, 0xFFFF, 0xFFFF,
  0xFFFF, 0xFFFF, 0xFFFF, 0xFFFF, 0xFFFF, 0xFFFF, 0xFFFF, 0xFFFF, 0xFFFF, 0xFFFF, 0xFFFF, 0xFFFF,
  0xFFFF, 0xFFFF, 0xFFFF, 0xFFFF, 0xFFFF, 0xFFFF, 0xFFFF, 0xFFFF, 0xFFFF, 0xFFFF, 0xFFFF, 0xFFFF,
  0xFFFF, 0xFFFF, 0xFFFF, 0xFFFF, 0xFFFF, 0xFFFF, 0xFFFF, 0xFFFF, 0xFFFF, 0xFFFF, 0xFFFF, 0xFFFF,
  0xFFFF, 0xFFFF, 0xFFFF, 0xFFFF, 0xFFFF, 0xFFFF, 0xFFFF, 0xFFFF, 0xFFFF, 0xFFFF, 0xFFFF, 0xFFFF,
  0xFFFF, 0xFFFF, 0xFFFF, 0xFFFF, 0xFFFF, 0xFFFF, 0xFFFF, 0xFFFF, 0xFFFF, 0xFFFF, 0xFFFF, 0xFFFF,
  0xFFFF, 0xFFFF, 0xFFFF, 0xFFFF, 0xFFFF, 0xFFFF, 0xFFFF, 0xFFFF, 0xFFFF, 0xFFFF, 0xFFFF, 0xFFFF,
  0xFFFF, 0xFFFF, 0xFFFF, 0xFFFF, 0xFFFF, 0xFFFF, 0xFFFF, 0xFFFF, 0xFFFF, 0xFFFF, 0xFFFF, 0xFFFF,
  0xFFFF, 0xFFFF, 0xFFFF, 0xFFFF, 0xFFFF, 0xFFFF, 0xFFFF, 0xFFFF, 0xFFFF, 0xFFFF, 0xFFFF, 0xFFFF,
  0xFFDF, 0xF7FF, 0xFFFE, 0xFFDD, 0xFF7D, 0xFFDD, 0xFFFD, 0xFFFE, 0xF7FF, 0xF7DF, 0xFFBF, 0xFFDF,
  0xF7FF, 0xFFFE, 0xFFFF, 0xFFFF, 0xFFFF, 0xFE78, 0xF42F, 0xF824, 0xFD13, 0xFFFF, 0x8C71, 0x3187,
  0x0000, 0x0846, 0x1025, 0x0004, 0x0000, 0x4A8B, 0xFFFF, 0xFCD4, 0xF30C, 0xF2CB, 0xFDF8, 0xF7FF,
  0xF7FF, 0xFFFF, 0xFFFE, 0xFFFE, 0xFFDF, 0xFFBF, 0xEFFF, 0xF7DF, 0xFFDF, 0xF7FF, 0xFFFF, 0xFF5D,
  0xFCB3, 0xFC11, 0xFBF0, 0xFC51, 0xFC92, 0xFD13, 0xFD12, 0xFCF3, 0xFD13, 0xFD13, 0xFD13, 0xFD14,
  0xF4F3, 0xFD13, 0xFD14, 0xFD13, 0xF4F3, 0xFD14, 0xFCF3, 0xF4D3, 0xF4F3, 0xF534, 0xF555, 0xFD96,
  0xFF1B, 0xF7FF, 0xFFFF, 0xFFDF, 0xFFDF, 0xFFDF, 0xF7FF, 0xEFFF, 0xFFFF, 0xFFBE, 0xFEDB, 0xF494,
  0xF577, 0xFFFF, 0xF7FF, 0xFFFF, 0xFFFF, 0xFFFF, 0xFFFF, 0xFFDE, 0xFFFF, 0xFFFF, 0xFFFF, 0xFFFF,
  0xFFFF, 0xFFFF, 0xFFFF, 0xFFFF, 0xFFFF, 0xFFFF, 0xFFFF, 0xFFFF, 0xFFFF, 0xFFFF, 0xFFFF, 0xFFFF,
  0xFFFF, 0xFFFF, 0xFFFF, 0xFFFF, 0xFFFF, 0xFFFF, 0xFFFF, 0xFFFF, 0xFFFF, 0xFFFF, 0xFFFF, 0xFFFF,
  0xFFFF, 0xFFFF, 0xFFFF, 0xFFFF, 0xFFFF, 0xFFFF, 0xFFFF, 0xFFFF, 0xFFFF, 0xFFFF, 0xFFFF, 0xFFFF,
  0xFFFF, 0xFFFF, 0xFFFF, 0xFFFF, 0xFFFF, 0xFFFF, 0xFFFF, 0xFFFF, 0xFFFF, 0xFFFF, 0xFFFF, 0xFFFF,
  0xFFFF, 0xFFFF, 0xFFFF, 0xFFFF, 0xFFFF, 0xFFFF, 0xFFFF, 0xFFFF, 0xFFFF, 0xFFFF, 0xFFFF, 0xFFFF,
  0xFFFF, 0xFFFF, 0xFFFF, 0xFFFF, 0xFFFF, 0xFFFF, 0xFFFF, 0xFFFF, 0xFFFF, 0xFFFF, 0xFFFF, 0xFFFF,
  0xFFFF, 0xFFFF, 0xFFFF, 0xFFFF, 0xFFFF, 0xFFFF, 0xFFFF, 0xFFFF, 0xFFFF, 0xFFFF, 0xFFFF, 0xFFFF,
  0xFFFF, 0xFFFF, 0xFFFF, 0xFFFF, 0xFFFF, 0xFFFF, 0xFFFF, 0xFFFF, 0xFFFF, 0xFFFF, 0xFFFF, 0xFFFF,
  0xFFFF, 0xFFFF, 0xFFFF, 0xFFFF, 0xFFFF, 0xFFFF, 0xFFFF, 0xFFFF, 0xFFFF, 0xFFFF, 0xFFFF, 0xFFFF,
  0xFFFF, 0xFFFF, 0xFFFF, 0xFFFF, 0xFFFF, 0xFFFF, 0xFFFF, 0xFFFF, 0xFFFF, 0xFFFF, 0xFFFF, 0xFFFF,
  0xFFFF, 0xFFFF, 0xFFFF, 0xFFFF, 0xFFFF, 0xFFFF, 0xFFFF, 0xFFFF, 0xFFFF, 0xFFFF, 0xFFFF, 0xFFFF,
  0xFFFF, 0xFFFF, 0xFFFF, 0xFFFF, 0xFFFF, 0xFFFF, 0xFFFF, 0xFFFF, 0xFFFF, 0xFFFF, 0xFFFF, 0xF7FF,
  0xF7FF, 0xF7FF, 0xF7FF, 0xF7FF, 0xFFDE, 0xFFFF, 0xF7DF, 0xF7FF, 0xFFFF, 0xFFFE, 0xFFFD, 0xFFFF,
  0xFFFF, 0xFFFF, 0xFFFF, 0xFE38, 0xF269, 0xF881, 0xF800, 0xE801, 0xFD14, 0xFFFF, 0x9473, 0x31A8,
  0x0000, 0x0025, 0x0025, 0x0003, 0x0000, 0x4ACB, 0xFFFF, 0xFD35, 0xF9E9, 0xF000, 0xF000, 0xFA27,
  0xFE16, 0xF7FE, 0xFFFF, 0xFFFF, 0xFFFF, 0xFFDF, 0xFFBF, 0xFFDF, 0xFFBE, 0xFFFE, 0xFFFE, 0xFFDE,
  0xFF3A, 0xF5F7, 0xF493, 0xFC73, 0xFC92, 0xFCD3, 0xF4F3, 0xF4F3, 0xF4F3, 0xF513, 0xF4F4, 0xFCD3,
  0xFCD3, 0xFCD2, 0xFCD3, 0xFCB2, 0xF492, 0xEC72, 0xF535, 0xFDD7, 0xFEBA, 0xFF5C, 0xFFDD, 0xF7BD,
  0xF7FE, 0xF7FF, 0xFFDF, 0xFFFF, 0xFFDF, 0xFFFF, 0xF7FF, 0xF7FE, 0xF7FF, 0xFFFF, 0xFFDE, 0xFEFB,
  0xFF1C, 0xFFFF, 0xFFFF, 0xFFDF, 0xFFFF, 0xFFDF, 0xFFFF, 0xFFFF, 0xFFFF, 0xFFFF, 0xFFFF, 0xFFFF,
  0xFFFF, 0xFFFF, 0xFFFF, 0xFFFF, 0xFFFF, 0xFFFF, 0xFFFF, 0xFFFF, 0xFFFF, 0xFFFF, 0xFFFF, 0xFFFF,
  0xFFFF, 0xFFFF, 0xFFFF, 0xFFFF, 0xFFFF, 0xFFFF, 0xFFFF, 0xFFFF, 0xFFFF, 0xFFFF, 0xFFFF, 0xFFFF,
  0xFFFF, 0xFFFF, 0xFFFF, 0xFFFF, 0xFFFF, 0xFFFF, 0xFFFF, 0xFFFF, 0xFFFF, 0xFFFF, 0xFFFF, 0xFFFF,
  0xFFFF, 0xFFFF, 0xFFFF, 0xFFFF, 0xFFFF, 0xFFFF, 0xFFFF, 0xFFFF, 0xFFFF, 0xFFFF, 0xFFFF, 0xFFFF,
  0xFFFF, 0xFFFF, 0xFFFF, 0xFFFF, 0xFFFF, 0xFFFF, 0xFFFF, 0xFFFF, 0xFFFF, 0xFFFF, 0xFFFF, 0xFFFF,
  0xFFFF, 0xFFFF, 0xFFFF, 0xFFFF, 0xFFFF, 0xFFFF, 0xFFFF, 0xFFFF, 0xFFFF, 0xFFFF, 0xFFFF, 0xFFFF,
  0xFFFF, 0xFFFF, 0xFFFF, 0xFFFF, 0xFFFF, 0xFFFF, 0xFFFF, 0xFFFF, 0xFFFF, 0xFFFF, 0xFFFF, 0xFFFF,
  0xFFFF, 0xFFFF, 0xFFFF, 0xFFFF, 0xFFFF, 0xFFFF, 0xFFFF, 0xFFFF, 0xFFFF, 0xFFFF, 0xFFFF, 0xFFFF,
  0xFFFF, 0xFFFF, 0xFFFF, 0xFFFF, 0xFFFF, 0xFFFF, 0xFFFF, 0xFFFF, 0xFFFF, 0xFFFF, 0xFFFF, 0xFFFF,
  0xFFFF, 0xFFFF, 0xFFFF, 0xFFFF, 0xFFFF, 0xFFFF, 0xFFFF, 0xFFFF, 0xFFFF, 0xFFFF, 0xFFFF, 0xFFFF,
  0xFFFF, 0xFFFF, 0xFFFF, 0xFFFF, 0xFFFF, 0xFFFF, 0xFFFF, 0xFFFF, 0xFFFF, 0xFFFF, 0xFFFF, 0xFFFF,
  0xFFFF, 0xFFFF, 0xFFFF, 0xFFFF, 0xFFFF, 0xFFFF, 0xFFFF, 0xFFFF, 0xFFFF, 0xFFFF, 0xFFFF, 0xFFFF,
  0xF7FF, 0xF7DF, 0xF7FF, 0xF7FF, 0xFFFF, 0xF7DF, 0xFFFF, 0xF7FF, 0xFFFF, 0xF7FF, 0xFFFF, 0xFFFF,
  0xFF7D, 0xFE17, 0xF450, 0xFA48, 0xF800, 0xF800, 0xF104, 0xF34E, 0xFEDB, 0xFFFF, 0x9493, 0x39A8,
  0x0000, 0x0825, 0x0805, 0x0004, 0x0000, 0x4A8A, 0xFFFF, 0xFEFC, 0xFC91, 0xF1A6, 0xF800, 0xF000,
  0xF247, 0xF36E, 0xF514, 0xFF5D, 0xFFFF, 0xF7FF, 0xFFFF, 0xFFFF, 0xFFDE, 0xF7FE, 0xFFFE, 0xFFFF,
  0xF7FD, 0xFF5C, 0xFE79, 0xFDB7, 0xFD96, 0xFD96, 0xF4D4, 0xFCD4, 0xFD55, 0xF514, 0xFD14, 0xFD35,
  0xFD75, 0xFD75, 0xF555, 0xFDB6, 0xFDF7, 0xF618, 0xFE9A, 0xFF3B, 0xFF9E, 0xFFFF, 0xFFFF, 0xF7FF,
  0xFFFF, 0xF7FF, 0xFFFF, 0xF7DF, 0xFFFF, 0xFFFF, 0xFFFF, 0xF7FF, 0xFFFF, 0xF7FE, 0xFFFF, 0xF7DE,
  0xF7DE, 0xFFFF, 0xFFFF, 0xFFFF, 0xF7FF, 0xFFFE, 0xFFFF, 0xFFFF, 0xFFFF, 0xFFFF, 0xFFFF, 0xFFFF,
  0xFFFF, 0xFFFF, 0xFFFF, 0xFFFF, 0xFFFF, 0xFFFF, 0xFFFF, 0xFFFF, 0xFFFF, 0xFFFF, 0xFFFF, 0xFFFF,
  0xFFFF, 0xFFFF, 0xFFFF, 0xFFFF, 0xFFFF, 0xFFFF, 0xFFFF, 0xFFFF, 0xFFFF, 0xFFFF, 0xFFFF, 0xFFFF,
  0xFFFF, 0xFFFF, 0xFFFF, 0xFFFF, 0xFFFF, 0xFFFF, 0xFFFF, 0xFFFF, 0xFFFF, 0xFFFF, 0xFFFF, 0xFFFF,
  0xFFFF, 0xFFFF, 0xFFFF, 0xFFFF, 0xFFFF, 0xFFFF, 0xFFFF, 0xFFFF, 0xFFFF, 0xFFFF, 0xFFFF, 0xFFFF,
  0xFFFF, 0xFFFF, 0xFFFF, 0xFFFF, 0xFFFF, 0xFFFF, 0xFFFF, 0xFFFF, 0xFFFF, 0xFFFF, 0xFFFF, 0xFFFF,
  0xFFFF, 0xFFFF, 0xFFFF, 0xFFFF, 0xFFFF, 0xFFFF, 0xFFFF, 0xFFFF, 0xFFFF, 0xFFFF, 0xFFFF, 0xFFFF,
  0xFFFF, 0xFFFF, 0xFFFF, 0xFFFF, 0xFFFF, 0xFFFF, 0xFFFF, 0xFFFF, 0xFFFF, 0xFFFF, 0xFFFF, 0xFFFF,
  0xFFFF, 0xFFFF, 0xFFFF, 0xFFFF, 0xFFFF, 0xFFFF, 0xFFFF, 0xFFFF, 0xFFFF, 0xFFFF, 0xFFFF, 0xFFFF,
  0xFFFF, 0xFFFF, 0xFFFF, 0xFFFF, 0xFFFF, 0xFFFF, 0xFFFF, 0xFFFF, 0xFFFF, 0xFFFF, 0xFFFF, 0xFFFF,
  0xFFFF, 0xFFFF, 0xFFFF, 0xFFFF, 0xFFFF, 0xFFFF, 0xFFFF, 0xFFFF, 0xFFFF, 0xFFFF, 0xFFFF, 0xFFFF,
  0xFFFF, 0xFFFF, 0xFFFF, 0xFFFF, 0xFFFF, 0xFFFF, 0xFFFF, 0xFFFF, 0xFFFF, 0xFFFF, 0xFFFF, 0xFFFF,
  0xFFFF, 0xFFFF, 0xFFFF, 0xFFFF, 0xFFFF, 0xFFFF, 0xFFFF, 0xFFFF, 0xFFFF, 0xFFFF, 0xFFFF, 0xFFDE,
  0xFFDF, 0xFFDF, 0xFFDF, 0xF7DF, 0xF7FF, 0xF7FF, 0xF7FF, 0xFFFF, 0xF7FF, 0xFFFF, 0xFFFF, 0xFFDF,
  0xFDD7, 0xFA89, 0xF800, 0xF800, 0xF800, 0xF1A8, 0xF452, 0xFF7D, 0xFFFF, 0xFFFF, 0x94B2, 0x31C8,
  0x0000, 0x0804, 0x0805, 0x0804, 0x0000, 0x4A4B, 0xFFFF, 0xFFFF, 0xF7BC, 0xF573, 0xF124, 0xF000,
  0xE800, 0xF000, 0xF823, 0xFDB5, 0xF7DE, 0xF7FF, 0xFFFF, 0xFFFE, 0xF7FF, 0xF7FF, 0xF7DF, 0xFFDF,
  0xF7FE, 0xF7FF, 0xFFFE, 0xFF1C, 0xF6DA, 0xF699, 0xFCD5, 0xFCF5, 0xFDB7, 0xFD36, 0xF556, 0xFDF7,
  0xF679, 0xFE79, 0xEE18, 0xFEDA, 0xFF5D, 0xFFDE, 0xFFFF, 0xFFFF, 0xFFFF, 0xFFFF, 0xFFFF, 0xFFDF,
  0xFFFF, 0xF7FE, 0xFFDF, 0xFFFE, 0xFFFF, 0xFFFF, 0xFFFF, 0xFFFF, 0xFFFF, 0xF7FF, 0xF7FE, 0xEFFE,
  0xF7FF, 0xFFFF, 0xFFDF, 0xFFFE, 0xFFDF, 0xFFFF, 0xFFDF, 0xFFFF, 0xFFFF, 0xFFFF, 0xFFFF, 0xFFFF,
  0xFFFF, 0xFFFF, 0xFFFF, 0xFFFF, 0xFFFF, 0xFFFF, 0xFFFF, 0xFFFF, 0xFFFF, 0xFFFF, 0xFFFF, 0xFFFF,
  0xFFFF, 0xFFFF, 0xFFFF, 0xFFFF, 0xFFFF, 0xFFFF, 0xFFFF, 0xFFFF, 0xFFFF, 0xFFFF, 0xFFFF, 0xFFFF,
  0xFFFF, 0xFFFF, 0xFFFF, 0xFFFF, 0xFFFF, 0xFFFF, 0xFFFF, 0xFFFF, 0xFFFF, 0xFFFF, 0xFFFF, 0xFFFF,
  0xFFFF, 0xFFFF, 0xFFFF, 0xFFFF, 0xFFFF, 0xFFFF, 0xFFFF, 0xFFFF, 0xFFFF, 0xFFFF, 0xFFFF, 0xFFFF,
  0xFFFF, 0xFFFF, 0xFFFF, 0xFFFF, 0xFFFF, 0xFFFF, 0xFFFF, 0xFFFF, 0xFFFF, 0xFFFF, 0xFFFF, 0xFFFF,
  0xFFFF, 0xFFFF, 0xFFFF, 0xFFFF, 0xFFFF, 0xFFFF, 0xFFFF, 0xFFFF, 0xFFFF, 0xFFFF, 0xFFFF, 0xFFFF,
  0xFFFF, 0xFFFF, 0xFFFF, 0xFFFF, 0xFFFF, 0xFFFF, 0xFFFF, 0xFFFF, 0xFFFF, 0xFFFF, 0xFFFF, 0xFFFF,
  0xFFFF, 0xFFFF, 0xFFFF, 0xFFFF, 0xFFFF, 0xFFFF, 0xFFFF, 0xFFFF, 0xFFFF, 0xFFFF, 0xFFFF, 0xFFFF,
  0xFFFF, 0xFFFF, 0xFFFF, 0xFFFF, 0xFFFF, 0xFFFF, 0xFFFF, 0xFFFF, 0xFFFF, 0xFFFF, 0xFFFF, 0xFFFF,
  0xFFFF, 0xFFFF, 0xFFFF, 0xFFFF, 0xFFFF, 0xFFFF, 0xFFFF, 0xFFFF, 0xFFFF, 0xFFFF, 0xFFFF, 0xFFFF,
  0xFFFF, 0xFFFF, 0xFFFF, 0xFFFF, 0xFFFF, 0xFFFF, 0xFFFF, 0xFFFF, 0xFFFF, 0xFFFF, 0xFFFF, 0xFFFF,
  0xFFFF, 0xFFFF, 0xFFFF, 0xFFFF, 0xFFFF, 0xFFFF, 0xFFFF, 0xFFFF, 0xFFFF, 0xFFFF, 0xFFFF, 0xFFFE,
  0xFFFF, 0xFFDF, 0xFFBF, 0xFFDE, 0xF7FE, 0xFFFF, 0xF7FF, 0xEFFF, 0xF7FF, 0xFFBD, 0xFD14, 0xF228,
  0xF000, 0xF800, 0xF000, 0xF0C3, 0xFD53, 0xFF1B, 0xFFBF, 0xF7FF, 0xFFFF, 0xFFFF, 0x8CB2, 0x39A7,
  0x0000, 0x0825, 0x0806, 0x0006, 0x0000, 0x4AAB, 0xFFFF, 0xFFFF, 0xFFDF, 0xFFDF, 0xFF5B, 0xF573,
  0xFAAA, 0xF800, 0xF800, 0xF800, 0xF186, 0xF3CE, 0xFF9D, 0xFFFF, 0xFFFF, 0xF7FF, 0xFFFF, 0xFFDF,
  0xF7FF, 0xF7FE, 0xFFFF, 0xFFDE, 0xFFDE, 0xFFFE, 0xFF9D, 0xFF9D, 0xFF9D, 0xFFBD, 0xF7DD, 0xF7DD,
  0xFFDE, 0xF7FF, 0xFFDE, 0xFFDF, 0xFFFF, 0xFFFF, 0xFFFE, 0xFFDF, 0xFFFF, 0xFFFF, 0xF7FF, 0xF7FF,
  0xFFDF, 0xFFDE, 0xFFFF, 0xF7FF, 0xFFFF, 0xFFFF, 0xFFFF, 0xFFDF, 0xFFFF, 0xFFDF, 0xFFFF, 0xF7FF,
  0xFFFF, 0xFFFE, 0xF7FF, 0xFFFF, 0xFFFF, 0xFFFF, 0xFFFF, 0xFFFF, 0xFFFF, 0xFFFF, 0xFFFF, 0xFFFF,
  0xFFFF, 0xFFFF, 0xFFFF, 0xFFFF, 0xFFFF, 0xFFFF, 0xFFFF, 0xFFFF, 0xFFFF, 0xFFFF, 0xFFFF, 0xFFFF,
  0xFFFF, 0xFFFF, 0xFFFF, 0xFFFF, 0xFFFF, 0xFFFF, 0xFFFF, 0xFFFF, 0xFFFF, 0xFFFF, 0xFFFF, 0xFFFF,
  0xFFFF, 0xFFFF, 0xFFFF, 0xFFFF, 0xFFFF, 0xFFFF, 0xFFFF, 0xFFFF, 0xFFFF, 0xFFFF, 0xFFFF, 0xFFFF,
  0xFFFF, 0xFFFF, 0xFFFF, 0xFFFF, 0xFFFF, 0xFFFF, 0xFFFF, 0xFFFF, 0xFFFF, 0xFFFF, 0xFFFF, 0xFFFF,
  0xFFFF, 0xFFFF, 0xFFFF, 0xFFFF, 0xFFFF, 0xFFFF, 0xFFFF, 0xFFFF, 0xFFFF, 0xFFFF, 0xFFFF, 0xFFFF,
  0xFFFF, 0xFFFF, 0xFFFF, 0xFFFF, 0xFFFF, 0xFFFF, 0xFFFF, 0xFFFF, 0xFFFF, 0xFFFF, 0xFFFF, 0xFFFF,
  0xFFFF, 0xFFFF, 0xFFFF, 0xFFFF, 0xFFFF, 0xFFFF, 0xFFFF, 0xFFFF, 0xFFFF, 0xFFFF, 0xFFFF, 0xFFFF,
  0xFFFF, 0xFFFF, 0xFFFF, 0xFFFF, 0xFFFF, 0xFFFF, 0xFFFF, 0xFFFF, 0xFFFF, 0xFFFF, 0xFFFF, 0xFFFF,
  0xFFFF, 0xFFFF, 0xFFFF, 0xFFFF, 0xFFFF, 0xFFFF, 0xFFFF, 0xFFFF, 0xFFFF, 0xFFFF, 0xFFFF, 0xFFFF,
  0xFFFF, 0xFFFF, 0xFFFF, 0xFFFF, 0xFFFF, 0xFFFF, 0xFFFF, 0xFFFF, 0xFFFF, 0xFFFF, 0xFFFF, 0xFFFF,
  0xFFFF, 0xFFFF, 0xFFFF, 0xFFFF, 0xFFFF, 0xFFFF, 0xFFFF, 0xFFFF, 0xFFFF, 0xFFFF, 0xFFFF, 0xFFFF,
  0xFFFF, 0xFFFF, 0xFFFF, 0xFFFF, 0xFFFF, 0xFFFF, 0xFFFF, 0xFFFF, 0xFFFF, 0xFFFF, 0xFFFF, 0xFFFF,
  0xFFDE, 0xFFDE, 0xFFBF, 0xFFFF, 0xFFFF, 0xFFFF, 0xF7FF, 0xEF7D, 0xFD94, 0xFBCE, 0xF9C8, 0xF000,
  0xF800, 0xF9A7, 0xF2AB, 0xF4B2, 0xFFBD, 0xFFFF, 0xFFFF, 0xFFFF, 0xFFFF, 0xFFFF, 0x8C72, 0x39A7,
  0x0000, 0x0825, 0x0826, 0x0006, 0x0000, 0x528B, 0xFFFF, 0xFFFF, 0xFFFF, 0xFFFF, 0xF7FF, 0xFFDD,
  0xFDB6, 0xFB6E, 0xF986, 0xF000, 0xF000, 0xF0A2, 0xFBAE, 0xF596, 0xFEBB, 0xF7FF, 0xF7FF, 0xF7FF,
  0xFFFF, 0xF7FF, 0xFFDE, 0xFFFF, 0xFFFF, 0xFFFF, 0xFFFF, 0xF7FF, 0xFFFF, 0xFFFF, 0xF7FF, 0xFFFF,
  0xF7FF, 0xFFFF, 0xFFFF, 0xF7FF, 0xFFFF, 0xF7DF, 0xFFFF, 0xF7FF, 0xFFFF, 0xFFFF, 0xF7FF, 0xFFFF,
  0xF7FF, 0xFFDE, 0xFFFF, 0xFFFF, 0xF7FF, 0xFFFF, 0xFFFF, 0xFFFF, 0xFFFF, 0xFFDF, 0xFFDF, 0xFFDE,
  0xF7DF, 0xFFFF, 0xFFDF, 0xFFFF, 0xFFDF, 0xF7FF, 0xFFFF, 0xFFFF, 0xFFFF, 0xFFFF, 0xFFFF, 0xFFFF,
  0xFFFF, 0xFFFF, 0xFFFF, 0xFFFF, 0xFFFF, 0xFFFF, 0xFFFF, 0xFFFF, 0xFFFF, 0xFFFF, 0xFFFF, 0xFFFF,
  0xFFFF, 0xFFFF, 0xFFFF, 0xFFFF, 0xFFFF, 0xFFFF, 0xFFFF, 0xFFFF, 0xFFFF, 0xFFFF, 0xFFFF, 0xFFFF,
  0xFFFF, 0xFFFF, 0xFFFF, 0xFFFF, 0xFFFF, 0xFFFF, 0xFFFF, 0xFFFF, 0xFFFF, 0xFFFF, 0xFFFF, 0xFFFF,
  0xFFFF, 0xFFFF, 0xFFFF, 0xFFFF, 0xFFFF, 0xFFFF, 0xFFFF, 0xFFFF, 0xFFFF, 0xFFFF, 0xFFFF, 0xFFFF,
  0xFFFF, 0xFFFF, 0xFFFF, 0xFFFF, 0xFFFF, 0xFFFF, 0xFFFF, 0xFFFF, 0xFFFF, 0xFFFF, 0xFFFF, 0xFFFF,
  0xFFFF, 0xFFFF, 0xFFFF, 0xFFFF, 0xFFFF, 0xFFFF, 0xFFFF, 0xFFFF, 0xFFFF, 0xFFFF, 0xFFFF, 0xFFFF,
  0xFFFF, 0xFFFF, 0xFFFF, 0xFFFF, 0xFFFF, 0xFFFF, 0xFFFF, 0xFFFF, 0xFFFF, 0xFFFF, 0xFFFF, 0xFFFF,
  0xFFFF, 0xFFFF, 0xFFFF, 0xFFFF, 0xFFFF, 0xFFFF, 0xFFFF, 0xFFFF, 0xFFFF, 0xFFFF, 0xFFFF, 0xFFFF,
  0xFFFF, 0xFFFF, 0xFFFF, 0xFFFF, 0xFFFF, 0xFFFF, 0xFFFF, 0xFFFF, 0xFFFF, 0xFFFF, 0xFFFF, 0xFFFF,
  0xFFFF, 0xFFFF, 0xFFFF, 0xFFFF, 0xFFFF, 0xFFFF, 0xFFFF, 0xFFFF, 0xFFFF, 0xFFFF, 0xFFFF, 0xFFFF,
  0xFFFF, 0xFFFF, 0xFFFF, 0xFFFF, 0xFFFF, 0xFFFF, 0xFFFF, 0xFFFF, 0xFFFF, 0xFFFF, 0xFFFF, 0xFFFF,
  0xFFFF, 0xFFFF, 0xFFFF, 0xFFFF, 0xFFFF, 0xFFFF, 0xFFFF, 0xFFFF, 0xFFFF, 0xFFFF, 0xFFFF, 0xF7FF,
  0xFFDE, 0xFFDD, 0xFFFF, 0xFFFF, 0xFFFF, 0xFFFF, 0xFF9C, 0xFD53, 0xF842, 0xF800, 0xF000, 0xF800,
  0xF925, 0xFEB9, 0xFFFF, 0xF7FF, 0xFFFF, 0xFFFF, 0xF7FE, 0xFFDE, 0xFFFF, 0xFFFF, 0x9452, 0x3187,
  0x0000, 0x0825, 0x0826, 0x0005, 0x0000, 0x524A, 0xFFFF, 0xFFFE, 0xFFFE, 0xF7FF, 0xFFFF, 0xFFFF,
  0xFFFF, 0xF7FF, 0xF699, 0xFAAB, 0xF020, 0xF800, 0xF000, 0xF104, 0xF3CD, 0xFF5B, 0xF7FE, 0xEFFF,
  0xFFFF, 0xFFFF, 0xFFFF, 0xFFFF, 0xFFDF, 0xFFDF, 0xF7DF, 0xF7FF, 0xFFFE, 0xFFDF, 0xFFDE, 0xFF9E,
  0xFF9E, 0xF7BF, 0xFFDF, 0xF7FE, 0xF7DF, 0xF7FF, 0xF7FF, 0xF7FF, 0xF7FF, 0xFFFF, 0xFFFF, 0xFFFF,
  0xFFDE, 0xFFDF, 0xFFFF, 0xFFFF, 0xFFFF, 0xFFFF, 0xF7FF, 0xFFFF, 0xFFFF, 0xFFDF, 0xFFDF, 0xFFDF,
  0xFFDF, 0xFFFF, 0xFFFF, 0xFFFF, 0xFFFF, 0xFFFF, 0xFFFF, 0xFFFF, 0xFFFF, 0xFFFF, 0xFFFF, 0xFFFF,
  0xFFFF, 0xFFFF, 0xFFFF, 0xFFFF, 0xFFFF, 0xFFFF, 0xFFFF, 0xFFFF, 0xFFFF, 0xFFFF, 0xFFFF, 0xFFFF,
  0xFFFF, 0xFFFF, 0xFFFF, 0xFFFF, 0xFFFF, 0xFFFF, 0xFFFF, 0xFFFF, 0xFFFF, 0xFFFF, 0xFFFF, 0xFFFF,
  0xFFFF, 0xFFFF, 0xFFFF, 0xFFFF, 0xFFFF, 0xFFFF, 0xFFFF, 0xFFFF, 0xFFFF, 0xFFFF, 0xFFFF, 0xFFFF,
  0xFFFF, 0xFFFF, 0xFFFF, 0xFFFF, 0xFFFF, 0xFFFF, 0xFFFF, 0xFFFF, 0xFFFF, 0xFFFF, 0xFFFF, 0xFFFF,
  0xFFFF, 0xFFFF, 0xFFFF, 0xFFFF, 0xFFFF, 0xFFFF, 0xFFFF, 0xFFFF, 0xFFFF, 0xFFFF, 0xFFFF, 0xFFFF,
  0xFFFF, 0xFFFF, 0xFFFF, 0xFFFF, 0xFFFF, 0xFFFF, 0xFFFF, 0xFFFF, 0xFFFF, 0xFFFF, 0xFFFF, 0xFFFF,
  0xFFFF, 0xFFFF, 0xFFFF, 0xFFFF, 0xFFFF, 0xFFFF, 0xFFFF, 0xFFFF, 0xFFFF, 0xFFFF, 0xFFFF, 0xFFFF,
  0xFFFF, 0xFFFF, 0xFFFF, 0xFFFF, 0xFFFF, 0xFFFF, 0xFFFF, 0xFFFF, 0xFFFF, 0xFFFF, 0xFFFF, 0xFFFF,
  0xFFFF, 0xFFFF, 0xFFFF, 0xFFFF, 0xFFFF, 0xFFFF, 0xFFFF, 0xFFFF, 0xFFFF, 0xFFFF, 0xFFFF, 0xFFFF,
  0xFFFF, 0xFFFF, 0xFFFF, 0xFFFF, 0xFFFF, 0xFFFF, 0xFFFF, 0xFFFF, 0xFFFF, 0xFFFF, 0xFFFF, 0xFFFF,
  0xFFFF, 0xFFFF, 0xFFFF, 0xFFFF, 0xFFFF, 0xFFFF, 0xFFFF, 0xFFFF, 0xFFFF, 0xFFFF, 0xFFFF, 0xFFFF,
  0xFFFF, 0xFFFF, 0xFFFF, 0xFFFF, 0xFFFF, 0xFFFF, 0xFFFF, 0xFFFF, 0xFFFF, 0xFFFF, 0xFFFF, 0xFFFF,
  0xF7FE, 0xFFFE, 0xF7FF, 0xFFFF, 0xFEBA, 0xF1E9, 0xF022, 0xF040, 0xF800, 0xF800, 0xFBD0, 0xF5D6,
  0xF75C, 0xFFFF, 0xFFFF, 0xFFFF, 0xFFFF, 0xF7FF, 0xEFFF, 0xFFDE, 0xFFFF, 0xF7FE, 0x94B4, 0x39A8,
  0x0000, 0x0805, 0x0825, 0x0004, 0x0000, 0x4AAB, 0xFFFF, 0xFFFF, 0xFFFF, 0xF7DE, 0xFFDF, 0xFFFF,
  0xF7FF, 0xFFFF, 0xFFFF, 0xF79E, 0xFE38, 0xFBEF, 0xF000, 0xF800, 0xF800, 0xF844, 0xFB0D, 0xFDF6,
  0xFFDF, 0xFFFF, 0xF7FF, 0xF7FF, 0xF7FF, 0xFFFF, 0xF7FF, 0xFFFF, 0xFFFF, 0xFFFF, 0xFFFF, 0xF7FF,
  0xF7BE, 0xFFDE, 0xFFFE, 0xFFDE, 0xF7FE, 0xFFFF, 0xF7DF, 0xFFFF, 0xF7DF, 0xFFDF, 0xFFDF, 0xFFFF,
  0xFFDF, 0xF7DE, 0xFFFF, 0xFFDF, 0xFFFF, 0xFFFF, 0xFFFF, 0xF7FF, 0xF7FF, 0xF7DE, 0xF7DF, 0xFFFF,
  0xFFFF, 0xFFFF, 0xFFFF, 0xFFFF, 0xFFFF, 0xFFFF, 0xFFFF, 0xFFFF, 0xFFFF, 0xFFFF, 0xFFFF, 0xFFFF,
  0xFFFF, 0xFFFF, 0xFFFF, 0xFFFF, 0xFFFF, 0xFFFF, 0xFFFF, 0xFFFF, 0xFFFF, 0xFFFF, 0xFFFF, 0xFFFF,
  0xFFFF, 0xFFFF, 0xFFFF, 0xFFFF, 0xFFFF, 0xFFFF, 0xFFFF, 0xFFFF, 0xFFFF, 0xFFFF, 0xFFFF, 0xFFFF,
  0xFFFF, 0xFFFF, 0xFFFF, 0xFFFF, 0xFFFF, 0xFFFF, 0xFFFF, 0xFFFF, 0xFFFF, 0xFFFF, 0xFFFF, 0xFFFF,
  0xFFFF, 0xFFFF, 0xFFFF, 0xFFFF, 0xFFFF, 0xFFFF, 0xFFFF, 0xFFFF, 0xFFFF, 0xFFFF, 0xFFFF, 0xFFFF,
  0xFFFF, 0xFFFF, 0xFFFF, 0xFFFF, 0xFFFF, 0xFFFF, 0xFFFF, 0xFFFF, 0xFFFF, 0xFFFF, 0xFFFF, 0xFFFF,
  0xFFFF, 0xFFFF, 0xFFFF, 0xFFFF, 0xFFFF, 0xFFFF, 0xFFFF, 0xFFFF, 0xFFFF, 0xFFFF, 0xFFFF, 0xFFFF,
  0xFFFF, 0xFFFF, 0xFFFF, 0xFFFF, 0xFFFF, 0xFFFF, 0xFFFF, 0xFFFF, 0xFFFF, 0xFFFF, 0xFFFF, 0xFFFF,
  0xFFFF, 0xFFFF, 0xFFFF, 0xFFFF, 0xFFFF, 0xFFFF, 0xFFFF, 0xFFFF, 0xFFFF, 0xFFFF, 0xFFFF, 0xFFFF,
  0xFFFF, 0xFFFF, 0xFFFF, 0xFFFF, 0xFFFF, 0xFFFF, 0xFFFF, 0xFFFF, 0xFFFF, 0xFFFF, 0xFFFF, 0xFFFF,
  0xFFFF, 0xFFFF, 0xFFFF, 0xFFFF, 0xFFFF, 0xFFFF, 0xFFFF, 0xFFFF, 0xFFFF, 0xFFFF, 0xFFFF, 0xFFFF,
  0xFFFF, 0xFFFF, 0xFFFF, 0xFFFF, 0xFFFF, 0xFFFF, 0xFFFF, 0xFFFF, 0xFFFF, 0xFFFF, 0xFFFF, 0xFFFF,
  0xFFFF, 0xFFFF, 0xFFFF, 0xFFFF, 0xFFFF, 0xFFFF, 0xFFFF, 0xFFFF, 0xFFFF, 0xFFFF, 0xFFFF, 0xFFFF,
  0xFFDF, 0xF7FE, 0xF7FF, 0xF6FB, 0xFB6D, 0xF000, 0xF000, 0xF0C3, 0xF965, 0xFB4D, 0xFE5A, 0xFFFF,
  0xF7FF, 0xFFFF, 0xFFFF, 0xFFDF, 0xF7FF, 0xF7FF, 0xF7FF, 0xFFDF, 0xFFFF, 0xF7FF, 0x94B3, 0x31C8,
  0x0000, 0x1004, 0x0825, 0x0003, 0x0000, 0x4A8B, 0xFFFF, 0xFFFF, 0xFFFE, 0xFFDE, 0xFFDF, 0xFFFF,
  0xF7FF, 0xFFFF, 0xFFFF, 0xFFFF, 0xFFFF, 0xFE79, 0xF28A, 0xF185, 0xF8E3, 0xF000, 0xF843, 0xFB2C,
  0xF75E, 0xFFFF, 0xFFFF, 0xFFFF, 0xF7FF, 0xFFDF, 0xF7FF, 0xFFFF, 0xFFFF, 0xF7DF, 0xF7FF, 0xF7FF,
  0xFFDE, 0xFFDE, 0xFFFF, 0xFFDE, 0xFFDE, 0xF7DE, 0xFFFF, 0xFFFF, 0xFFFF, 0xFFDF, 0xFFDF, 0xFFFF,
  0xF7DF, 0xFFFF, 0xFFFF, 0xFFFF, 0xFFDF, 0xFFFF, 0xFFDF, 0xFFFF, 0xF7FF, 0xF7FF, 0xF7FF, 0xFFFF,
  0xFFFF, 0xFFFF, 0xFFFF, 0xFFFF, 0xFFFF, 0xFFFF, 0xFFFF, 0xFFFF, 0xFFFF, 0xFFFF, 0xFFFF, 0xFFFF,
  0xFFFF, 0xFFFF, 0xFFFF, 0xFFFF, 0xFFFF, 0xFFFF, 0xFFFF, 0xFFFF, 0xFFFF, 0xFFFF, 0xFFFF, 0xFFFF,
  0xFFFF, 0xFFFF, 0xFFFF, 0xFFFF, 0xFFFF, 0xFFFF, 0xFFFF, 0xFFFF, 0xFFFF, 0xFFFF, 0xFFFF, 0xFFFF,
  0xFFFF, 0xFFFF, 0xFFFF, 0xFFFF, 0xFFFF, 0xFFFF, 0xFFFF, 0xFFFF, 0xFFFF, 0xFFFF, 0xFFFF, 0xFFFF,
  0xFFFF, 0xFFFF, 0xFFFF, 0xFFFF, 0xFFFF, 0xFFFF, 0xFFFF, 0xFFFF, 0xFFFF, 0xFFFF, 0xFFFF, 0xFFFF,
  0xFFFF, 0xFFFF, 0xFFFF, 0xFFFF, 0xFFFF, 0xFFFF, 0xFFFF, 0xFFFF, 0xFFFF, 0xFFFF, 0xFFFF, 0xFFFF,
  0xFFFF, 0xFFFF, 0xFFFF, 0xFFFF, 0xFFFF, 0xFFFF, 0xFFFF, 0xFFFF, 0xFFFF, 0xFFFF, 0xFFFF, 0xFFFF,
  0xFFFF, 0xFFFF, 0xFFFF, 0xFFFF, 0xFFFF, 0xFFFF, 0xFFFF, 0xFFFF, 0xFFFF, 0xFFFF, 0xFFFF, 0xFFFF,
  0xFFFF, 0xFFFF, 0xFFFF, 0xFFFF, 0xFFFF, 0xFFFF, 0xFFFF, 0xFFFF, 0xFFFF, 0xFFFF, 0xFFFF, 0xFFFF,
  0xFFFF, 0xFFFF, 0xFFFF, 0xFFFF, 0xFFFF, 0xFFFF, 0xFFFF, 0xFFFF, 0xFFFF, 0xFFFF, 0xFFFF, 0xFFFF,
  0xFFFF, 0xFFFF, 0xFFFF, 0xFFFF, 0xFFFF, 0xFFFF, 0xFFFF, 0xFFFF, 0xFFFF, 0xFFFF, 0xFFFF, 0xFFFF,
  0xFFFF, 0xFFFF, 0xFFFF, 0xFFFF, 0xFFFF, 0xFFFF, 0xFFFF, 0xFFFF, 0xFFFF, 0xFFFF, 0xFFFF, 0xFFFF,
  0xFFFF, 0xFFFF, 0xFFFF, 0xFFFF, 0xFFFF, 0xFFFF, 0xFFFF, 0xFFFF, 0xFFFF, 0xFFFF, 0xFFFF, 0xFFDF,
  0xFFFF, 0xFFFF, 0xF7FF, 0xFD13, 0xF800, 0xF800, 0xF0E4, 0xECB3, 0xFF7C, 0xFFFF, 0xFFFF, 0xFFFF,
  0xFFFF, 0xFF7E, 0xFFDF, 0xFFDF, 0xFFFF, 0xF7FF, 0xFFFF, 0xFFBE, 0xFFFF, 0xF7FF, 0x9492, 0x3987,
  0x0000, 0x1025, 0x1024, 0x0802, 0x0000, 0x4A4B, 0xFFFF, 0xFFFF, 0xFFDF, 0xFFFF, 0xFFFF, 0xFFFF,
  0xFFFD, 0xFFFF, 0xFFFF, 0xF7FE, 0xFFFF, 0xFFFF, 0xFFFF, 0xF77C, 0xED12, 0xF800, 0xF000, 0xF000,
  0xF619, 0xFF7E, 0xFFFF, 0xF7FE, 0xFFDF, 0xFFBF, 0xF7FF, 0xF7FF, 0xFFFF, 0xF7DE, 0xF7DF, 0xF7FF,
  0xFFFF, 0xFFFE, 0xFFDE, 0xFFDE, 0xFFFF, 0xFFDF, 0xFFDF, 0xFFDF, 0xFFFF, 0xFFFF, 0xF7FF, 0xF7FF,
  0xF7FF, 0xFFFF, 0xFFFF, 0xFFFF, 0xFFDF, 0xFFDE, 0xFFDF, 0xFFFF, 0xFFFF, 0xF7FF, 0xF7FF, 0xF7FF,
  0xF7FF, 0xFFFF, 0xFFFF, 0xFFFF, 0xFFFF, 0xFFFF, 0xFFFF, 0xFFFF, 0xFFFF, 0xFFFF, 0xFFFF, 0xFFFF,
  0xFFFF, 0xFFFF, 0xFFFF, 0xFFFF, 0xFFFF, 0xFFFF, 0xFFFF, 0xFFFF, 0xFFFF, 0xFFFF, 0xFFFF, 0xFFFF,
  0xFFFF, 0xFFFF, 0xFFFF, 0xFFFF, 0xFFFF, 0xFFFF, 0xFFFF, 0xFFFF, 0xFFFF, 0xFFFF, 0xFFFF, 0xFFFF,
  0xFFFF, 0xFFFF, 0xFFFF, 0xFFFF, 0xFFFF, 0xFFFF, 0xFFFF, 0xFFFF, 0xFFFF, 0xFFFF, 0xFFFF, 0xFFFF,
  0xFFFF, 0xFFFF, 0xFFFF, 0xFFFF, 0xFFFF, 0xFFFF, 0xFFFF, 0xFFFF, 0xFFFF, 0xFFFF, 0xFFFF, 0xFFFF,
  0xFFFF, 0xFFFF, 0xFFFF, 0xFFFF, 0xFFFF, 0xFFFF, 0xFFFF, 0xFFFF, 0xFFFF, 0xFFFF, 0xFFFF, 0xFFFF,
  0xFFFF, 0xFFFF, 0xFFFF, 0xFFFF, 0xFFFF, 0xFFFF, 0xFFFF, 0xFFFF, 0xFFFF, 0xFFFF, 0xFFFF, 0xFFFF,
  0xFFFF, 0xFFFF, 0xFFFF, 0xFFFF, 0xFFFF, 0xFFFF, 0xFFFF, 0xFFFF, 0xFFFF, 0xFFFF, 0xFFFF, 0xFFFF,
  0xFFFF, 0xFFFF, 0xFFFF, 0xFFFF, 0xFFFF, 0xFFFF, 0xFFFF, 0xFFFF, 0xFFFF, 0xFFFF, 0xFFFF, 0xFFFF,
  0xFFFF, 0xFFFF, 0xFFFF, 0xFFFF, 0xFFFF, 0xFFFF, 0xFFFF, 0xFFFF, 0xFFFF, 0xFFFF, 0xFFFF, 0xFFFF,
  0xFFFF, 0xFFFF, 0xFFFF, 0xFFFF, 0xFFFF, 0xFFFF, 0xFFFF, 0xFFFF, 0xFFFF, 0xFFFF, 0xFFFF, 0xFFFF,
  0xFFFF, 0xFFFF, 0xFFFF, 0xFFFF, 0xFFFF, 0xFFFF, 0xFFFF, 0xFFFF, 0xFFFF, 0xFFFF, 0xFFFF, 0xFFFF,
  0xFFFF, 0xFFFF, 0xFFFF, 0xFFFF, 0xFFFF, 0xFFFF, 0xFFFF, 0xFFFF, 0xFFFF, 0xFFFF, 0xFFFF, 0xFFFF,
  0xFFFF, 0xFFFF, 0xF7FF, 0xFD33, 0xF000, 0xF000, 0xF9E8, 0xF7FE, 0xFFFF, 0xFFFF, 0xF7FF, 0xF7FE,
  0xF7DE, 0xF7DE, 0xF7FF, 0xF7FF, 0xF7FF, 0xFFDE, 0xFFDE, 0xFFBF, 0xFFFF, 0xF7FF, 0x9C92, 0x39C7,
  0x0000, 0x0805, 0x1005, 0x1004, 0x0000, 0x4A6A, 0xFFFF, 0xFFFF, 0xF7FE, 0xEFFD, 0xF7FE, 0xFFDF,
  0xF7DF, 0xFFDF, 0xFFFF, 0xFFFF, 0xFFDF, 0xFFFF, 0xF7FF, 0xFFFF, 0xFF7B, 0xF34C, 0xF841, 0xF800,
  0xFEBA, 0xF7FE, 0xFFFE, 0xFFDE, 0xF7FE, 0xFFFF, 0xFFDF, 0xFFFF, 0xF7FF, 0xF7DF, 0xFFBF, 0xFFFF,
  0xF7FF, 0xF7FF, 0xF7FF, 0xFFFF, 0xFFFF, 0xFFDF, 0xFFDE, 0xFFDE, 0xFFFF, 0xFFFE, 0xFFFF, 0xFFFE,
  0xFFFF, 0xFFFF, 0xFFFF, 0xFFFF, 0xFFFF, 0xFFFF, 0xFFFE, 0xFFDF, 0xFFFF, 0xFFDE, 0xFFFF, 0xFFDE,
  0xFFDF, 0xFFFF, 0xFFFF, 0xFFFF, 0xFFFF, 0xFFFF, 0xFFFF, 0xFFFF, 0xFFFF, 0xFFFF, 0xFFFF, 0xFFFF,
  0xFFFF, 0xFFFF, 0xFFFF, 0xFFFF, 0xFFFF, 0xFFFF, 0xFFFF, 0xFFFF, 0xFFFF, 0xFFFF, 0xFFFF, 0xFFFF,
  0xFFFF, 0xFFFF, 0xFFFF, 0xFFFF, 0xFFFF, 0xFFFF, 0xFFFF, 0xFFFF, 0xFFFF, 0xFFFF, 0xFFFF, 0xFFFF,
  0xFFFF, 0xFFFF, 0xFFFF, 0xFFFF, 0xFFFF, 0xFFFF, 0xFFFF, 0xFFFF, 0xFFFF, 0xFFFF, 0xFFFF, 0xFFFF,
  0xFFFF, 0xFFFF, 0xFFFF, 0xFFFF, 0xFFFF, 0xFFFF, 0xFFFF, 0xFFFF, 0xFFFF, 0xFFFF, 0xFFFF, 0xFFFF,
  0xFFFF, 0xFFFF, 0xFFFF, 0xFFFF, 0xFFFF, 0xFFFF, 0xFFFF, 0xFFFF, 0xFFFF, 0xFFFF, 0xFFFF, 0xFFFF,
  0xFFFF, 0xFFFF, 0xFFFF, 0xFFFF, 0xFFFF, 0xFFFF, 0xFFFF, 0xFFFF, 0xFFFF, 0xFFFF, 0xFFFF, 0xFFFF,
  0xFFFF, 0xFFFE, 0xFFFF, 0xFFFF, 0xFFFF, 0xFFFF, 0xFFFF, 0xFFFF, 0xFFFF, 0xFFFF, 0xFFFF, 0xFFFF,
  0xFFFF, 0xFFDF, 0xFFFF, 0xFFFF, 0xFFFF, 0xFFFE, 0xFFFF, 0xFFFF, 0xFFFF, 0xFFFF, 0xFFFF, 0xFFFF,
  0xFFFF, 0xFFFF, 0xFFFF, 0xFFFF, 0xFFFF, 0xFFFF, 0xFFFF, 0xFFFF, 0xFFFE, 0xFFFF, 0xFFFF, 0xFFFF,
  0xFFFF, 0xFFFF, 0xFFFF, 0xFFFF, 0xFFFF, 0xFFFF, 0xFFFF, 0xFFFF, 0xFFFF, 0xFFFF, 0xFFFF, 0xFFFF,
  0xFFFF, 0xFFFF, 0xFFFF, 0xFFFF, 0xFFFF, 0xFFFF, 0xFFFF, 0xFFFF, 0xFFFF, 0xFFFF, 0xFFFF, 0xFFFF,
  0xFFFF, 0xFFFF, 0xFFFF, 0xFFDF, 0xFFFF, 0xFFFF, 0xFFFF, 0xFFFF, 0xFFFF, 0xFFFF, 0xFFFF, 0xF7FF,
  0xFFDF, 0xFFFF, 0xFFFF, 0xF554, 0xF000, 0xF800, 0xF229, 0xFFFF, 0xFFFF, 0xF7FF, 0xF7DF, 0xF7DF,
  0xFFFE, 0xF7FE, 0xFFFF, 0xF7FF, 0xF7FF, 0xFFDF, 0xFFBE, 0xFFDE, 0xFFFF, 0xF7FF, 0x9C91, 0x39C6,
  0x0000, 0x1005, 0x1806, 0x1804, 0x0000, 0x4A49, 0xFFFF, 0xFFFF, 0xF7FE, 0xEFFD, 0xFFFE, 0xFFFF,
  0xFFDF, 0xFFDF, 0xFFFF, 0xFFFF, 0xFFDF, 0xFFDF, 0xFFFF, 0xFFFF, 0xFFFE, 0xFC71, 0xF8E4, 0xF800,
  0xFEDB, 0xFFFF, 0xF7FE, 0xFFFE, 0xFFFF, 0xF7FF, 0xFFFF, 0xFFDF, 0xF7FF, 0xFFDF, 0xFFDF, 0xFFDF,
  0xFFFF, 0xF7FF, 0xFFFF, 0xFFFF, 0xFFDF, 0xF7DF, 0xFFDE, 0xFFDF, 0xFFFE, 0xFFFF, 0xFFDE, 0xFFFE,
  0xFFDF, 0xFFFF, 0xFFFF, 0xFFFF, 0xFFFF, 0xFFDF, 0xFFFE, 0xFFDF, 0xFFDF, 0xFFFF, 0xFFFF, 0xFFDE,
  0xF7FF, 0xFFFF, 0xFFFF, 0xFFFF, 0xFFFF, 0xFFFF, 0xFFFF, 0xFFFF, 0xFFFF, 0xFFFF, 0xFFFF, 0xFFFF,
  0xFFFF, 0xFFFF, 0xFFFF, 0xFFFF, 0xFFFF, 0xFFFF, 0xFFFF, 0xFFFF, 0xFFFF, 0xFFFF, 0xFFFF, 0xFFFF,
  0xFFFF, 0xFFFF, 0xFFFF, 0xFFFF, 0xFFFF, 0xFFFF, 0xFFFF, 0xFFFF, 0xFFFF, 0xFFFF, 0xFFFF, 0xFFFF,
  0xFFFF, 0xFFFF, 0xFFFF, 0xFFFF, 0xFFFF, 0xFFFF, 0xFFFF, 0xFFFF, 0xFFFF, 0xFFFF, 0xFFFF, 0xFFFF,
  0xFFFF, 0xFFFF, 0xFFFF, 0xFFFF, 0xFFFF, 0xFFFF, 0xFFFF, 0xFFFF, 0xFFFF, 0xFFFF, 0xFFFF, 0xFFFF,
  0xFFFF, 0xFFFF, 0xFFFF, 0xFFFF, 0xFFFF, 0xFFFF, 0xFFFF, 0xFFFF, 0xFFFF, 0xFFFF, 0xFFFF, 0xFFFF,
  0xFFFF, 0xFFFF, 0xFFFF, 0xFFFF, 0xFFFF, 0xFFFF, 0xFFFF, 0xFFFF, 0xFFFF, 0xFFDF, 0xFFDF, 0xF7FF,
  0xF7DE, 0xFFDD, 0xFFDF, 0xFFFE, 0xF7FD, 0xF7DE, 0xFFFE, 0xFFFE, 0xFFDE, 0xFFBF, 0xFFDE, 0xFFDD,
  0xFFDE, 0xFF9F, 0xFFDE, 0xFFFD, 0xFFDE, 0xF7DD, 0xF7FD, 0xF7DE, 0xFFDE, 0xFFBF, 0xFFFE, 0xFFFE,
  0xFFDD, 0xF7DF, 0xFFDF, 0xFFFF, 0xFFDF, 0xFFDF, 0xFFFF, 0xFFFD, 0xFFFD, 0xEFFE, 0xFFFF, 0xFFFF,
  0xFFFE, 0xF7FF, 0xF7FF, 0xEFFE, 0xF7FE, 0xFFDF, 0xFFBF, 0xFFBF, 0xFFFF, 0xFFFF, 0xF7DE, 0xF7DE,
  0xF7FD, 0xF7DE, 0xF7DE, 0xFFDE, 0xFFDF, 0xF7DF, 0xF7BD, 0xF7DE, 0xF7FF, 0xFFFF, 0xFFDF, 0xFFDD,
  0xF7FE, 0xF7FF, 0xF7DF, 0xF7BF, 0xF7BF, 0xFFFD, 0xFFFE, 0xFFFE, 0xFFFF, 0xF7FF, 0xF7FE, 0xFFFF,
  0xFFFF, 0xFFFF, 0xFFFF, 0xFD54, 0xF800, 0xF800, 0xFA08, 0xFFFF, 0xFFFF, 0xFFFF, 0xFFFF, 0xFFFF,
  0xFFFF, 0xFFFF, 0xFFFF, 0xFFFF, 0xFFFF, 0xFFDF, 0xFFFF, 0xF7FF, 0xFFFF, 0xFFFF, 0x9472, 0x3186,
  0x0000, 0x2045, 0x2826, 0x2005, 0x0000, 0x4A69, 0xFFFF, 0xFFFF, 0xF7FF, 0xFFDF, 0xFFFF, 0xFFFF,
  0xFFFF, 0xFFFE, 0xFFFF, 0xFFFF, 0xFFFF, 0xFFFF, 0xFFFF, 0xF7FF, 0xFFFF, 0xFC0F, 0xF8A2, 0xF800,
  0xF6BA, 0xFFDF, 0xFFFF, 0xFFFF, 0xFFFF, 0xFFFF, 0xFFFF, 0xF7FE, 0xFFFF, 0xFFFF, 0xFFFE, 0xFFFF,
  0xFFFF, 0xFFFF, 0xFFFF, 0xFFFF, 0xFFFF, 0xFFFF, 0xFFFF, 0xFFFF, 0xFFFF, 0xFFFF, 0xFFFF, 0xFFFF,
  0xFFFF, 0xFFFF, 0xFFFF, 0xFFFF, 0xFFFF, 0xFFFF, 0xFFFF, 0xFFFF, 0xFFFF, 0xFFFF, 0xFFFF, 0xFFFF,
  0xFFFF, 0xFFFF, 0xFFFF, 0xFFFF, 0xFFFF, 0xFFFF, 0xFFFF, 0xFFFF, 0xFFFF, 0xFFFF, 0xFFFF, 0xFFFF,
  0xFFFF, 0xFFFF, 0xFFFF, 0xFFFF, 0xFFFF, 0xFFFF, 0xFFFF, 0xFFFF, 0xFFFF, 0xFFFF, 0xFFFF, 0xFFFF,
  0xFFFF, 0xFFFF, 0xFFFF, 0xFFFF, 0xFFFF, 0xFFFF, 0xFFFF, 0xFFFF, 0xFFFF, 0xFFFF, 0xFFFF, 0xFFFF,
  0xFFFF, 0xFFFF, 0xFFFF, 0xFFFF, 0xFFFF, 0xFFFF, 0xFFFF, 0xFFFF, 0xFFFF, 0xFFFF, 0xFFFF, 0xFFFF,
  0xFFFF, 0xFFFF, 0xFFFF, 0xFFFF, 0xFFFF, 0xFFFF, 0xFFFF, 0xFFFF, 0xFFFF, 0xFFFF, 0xFFFF, 0xFFFF,
  0xFFFF, 0xFFFF, 0xFFFF, 0xFFFF, 0xFFFF, 0xFFFF, 0xFFFF, 0xFFFF, 0xFFFF, 0xFFFF, 0xFFFF, 0xFFFF,
  0xFFFF, 0xFFFF, 0xFFFF, 0xFFFF, 0xFFFF, 0xFFFF, 0xFFFF, 0xFFFF, 0xFFFF, 0xFFFF, 0xFFDF, 0xFFFF,
  0xFFFE, 0xFFFF, 0xFFFF, 0xFFFF, 0xFFFF, 0xFFFF, 0xFFFF, 0xFFFE, 0xFFFF, 0xFFFF, 0xFFFF, 0xFFFF,
  0xFFFF, 0xFFBF, 0xFFFF, 0xFFFE, 0xFFFF, 0xF7FF, 0xF7FE, 0xFFFF, 0xFFFF, 0xFFFF, 0xFFFF, 0xFFFF,
  0xFFFF, 0xFFFF, 0xFFFE, 0xFFFE, 0xF7DF, 0xF7BF, 0xFFFF, 0xFFDE, 0xFFDF, 0xEFDF, 0xFFDF, 0xFFFE,
  0xFFDF, 0xFFFF, 0xF7FF, 0xFFFE, 0xF7DE, 0xFFDE, 0xEFFE, 0xF7DE, 0xFFFE, 0xFFFF, 0xFFFF, 0xFFFF,
  0xFFFF, 0xFFFF, 0xFFDF, 0xFFFF, 0xFFFF, 0xF7FF, 0xFFFF, 0xFFFE, 0xFFFE, 0xFFDF, 0xFFDF, 0xF7DE,
  0xFFFF, 0xFFFF, 0xFFDF, 0xF7DF, 0xF7FF, 0xFFDE, 0xFFDE, 0xFFDF, 0xF7FF, 0xF7FF, 0xFFFE, 0xFFDF,
  0xFFFF, 0xFFFF, 0xFFFF, 0xFD54, 0xF800, 0xF800, 0xFA08, 0xFFFF, 0xFFFF, 0xFFFF, 0xFFDF, 0xFFFF,
  0xFFDF, 0xFFFF, 0xFFFF, 0xFFFF, 0xFFFF, 0xFFFF, 0xFFFF, 0xF7DF, 0xFFFF, 0xFFFF, 0x9472, 0x3986,
  0x0000, 0x2845, 0x3026, 0x2805, 0x0000, 0x526A, 0xFFFF, 0xFFFF, 0xFFFF, 0xFFDF, 0xF7FF, 0xFFFF,
  0xFFFF, 0xFFFF, 0xFFFE, 0xF7DF, 0xFFFF, 0xFFDF, 0xFFFF, 0xFFFF, 0xFFFE, 0xFC10, 0xF882, 0xF800,
  0xFE9A, 0xFFFF, 0xFFFF, 0xFFFF, 0xFFFF, 0xFFFF, 0xFFFF, 0xFFFF, 0xFFFF, 0xFFDF, 0xFFFF, 0xFFFF,
  0xFFFF, 0xFFFF, 0xFFFF, 0xFFFF, 0xFFFF, 0xFFFF, 0xFFFF, 0xFFFF, 0xFFFF, 0xFFFF, 0xFFFF, 0xFFFF,
  0xFFFF, 0xFFFF, 0xFFFF, 0xFFFF, 0xFFFF, 0xFFFF, 0xFFFF, 0xFFFF, 0xFFFF, 0xFFFF, 0xFFFF, 0xFFFF,
  0xFFFF, 0xFFFF, 0xFFFF, 0xFFFF, 0xFFFF, 0xFFFF, 0xFFFF, 0xFFFF, 0xFFFF, 0xFFFF, 0xFFFF, 0xFFFF,
  0xFFFF, 0xFFFF, 0xFFFF, 0xFFFF, 0xFFFF, 0xFFFF, 0xFFFF, 0xFFFF, 0xFFFF, 0xFFFF, 0xFFFF, 0xFFFF,
  0xFFFF, 0xFFFF, 0xFFFF, 0xFFFF, 0xFFFF, 0xFFFF, 0xFFFF, 0xFFFF, 0xFFFF, 0xFFFF, 0xFFFF, 0xFFFF,
  0xFFFF, 0xFFFF, 0xFFFF, 0xFFFF, 0xFFFF, 0xFFFF, 0xFFFF, 0xFFFF, 0xFFFF, 0xFFFF, 0xFFFF, 0xFFFF,
  0xFFFF, 0xFFFF, 0xFFFF, 0xFFFF, 0xFFFF, 0xFFFF, 0xFFFF, 0xFFFF, 0xFFFF, 0xFFFF, 0xFFFF, 0xFFFF,
  0xFFFF, 0xFFFF, 0xFFFF, 0xFFFF, 0xFFFF, 0xFFFF, 0xFFFF, 0xFFFF, 0xFFFF, 0xFFFF, 0xFFFF, 0xFFFF,
  0xFFFF, 0xFFFF, 0xFFFF, 0xFFFF, 0xFFFF, 0xFFFF, 0xFFFF, 0xFFFF, 0xFFFF, 0xFFDF, 0xFFFF, 0xEF9F,
  0xEFBF, 0xFFBF, 0xF7DF, 0xF7BF, 0xF79F, 0xEFDE, 0xF7DE, 0xF7BE, 0xF7BE, 0xEFBE, 0xE7DF, 0xEFDE,
  0xF7BF, 0xEF7E, 0xF7BF, 0xFFFF, 0xFFDF, 0xFFFF, 0xFFFF, 0xFFFF, 0xE79F, 0xCF1D, 0xC71E, 0xB71D,
  0xB6FE, 0xFFFE, 0xFFFE, 0xFFFE, 0xF7DF, 0xF7DF, 0xFFFE, 0xFFFF, 0xF7DF, 0xF7DF, 0xFFDF, 0xFFDF,
  0xFFFE, 0xFFFF, 0xFFDE, 0xFFDF, 0xFFDE, 0xF7FE, 0xEFFE, 0xFFFE, 0xFFFE, 0xC6FD, 0xB6DE, 0xB71D,
  0xC6FE, 0xE77F, 0xFFFF, 0xFFFE, 0xFFFE, 0xFFFF, 0xFFDF, 0xFFFF, 0xFFFD, 0xFFDE, 0xFFDF, 0xFFFF,
  0xFFDF, 0xFFDE, 0xFFFF, 0xF7FF, 0xFFFF, 0xFFFF, 0xFFFF, 0xF7DE, 0xF7FF, 0xFFFF, 0xFFFF, 0xFFFF,
  0xFFDF, 0xFFFF, 0xFFFF, 0xFD54, 0xF800, 0xF800, 0xF9E7, 0xFFFF, 0xFFFF, 0xFFFF, 0xFFFF, 0xFFFF,
  0xFFFF, 0xFFFF, 0xFFFF, 0xFFFF, 0xFFDF, 0xFFFF, 0xFFFF, 0xFFFF, 0xFFFF, 0xFFFF, 0x9C72, 0x41A6,
  0x0800, 0x2844, 0x3046, 0x3005, 0x0000, 0x5A6A, 0xFFFF, 0xFFFF, 0xFFDF, 0xFFFF, 0xFFFF, 0xFFFE,
  0xFFFF, 0xFFFF, 0xFFFF, 0xFFFF, 0xFFFF, 0xFFFF, 0xFFFF, 0xFFFF, 0xFFFE, 0xFC10, 0xF8A2, 0xF800,
  0xF6BA, 0xFFDF, 0xFFFF, 0xFFFF, 0xFFFF, 0xFFFF, 0xF7FF, 0xFFFF, 0xFFFE, 0xFFFF, 0xF7DF, 0xFFFF,
  0xFFFF, 0xFFFF, 0xFFFF, 0xFFFF, 0xFFFF, 0xFFFF, 0xFFFF, 0xFFFF, 0xFFFF, 0xFFFF, 0xFFFF, 0xFFFF,
  0xFFFF, 0xFFFF, 0xFFFF, 0xFFFF, 0xFFFF, 0xFFFF, 0xFFFF, 0xFFFF, 0xFFFF, 0xFFFF, 0xFFFF, 0xFFFF,
  0xFFFF, 0xFFFF, 0xFFFF, 0xFFFF, 0xFFFF, 0xFFFF, 0xFFFF, 0xFFFF, 0xFFFF, 0xFFFF, 0xFFFF, 0xFFFF,
  0xFFFF, 0xFFFF, 0xFFFF, 0xFFFF, 0xFFFF, 0xFFFF, 0xFFFF, 0xFFFF, 0xFFFF, 0xFFFF, 0xFFFF, 0xFFFF,
  0xFFFF, 0xFFFF, 0xFFFF, 0xFFFF, 0xFFFF, 0xFFFF, 0xFFFF, 0xFFFF, 0xFFFF, 0xFFFF, 0xFFFF, 0xFFFF,
  0xFFFF, 0xFFFF, 0xFFFF, 0xFFFF, 0xFFFF, 0xFFFF, 0xFFFF, 0xFFFF, 0xFFFF, 0xFFFF, 0xFFFF, 0xFFFF,
  0xFFFF, 0xFFFF, 0xFFFF, 0xFFFF, 0xFFFF, 0xFFFF, 0xFFFF, 0xFFFF, 0xFFFF, 0xFFFF, 0xFFFF, 0xFFFF,
  0xFFFF, 0xFFFF, 0xFFFF, 0xFFFF, 0xFFFF, 0xFFFF, 0xFFFF, 0xFFFF, 0xFFFF, 0xFFFF, 0xFFFF, 0xFFFF,
  0xFFFF, 0xFFFF, 0xFFFF, 0xFFFF, 0xFFFF, 0xFFFF, 0xFFFF, 0xFFFF, 0xFFFF, 0xFFFF, 0xFFFF, 0xC6DE,
  0xC67E, 0xD6BD, 0xCEBD, 0xC69D, 0xBE9E, 0xBEDC, 0xC6DC, 0xD6BD, 0xCE9B, 0xC69B, 0xC6DC, 0xCE9C,
  0xD65D, 0xBE7D, 0xDF3E, 0xF7FF, 0xFFFF, 0xFFFE, 0xFFDE, 0xFFFF, 0xA65C, 0x2457, 0x0379, 0x0317,
  0x0358, 0xCF5E, 0xFFFF, 0xFFFD, 0xF7FF, 0xFFFE, 0xFFFD, 0xFFFE, 0xFFFF, 0xFFFE, 0xF7BF, 0xF7BE,
  0xFFFE, 0xFFFD, 0xFFFD, 0xFFBF, 0xFFDF, 0xFFFF, 0xFFFF, 0xFFFF, 0xFFBE, 0x349A, 0x0358, 0x0317,
  0x1B77, 0x959B, 0xFFFF, 0xFFFD, 0xFFFD, 0xFFFF, 0xFFDF, 0xFFDE, 0xFFFE, 0xFFFE, 0xFFFF, 0xFFFE,
  0xFFBE, 0xFFDE, 0xFFFF, 0xFFFF, 0xF7FF, 0xFFFF, 0xFFFF, 0xFFFE, 0xFFFF, 0xFFFF, 0xFFFF, 0xFFDF,
  0xFFFE, 0xFFFF, 0xFFFF, 0xF554, 0xF800, 0xF800, 0xFA08, 0xFFFF, 0xFFFF, 0xFFDF, 0xFFFF, 0xFFDF,
  0xFFFF, 0xF7FF, 0xFFFF, 0xFFFF, 0xFFFF, 0xFFFF, 0xFFDE, 0xF7FF, 0xFFFF, 0xFFFF, 0x9492, 0x5187,
  0x1800, 0x3044, 0x3825, 0x3805, 0x0800, 0x6A6A, 0xFFFF, 0xFFFF, 0xFFFF, 0xFFDF, 0xF7DF, 0xFFFF,
  0xFFFF, 0xFFFE, 0xFFFF, 0xFFFF, 0xFFDF, 0xFFFF, 0xFFDF, 0xFFFF, 0xFFFF, 0xFC0F, 0xF883, 0xF800,
  0xFEBA, 0xF7DF, 0xFFFF, 0xFFFF, 0xFFFF, 0xFFFF, 0xFFFF, 0xF7FF, 0xFFDF, 0xFFFF, 0xFFFF, 0xFFFF,
  0xFFFF, 0xFFFF, 0xFFFF, 0xFFFF, 0xFFFF, 0xFFFF, 0xFFFF, 0xFFFF, 0xFFFF, 0xFFFF, 0xFFFF, 0xFFFF,
  0xFFFF, 0xFFFF, 0xFFFF, 0xFFFF, 0xFFFF, 0xFFFF, 0xFFFF, 0xFFFF, 0xFFFF, 0xFFFF, 0xFFFF, 0xFFFF,
  0xFFFF, 0xFFFF, 0xFFFF, 0xFFFF, 0xFFFF, 0xFFFF, 0xFFFF, 0xFFFF, 0xFFFF, 0xFFFF, 0xFFFF, 0xFFFF,
  0xFFFF, 0xFFFF, 0xFFFF, 0xFFFF, 0xFFFF, 0xFFFF, 0xFFFF, 0xFFFF, 0xFFFF, 0xFFFF, 0xFFFF, 0xFFFF,
  0xFFFF, 0xFFFF, 0xFFFF, 0xFFFF, 0xFFFF, 0xFFFF, 0xFFFF, 0xFFFF, 0xFFFF, 0xFFFF, 0xFFFF, 0xFFFF,
  0xFFFF, 0xFFFF, 0xFFFF, 0xFFFF, 0xFFFF, 0xFFFF, 0xFFFF, 0xFFFF, 0xFFFF, 0xFFFF, 0xFFFF, 0xFFFF,
  0xFFFF, 0xFFFF, 0xFFFF, 0xFFFF, 0xFFFF, 0xFFFF, 0xFFFF, 0xFFFF, 0xFFFF, 0xFFFF, 0xFFFF, 0xFFFF,
  0xFFFF, 0xFFFF, 0xFFFF, 0xFFFF, 0xFFFF, 0xFFFF, 0xFFFF, 0xFFFF, 0xFFFF, 0xFFFF, 0xFFFF, 0xFFFF,
  0xFFFF, 0xFFFF, 0xFFFF, 0xFFFF, 0xFFFF, 0xFFFF, 0xFFFF, 0xFFFF, 0xFFFF, 0xFFFE, 0xF7FE, 0x5CDB,
  0x2C3B, 0x3CDB, 0x3CDA, 0x3CB9, 0x34B9, 0x3CD9, 0x3CD9, 0x3CBA, 0x3CDB, 0x3CBB, 0x44BA, 0x3CBB,
  0x3C9B, 0x249A, 0x965D, 0xFFDF, 0xFFFE, 0xFFFE, 0xFFFE, 0xFFFF, 0xC69D, 0x4C9A, 0x03D9, 0x0398,
  0x1C19, 0xE79E, 0xFFFF, 0xEFFE, 0xF7FF, 0xFFFF, 0xFFFD, 0xFFDE, 0xFFBF, 0xFFFF, 0xF7FF, 0xF7FF,
  0xFFFF, 0xFFFE, 0xFFFE, 0xFFDF, 0xFFDF, 0xFFDF, 0xF7BF, 0xFFDF, 0xF79E, 0x4CBB, 0x03B9, 0x0397,
  0x3438, 0xA61D, 0xFFFF, 0xFFFE, 0xFFFE, 0xFFFF, 0xFFFF, 0xFFFF, 0xFFFD, 0xF7BE, 0xF79F, 0xE79F,
  0xFFDF, 0xFFFF, 0xF7FF, 0xFFFE, 0xFFFF, 0xFFFE, 0xFFFF, 0xFFFF, 0xFFFF, 0xFFDF, 0xFFFF, 0xFFFF,
  0xFFFF, 0xF7FF, 0xFFFF, 0xFD34, 0xF800, 0xF800, 0xF9E8, 0xFFFF, 0xFFFF, 0xFFFF, 0xFFFE, 0xFFFF,
  0xFFFF, 0xFFFF, 0xFFFF, 0xFFFF, 0xFFFF, 0xFFFF, 0xFFFF, 0xF7FF, 0xFFFF, 0xFFFF, 0x9C92, 0x59A7,
  0x2800, 0x3844, 0x4045, 0x4004, 0x1800, 0x726A, 0xFFFF, 0xFFFF, 0xFFDF, 0xFFDF, 0xFFFF, 0xFFFF,
  0xFFFF, 0xFFFF, 0xFFFE, 0xF7FF, 0xFFFF, 0xFFFF, 0xFFFF, 0xF7FF, 0xFFFE, 0xFC0F, 0xF8A2, 0xF800,
  0xF69A, 0xFFFF, 0xFFFF, 0xFFFF, 0xFFFF, 0xFFFF, 0xFFFF, 0xFFFF, 0xFFFE, 0xFFFF, 0xFFFF, 0xFFFF,
  0xFFFF, 0xFFFF, 0xFFFF, 0xFFFF, 0xFFFF, 0xFFFF, 0xFFFF, 0xFFFF, 0xFFFF, 0xFFFF, 0xFFFF, 0xFFFF,
  0xFFFF, 0xFFFF, 0xFFFF, 0xFFFF, 0xFFFF, 0xFFFF, 0xFFFF, 0xFFFF, 0xFFFF, 0xFFFF, 0xFFFF, 0xFFFF,
  0xFFFF, 0xFFFF, 0xFFFF, 0xFFFF, 0xFFFF, 0xFFFF, 0xFFFF, 0xFFFF, 0xFFFF, 0xFFFF, 0xFFFF, 0xFFFF,
  0xFFFF, 0xFFFF, 0xFFFF, 0xFFFF, 0xFFFF, 0xFFFF, 0xFFFF, 0xFFFF, 0xFFFF, 0xFFFF, 0xFFFF, 0xFFFF,
  0xFFFF, 0xFFFF, 0xFFFF, 0xFFFF, 0xFFFF, 0xFFFF, 0xFFFF, 0xFFFF, 0xFFFF, 0xFFFF, 0xFFFF, 0xFFFF,
  0xFFFF, 0xFFFF, 0xFFFF, 0xFFFF, 0xFFFF, 0xFFFF, 0xFFFF, 0xFFFF, 0xFFFF, 0xFFFF, 0xFFFF, 0xFFFF,
  0xFFFF, 0xFFFF, 0xFFFF, 0xFFFF, 0xFFFF, 0xFFFF, 0xFFFF, 0xFFFF, 0xFFFF, 0xFFFF, 0xFFFF, 0xFFFF,
  0xFFFF, 0xFFFF, 0xFFFF, 0xFFFF, 0xFFFF, 0xFFFF, 0xFFFF, 0xFFFF, 0xFFFF, 0xFFFF, 0xFFFF, 0xFFFF,
  0xFFFF, 0xFFFF, 0xFFFF, 0xFFFF, 0xFFFF, 0xFFFF, 0xFFFF, 0xFFFF, 0xFFFF, 0xFFFE, 0xF7FD, 0x1399,
  0x02B7, 0x0398, 0x0398, 0x03B8, 0x0397, 0x03D7, 0x03B7, 0x03D8, 0x03BA, 0x039B, 0x0379, 0x0379,
  0x0378, 0x02B8, 0x6D9B, 0xFFDF, 0xF77E, 0xCEDC, 0xA67C, 0xD71C, 0x95FC, 0x4C9B, 0x0C39, 0x043A,
  0x2C7A, 0xA69C, 0xBEFD, 0x9E5C, 0xDF7F, 0xF7DF, 0xFFFE, 0xE75E, 0xD6DE, 0xB69E, 0x9E5D, 0xAEBD,
  0xFFFF, 0xFFFF, 0xF7FF, 0xFFFF, 0xEF9F, 0xD6FD, 0xA63C, 0xAE5C, 0xAE3C, 0x44BB, 0x0C3A, 0x0C18,
  0x3499, 0x85BB, 0xCEFF, 0xAE7C, 0xBEDD, 0xEFFF, 0xFFFF, 0xFFFE, 0xDF9D, 0xB69D, 0x95FD, 0x8DDD,
  0xD75E, 0xFFFF, 0xFFFF, 0xFFFF, 0xFFFF, 0xFFFE, 0xFFFE, 0xFFFE, 0xFFDF, 0xFFFF, 0xFFFF, 0xFFDF,
  0xFFFF, 0xFFFF, 0xFFFF, 0xFD54, 0xF800, 0xF800, 0xFA07, 0xFFFF, 0xFFFF, 0xFFFF, 0xFFDF, 0xFFFF,
  0xFFDF, 0xFFFF, 0xFFFF, 0xFFFF, 0xFFDF, 0xFFFF, 0xFFFF, 0xFFFF, 0xFFFF, 0xFFFF, 0x9C92, 0x61A7,
  0x3800, 0x4064, 0x4845, 0x4804, 0x2800, 0x7A6B, 0xFFFF, 0xFFFF, 0xFFFF, 0xFFDF, 0xF7DF, 0xFFFE,
  0xFFFF, 0xFFFF, 0xFFFE, 0xFFFF, 0xFFDF, 0xFFFF, 0xFFDF, 0xFFFF, 0xFFFF, 0xFC10, 0xF882, 0xF800,
  0xFEBA, 0xFFDF, 0xFFFF, 0xFFFF, 0xFFFF, 0xFFFF, 0xF7FF, 0xFFFF, 0xFFFF, 0xFFDF, 0xFFFF, 0xFFFF,
  0xFFFF, 0xFFFF, 0xFFFF, 0xFFFF, 0xFFFF, 0xFFFF, 0xFFFF, 0xFFFF, 0xFFFF, 0xFFFF, 0xFFFF, 0xFFFF,
  0xFFFF, 0xFFFF, 0xFFFF, 0xFFFF, 0xFFFF, 0xFFFF, 0xFFFF, 0xFFFF, 0xFFFF, 0xFFFF, 0xFFFF, 0xFFFF,
  0xFFFF, 0xFFFF, 0xFFFF, 0xFFFF, 0xFFFF, 0xFFFF, 0xFFFF, 0xFFFF, 0xFFFF, 0xFFFF, 0xFFFF, 0xFFFF,
  0xFFFF, 0xFFFF, 0xFFFF, 0xFFFF, 0xFFFF, 0xFFFF, 0xFFFF, 0xFFFF, 0xFFFF, 0xFFFF, 0xFFFF, 0xFFFF,
  0xFFFF, 0xFFFF, 0xFFFF, 0xFFFF, 0xFFFF, 0xFFFF, 0xFFFF, 0xFFFF, 0xFFFF, 0xFFFF, 0xFFFF, 0xFFFF,
  0xFFFF, 0xFFFF, 0xFFFF, 0xFFFF, 0xFFFF, 0xFFFF, 0xFFFF, 0xFFFF, 0xFFFF, 0xFFFF, 0xFFFF, 0xFFFF,
  0xFFFF, 0xFFFF, 0xFFFF, 0xFFFF, 0xFFFF, 0xFFFF, 0xFFFF, 0xFFFF, 0xFFFF, 0xFFFF, 0xFFFF, 0xFFFF,
  0xFFFF, 0xFFFF, 0xFFFF, 0xFFFF, 0xFFFF, 0xFFFF, 0xFFFF, 0xFFFF, 0xFFFF, 0xFFFF, 0xFFFF, 0xFFFF,
  0xFFFF, 0xFFFF, 0xFFFF, 0xFFFF, 0xFFFF, 0xFFFF, 0xFFFF, 0xFFFF, 0xFFFF, 0xFFFF, 0xFFFF, 0x0B77,
  0x02B6, 0x0398, 0x041B, 0x0C5B, 0x1459, 0x1439, 0x0C79, 0x0CB9, 0x1C3A, 0x23FA, 0x0C3B, 0x03D8,
  0x0337, 0x01F7, 0x755A, 0xF7DD, 0xBE7C, 0x449B, 0x02F9, 0x03D8, 0x03D8, 0x03D8, 0x0C59, 0x0C39,
  0x03DA, 0x03BA, 0x0338, 0x02F9, 0x9DFD, 0xEF7F, 0xFFFF, 0xBE7D, 0x6CFC, 0x035B, 0x02B8, 0x2C1B,
  0xFFDF, 0xFFFF, 0xFFFE, 0xFFFF, 0xD6FE, 0x851C, 0x0358, 0x0378, 0x03F9, 0x041A, 0x043B, 0x0C3C,
  0x041A, 0x03F9, 0x03DA, 0x02F7, 0x3479, 0xD75F, 0xFFDF, 0xEF5D, 0x961B, 0x1BF9, 0x02D8, 0x0296,
  0x961D, 0xFFFF, 0xFFFF, 0xFFFF, 0xFFFF, 0xF7FF, 0xF7FF, 0xFFDE, 0xFFBE, 0xF7BF, 0xFFFE, 0xFFDF,
  0xFFFF, 0xFFFF, 0xFFFF, 0xFD54, 0xF800, 0xF800, 0xF9E8, 0xFFFF, 0xFFFF, 0xFFFF, 0xFFFF, 0xFFFF,
  0xFFFF, 0xFFFF, 0xF7FF, 0xFFFF, 0xFFFF, 0xFFFF, 0xFFFF, 0xF7FF, 0xFFFF, 0xFFFF, 0x9CB3, 0x69A8,
  0x4000, 0x5084, 0x5085, 0x5045, 0x3000, 0x7A4A, 0xFFFF, 0xFFFF, 0xFFDF, 0xFFBF, 0xF7FF, 0xF7FF,
  0xFFFF, 0xFFFE, 0xFFFF, 0xFFFF, 0xFFFF, 0xFFFF, 0xFFFF, 0xFFFF, 0xFFFE, 0xFC0F, 0xF8A3, 0xF800,
  0xF69A, 0xFFFF, 0xFFFF, 0xFFFE, 0xFFFF, 0xFFFF, 0xFFFF, 0xF7FF, 0xFFFE, 0xFFFF, 0xFFDF, 0xFFFF,
  0xFFFF, 0xFFFF, 0xFFFF, 0xFFFF, 0xFFFF, 0xFFFF, 0xFFFF, 0xFFFF, 0xFFFF, 0xFFFF, 0xFFFF, 0xFFFF,
  0xFFFF, 0xFFFF, 0xFFFF, 0xFFFF, 0xFFFF, 0xFFFF, 0xFFFF, 0xFFFF, 0xFFFF, 0xFFFF, 0xFFFF, 0xFFFF,
  0xFFFF, 0xFFFF, 0xFFFF, 0xFFFF, 0xFFFF, 0xFFFF, 0xFFFF, 0xFFFF, 0xFFFF, 0xFFFF, 0xFFFF, 0xFFFF,
  0xFFFF, 0xFFFF, 0xFFFF, 0xFFFF, 0xFFFF, 0xFFFF, 0xFFFF, 0xFFFF, 0xFFFF, 0xFFFF, 0xFFFF, 0xFFFF,
  0xFFFF, 0xFFFF, 0xFFFF, 0xFFFF, 0xFFFF, 0xFFFF, 0xFFFF, 0xFFFF, 0xFFFF, 0xFFFF, 0xFFFF, 0xFFFF,
  0xFFFF, 0xFFFF, 0xFFFF, 0xFFFF, 0xFFFF, 0xFFFF, 0xFFFF, 0xFFFF, 0xFFFF, 0xFFFF, 0xFFFF, 0xFFFF,
  0xFFFF, 0xFFFF, 0xFFFF, 0xFFFF, 0xFFFF, 0xFFFF, 0xFFFF, 0xFFFF, 0xFFFF, 0xFFFF, 0xFFFF, 0xFFFF,
  0xFFFF, 0xFFFF, 0xFFFF, 0xFFFF, 0xFFFF, 0xFFFF, 0xFFFF, 0xFFFF, 0xFFFF, 0xFFFF, 0xFFFF, 0xFFFF,
  0xFFFF, 0xFFFF, 0xFFFF, 0xFFFF, 0xFFFF, 0xFFFF, 0xFFFF, 0xFFFF, 0xFFFF, 0xFFFF, 0xFFFF, 0x961B,
  0x75BB, 0x8E1D, 0x1C79, 0x03F9, 0x0C3A, 0x0419, 0x03F9, 0x0459, 0x1459, 0x1C39, 0x041A, 0x5DBA,
  0x9E7B, 0x757B, 0xCEFD, 0xFFFE, 0xC65C, 0x449A, 0x0339, 0x03D9, 0x03F9, 0x043A, 0x0C39, 0x1439,
  0x1C19, 0x1419, 0x0379, 0x02F8, 0x9DDC, 0xEF5F, 0xFFFF, 0xBE9C, 0x6D3B, 0x0378, 0x0338, 0x13D9,
  0x657B, 0x4D1A, 0x75BB, 0xFFFF, 0xDEFD, 0x7D3A, 0x0397, 0x03D9, 0x0C39, 0x0C38, 0x1439, 0x143A,
  0x0C59, 0x0458, 0x03F9, 0x02D6, 0x2C39, 0xDF7D, 0xFFFF, 0xF79D, 0x9DFC, 0x1C3A, 0x0319, 0x031A,
  0xA65D, 0xFFFF, 0xFFFE, 0xFFFE, 0xF7FE, 0xF7DF, 0xF7DF, 0xFFFE, 0xFFDF, 0xFFDE, 0xFFDF, 0xFFFF,
  0xFFDF, 0xFFFF, 0xFFFF, 0xFD54, 0xF800, 0xF800, 0xFA07, 0xFFFF, 0xFFFF, 0xFFDF, 0xFFFF, 0xFFDF,
  0xFFDF, 0xFFFF, 0xF7FE, 0xFFFF, 0xFFFF, 0xFFFF, 0xFFFF, 0xFFFF, 0xFFFF, 0xFFFF, 0xA4B3, 0x69A9,
  0x5000, 0x58A5, 0x60C6, 0x58A5, 0x3800, 0x8A6B, 0xFFFF, 0xFFFF, 0xFFFF, 0xFFDF, 0xFFFE, 0xF7FF,
  0xFFFF, 0xFFFF, 0xFFFF, 0xFFFF, 0xFFDF, 0xFFFF, 0xFFFF, 0xFFFF, 0xFFFE, 0xFC10, 0xF882, 0xF800,
  0xF6BA, 0xFFDF, 0xFFFF, 0xFFFF, 0xFFFF, 0xFFFF, 0xFFFF, 0xFFFF, 0xFFDF, 0xFFFF, 0xF7FE, 0xFFFF,
  0xFFFF, 0xFFFF, 0xFFFF, 0xFFFF, 0xFFFF, 0xFFFF, 0xFFFF, 0xFFFF, 0xFFFF, 0xFFFF, 0xFFFF, 0xFFFF,
  0xFFFF, 0xFFFF, 0xFFFF, 0xFFFF, 0xFFFF, 0xFFFF, 0xFFFF, 0xFFFF, 0xFFFF, 0xFFFF, 0xFFFF, 0xFFFF,
  0xFFFF, 0xFFFF, 0xFFFF, 0xFFFF, 0xFFFF, 0xFFFF, 0xFFFF, 0xFFFF, 0xFFFF, 0xFFFF, 0xFFFF, 0xFFFF,
  0xFFFF, 0xFFFF, 0xFFFF, 0xFFFF, 0xFFFF, 0xFFFF, 0xFFFF, 0xFFFF, 0xFFFF, 0xFFFF, 0xFFFF, 0xFFFF,
  0xFFFF, 0xFFFF, 0xFFFF, 0xFFFF, 0xFFFF, 0xFFFF, 0xFFFF, 0xFFFF, 0xFFFF, 0xFFFF, 0xFFFF, 0xFFFF,
  0xFFFF, 0xFFFF, 0xFFFF, 0xFFFF, 0xFFFF, 0xFFFF, 0xFFFF, 0xFFFF, 0xFFFF, 0xFFFF, 0xFFFF, 0xFFFF,
  0xFFFF, 0xFFFF, 0xFFFF, 0xFFFF, 0xFFFF, 0xFFFF, 0xFFFF, 0xFFFF, 0xFFFF, 0xFFFF, 0xFFFF, 0xFFFF,
  0xFFFF, 0xFFFF, 0xFFFF, 0xFFFF, 0xFFFF, 0xFFFF, 0xFFFF, 0xFFFF, 0xFFFF, 0xFFFF, 0xFFFF, 0xFFFF,
  0xFFFF, 0xFFFF, 0xFFFF, 0xFFFF, 0xFFFF, 0xFFFF, 0xFFFF, 0xFFFF, 0xFFFF, 0xFFFF, 0xFFFF, 0xFFFF,
  0xFFFF, 0xE77F, 0x2CB9, 0x03D7, 0x041A, 0x1C19, 0x243A, 0x143A, 0x0C58, 0x0459, 0x03FA, 0x9EBC,
  0xFFFE, 0xFFFF, 0xFFFF, 0xFFFE, 0xD6BD, 0x54FA, 0x03B9, 0x141B, 0x143B, 0x0C3A, 0x0C59, 0x1439,
  0x2438, 0x1C59, 0x0419, 0x039A, 0xA63C, 0xEF7E, 0xFFFF, 0xC6BC, 0x757A, 0x03F7, 0x0BF9, 0x0BF9,
  0x0396, 0x02B6, 0x03D8, 0xFFFF, 0xEF5D, 0x9599, 0x0419, 0x0439, 0x147A, 0x1438, 0x1418, 0x1C39,
  0x1478, 0x1478, 0x0C59, 0x0338, 0x449A, 0xEFBE, 0xFFFE, 0xF7BE, 0xA61C, 0x245A, 0x039A, 0x03BB,
  0xA67D, 0xFFFE, 0xF7BD, 0xFFFD, 0xFFFE, 0xF7DF, 0xFFDF, 0xFFDE, 0xFFFF, 0xFFFF, 0xFFDF, 0xFFFF,
  0xFFFE, 0xFFFF, 0xFFFF, 0xFD34, 0xF000, 0xF800, 0xF9E8, 0xFFFF, 0xFFFF, 0xFFFF, 0xFFFE, 0xFFDF,
  0xF7FF, 0xFFFF, 0xF7FF, 0xFFFF, 0xFFFF, 0xFFFF, 0xFFFF, 0xF7FF, 0xFFFF, 0xFFFF, 0xA4B3, 0x71C9,
  0x5802, 0x68E6, 0x6107, 0x68C6, 0x4000, 0x8A6C, 0xFFFF, 0xFFFF, 0xFFDF, 0xFFDF, 0xF7FF, 0xFFFF,
  0xFFFF, 0xFFFE, 0xFFFF, 0xF7FF, 0xFFFF, 0xFFDF, 0xFFFF, 0xF7FF, 0xFFFE, 0xFC10, 0xF8A2, 0xF800,
  0xFEBA, 0xFFDF, 0xFFFF, 0xFFFF, 0xFFFF, 0xFFFF, 0xF7FF, 0xFFFF, 0xFFFE, 0xFFFF, 0xFFFF, 0xFFFF,
  0xFFFF, 0xFFFF, 0xFFFF, 0xFFFF, 0xFFFF, 0xFFFF, 0xFFFF, 0xFFFF, 0xFFFF, 0xFFFF, 0xFFFF, 0xFFFF,
  0xFFFF, 0xFFFF, 0xFFFF, 0xFFFF, 0xFFFF, 0xFFFF, 0xFFFF, 0xFFFF, 0xFFFF, 0xFFFF, 0xFFFF, 0xFFFF,
  0xFFFF, 0xFFFF, 0xFFFF, 0xFFFF, 0xFFFF, 0xFFFF, 0xFFFF, 0xFFFF, 0xFFFF, 0xFFFF, 0xFFFF, 0xFFFF,
  0xFFFF, 0xFFFF, 0xFFFF, 0xFFFF, 0xFFFF, 0xFFFF, 0xFFFF, 0xFFFF, 0xFFFF, 0xFFFF, 0xFFFF, 0xFFFF,
  0xFFFF, 0xFFFF, 0xFFFF, 0xFFFF, 0xFFFF, 0xFFFF, 0xFFFF, 0xFFFF, 0xFFFF, 0xFFFF, 0xFFFF, 0xFFFF,
  0xFFFF, 0xFFFF, 0xFFFF, 0xFFFF, 0xFFFF, 0xFFFF, 0xFFFF, 0xFFFF, 0xFFFF, 0xFFFF, 0xFFFF, 0xFFFF,
  0xFFFF, 0xFFFF, 0xFFFF, 0xFFFF, 0xFFFF, 0xFFFF, 0xFFFF, 0xFFFF, 0xFFFF, 0xFFFF, 0xFFFF, 0xFFFF,
  0xFFFF, 0xFFFF, 0xFFFF, 0xFFFF, 0xFFFF, 0xFFFF, 0xFFFF, 0xFFFF, 0xFFFF, 0xFFFF, 0xFFFF, 0xFFFF,
  0xFFFF, 0xFFFF, 0xFFFF, 0xFFFF, 0xFFFF, 0xFFFF, 0xFFFF, 0xFFFF, 0xFFFF, 0xFFDF, 0xFFDE, 0xFFFF,
  0xDF1D, 0x853A, 0x1439, 0x03B9, 0x03D9, 0x6D1A, 0x8D3A, 0x64DA, 0x1C5A, 0x0419, 0x03B9, 0x653B,
  0xCEBD, 0xFFFF, 0xFFFF, 0xFFFF, 0xFFDD, 0x6DDB, 0x03D9, 0x0C3D, 0x041A, 0x03D7, 0x03D9, 0x03B9,
  0x03D9, 0x0459, 0x0479, 0x145A, 0xD71E, 0xFFFF, 0xFFFF, 0xC69C, 0x7D7B, 0x0439, 0x1C19, 0x13F9,
  0x03F7, 0x0315, 0x0C18, 0xFFFF, 0xFFFF, 0xBEFE, 0x03F9, 0x03D8, 0x0BF9, 0x03DA, 0x039A, 0x037A,
  0x03D9, 0x0419, 0x0457, 0x1C79, 0x7DBC, 0xFFFF, 0xFFFF, 0xF7BF, 0xADFB, 0x2479, 0x03B7, 0x03B8,
  0x963D, 0xF7FF, 0xD79F, 0xF7DE, 0xFFFD, 0xFFFF, 0xFFFF, 0xFFFF, 0xF7BE, 0xF7DE, 0xFFFF, 0xFFDF,
  0xFFFF, 0xFFFF, 0xFFFF, 0xFD54, 0xF800, 0xF800, 0xFA08, 0xFFFF, 0xFFFF, 0xFFFF, 0xFFFF, 0xFFDF,
  0xFFFF, 0xFFFF, 0xF7FF, 0xFFFF, 0xFFFF, 0xFFFF, 0xFFFF, 0xFFFF, 0xFFFF, 0xFFFF, 0xA4B3, 0x79EB,
  0x6804, 0x6907, 0x7167, 0x6927, 0x5002, 0x9AAD, 0xFFFF, 0xFFFF, 0xFFFF, 0xFFFF, 0xFFFE, 0xFFFF,
  0xFFFF, 0xFFFF, 0xFFFE, 0xFFDF, 0xFFFF, 0xFFFF, 0xFFFF, 0xFFFF, 0xFFFE, 0xFC10, 0xF882, 0xF800,
  0xF69A, 0xFFFF, 0xFFFF, 0xFFFF, 0xFFFF, 0xFFFF, 0xFFFF, 0xF7FF, 0xFFFF, 0xFFDF, 0xFFFF, 0xFFFF,
  0xFFFF, 0xFFFF, 0xFFFF, 0xFFFF, 0xFFFF, 0xFFFF, 0xFFFF, 0xFFFF, 0xFFFF, 0xFFFF, 0xFFFF, 0xFFFF,
  0xFFFF, 0xFFFF, 0xFFFF, 0xFFFF, 0xFFFF, 0xFFFF, 0xFFFF, 0xFFFF, 0xFFFF, 0xFFFF, 0xFFFF, 0xFFFF,
  0xFFFF, 0xFFFF, 0xFFFF, 0xFFFF, 0xFFFF, 0xFFFF, 0xFFFF, 0xFFFF, 0xFFFF, 0xFFFF, 0xFFFF, 0xFFFF,
  0xFFFF, 0xFFFF, 0xFFFF, 0xFFFF, 0xFFFF, 0xFFFF, 0xFFFF, 0xFFFF, 0xFFFF, 0xFFFF, 0xFFFF, 0xFFFF,
  0xFFFF, 0xFFFF, 0xFFFF, 0xFFFF, 0xFFFF, 0xFFFF, 0xFFFF, 0xFFFF, 0xFFFF, 0xFFFF, 0xFFFF, 0xFFFF,
  0xFFFF, 0xFFFF, 0xFFFF, 0xFFFF, 0xFFFF, 0xFFFF, 0xFFFF, 0xFFFF, 0xFFFF, 0xFFFF, 0xFFFF, 0xFFFF,
  0xFFFF, 0xFFFF, 0xFFFF, 0xFFFF, 0xFFFF, 0xFFFF, 0xFFFF, 0xFFFF, 0xFFFF, 0xFFFF, 0xFFFF, 0xFFFF,
  0xFFFF, 0xFFFF, 0xFFFF, 0xFFFF, 0xFFFF, 0xFFFF, 0xFFFF, 0xFFFF, 0xFFFF, 0xFFFF, 0xFFFF, 0xFFFF,
  0xFFFF, 0xFFFF, 0xFFFF, 0xFFFF, 0xFFFF, 0xFFFF, 0xFFFF, 0xFFFF, 0xFFFF, 0xFFDF, 0xFFDF, 0xFFFF,
  0xA65C, 0x2418, 0x0C19, 0x03D9, 0x0378, 0xAE7C, 0xEF5E, 0xBEBE, 0x249A, 0x0377, 0x03D8, 0x13D8,
  0x5D1B, 0xFFDF, 0xFFFF, 0xFFFF, 0xFFDE, 0x75BB, 0x0398, 0x041B, 0x1C7A, 0x4CF8, 0x85FC, 0x655C,
  0x2459, 0x0438, 0x03F8, 0x03D7, 0xCEFE, 0xFFFF, 0xFFFF, 0xC69C, 0x7D7B, 0x03F9, 0x03D9, 0x1C59,
  0x6DBB, 0x5D1A, 0x7D7C, 0xFFFF, 0xFFFE, 0xCEFC, 0x0419, 0x03D8, 0x0458, 0x44BA, 0x6D7C, 0x8DFC,
  0x3C7A, 0x1418, 0x0458, 0x03D8, 0x5D5B, 0xFFFF, 0xFFFF, 0xF79E, 0xB5FC, 0x2499, 0x03D8, 0x13F7,
  0x3CDA, 0x4D5B, 0x34BB, 0xB6BD, 0xFFFF, 0xFFFF, 0xFFFF, 0xFFFF, 0xF7DE, 0xFFDF, 0xFFFF, 0xFFDF,
  0xFFFF, 0xFFFF, 0xFFFF, 0xFD54, 0xF800, 0xF800, 0xF9E7, 0xFFFF, 0xFFFF, 0xFFDF, 0xFFFF, 0xFFDF,
  0xFFFE, 0xF7FF, 0xFFFF, 0xF7FF, 0xFFFF, 0xFFFF, 0xFFFF, 0xFFFF, 0xFFFF, 0xFFFF, 0xA4D3, 0x822B,
  0x7026, 0x7968, 0x7989, 0x7188, 0x6003, 0x9AEE, 0xFFFF, 0xFFFF, 0xFFFF, 0xFFFF, 0xF7FF, 0xFFFF,
  0xFFFF, 0xFFFE, 0xFFFF, 0xFFFF, 0xFFFF, 0xFFDF, 0xFFFF, 0xFFFF, 0xFFFE, 0xFC10, 0xF882, 0xF800,
  0xFEBA, 0xF7DF, 0xFFFF, 0xFFFF, 0xFFFF, 0xFFFF, 0xF7FF, 0xFFFF, 0xFFFE, 0xFFFF, 0xFFDF, 0xFFFF,
  0xFFFF, 0xFFFF, 0xFFFF, 0xFFFF, 0xFFFF, 0xFFFF, 0xFFFF, 0xFFFF, 0xFFFF, 0xFFFF, 0xFFFF, 0xFFFF,
  0xFFFF, 0xFFFF, 0xFFFF, 0xFFFF, 0xFFFF, 0xFFFF, 0xFFFF, 0xFFFF, 0xFFFF, 0xFFFF, 0xFFFF, 0xFFFF,
  0xFFFF, 0xFFFF, 0xFFFF, 0xFFFF, 0xFFFF, 0xFFFF, 0xFFFF, 0xFFFF, 0xFFFF, 0xFFFF, 0xFFFF, 0xFFFF,
  0xFFFF, 0xFFFF, 0xFFFF, 0xFFFF, 0xFFFF, 0xFFFF, 0xFFFF, 0xFFFF, 0xFFFF, 0xFFFF, 0xFFFF, 0xFFFF,
  0xFFFF, 0xFFFF, 0xFFFF, 0xFFFF, 0xFFFF, 0xFFFF, 0xFFFF, 0xFFFF, 0xFFFF, 0xFFFF, 0xFFFF, 0xFFFF,
  0xFFFF, 0xFFFF, 0xFFFF, 0xFFFF, 0xFFFF, 0xFFFF, 0xFFFF, 0xFFFF, 0xFFFF, 0xFFFF, 0xFFFF, 0xFFFF,
  0xFFFF, 0xFFFF, 0xFFFF, 0xFFFF, 0xFFFF, 0xFFFF, 0xFFFF, 0xFFFF, 0xFFFF, 0xFFFF, 0xFFFF, 0xFFFF,
  0xFFFF, 0xFFFF, 0xFFFF, 0xFFFF, 0xFFFF, 0xFFFF, 0xFFFF, 0xFFFF, 0xFFFF, 0xFFFF, 0xFFFF, 0xFFFF,
  0xFFFF, 0xFFFF, 0xFFFF, 0xFFFF, 0xFFFF, 0xFFFF, 0xFFFF, 0xFFFF, 0xFFFF, 0xFFFF, 0xFFFF, 0xD71E,
  0x5D7A, 0x0377, 0x041A, 0x0C1A, 0x03D9, 0xD77D, 0xFFFF, 0xF7FF, 0x4CFA, 0x0398, 0x0BF8, 0x0357,
  0x13F8, 0xDF1E, 0xFFBF, 0xFFFF, 0xFF9E, 0x755B, 0x0358, 0x03F8, 0x3CF9, 0x9E1A, 0xFFBF, 0xCEDE,
  0x5CFB, 0x1418, 0x0377, 0x0356, 0xCEDE, 0xFFFF, 0xFFFF, 0xC6BD, 0x7D7B, 0x03F9, 0x03D9, 0x249A,
  0xD71E, 0xCEBF, 0xD6DF, 0xFFFF, 0xFFBD, 0xC6BA, 0x0419, 0x03D8, 0x0458, 0x8DBB, 0xE73E, 0xFFFF,
  0x855A, 0x3459, 0x0419, 0x0338, 0x44DA, 0xFFFF, 0xFFFF, 0xEF7E, 0xB5FB, 0x2499, 0x0418, 0x1C38,
  0x03D8, 0x0358, 0x0297, 0x7DDC, 0xFFFF, 0xFFFF, 0xFFFF, 0xF7FF, 0xFFDF, 0xFFFF, 0xF7FF, 0xFFDE,
  0xFFFF, 0xF7FF, 0xFFFF, 0xFD34, 0xF000, 0xF800, 0xFA08, 0xFFFF, 0xFFFF, 0xFFFF, 0xFFFE, 0xFFDF,
  0xFFFF, 0xFFFF, 0xF7FF, 0xFFFE, 0xFFDF, 0xFFFF, 0xFFFF, 0xF7FF, 0xFFFF, 0xFFDF, 0xA4D3, 0x8A6C,
  0x80A8, 0x8189, 0x79C9, 0x81C9, 0x6024, 0x9B2F, 0xFFFF, 0xFFFF, 0xFFDE, 0xF7FF, 0xFFFE, 0xFFFF,
  0xFFFF, 0xFFFF, 0xFFFE, 0xFFFF, 0xFFFF, 0xFFFF, 0xFFDF, 0xFFFF, 0xFFFE, 0xFC10, 0xF882, 0xF800,
  0xF6BA, 0xFFFF, 0xFFFF, 0xFFFF, 0xFFFF, 0xFFFF, 0xFFFF, 0xFFFF, 0xFFFF, 0xFFFF, 0xFFFF, 0xFFFF,
  0xFFFF, 0xFFFF, 0xFFFF, 0xFFFF, 0xFFFF, 0xFFFF, 0xFFFF, 0xFFFF, 0xFFFF, 0xFFFF, 0xFFFF, 0xFFFF,
  0xFFFF, 0xFFFF, 0xFFFF, 0xFFFF, 0xFFFF, 0xFFFF, 0xFFFF, 0xFFFF, 0xFFFF, 0xFFFF, 0xFFFF, 0xFFFF,
  0xFFFF, 0xFFFF, 0xFFFF, 0xFFFF, 0xFFFF, 0xFFFF, 0xFFFF, 0xFFFF, 0xFFFF, 0xFFFF, 0xFFFF, 0xFFFF,
  0xFFFF, 0xFFFF, 0xFFFF, 0xFFFF, 0xFFFF, 0xFFFF, 0xFFFF, 0xFFFF, 0xFFFF, 0xFFFF, 0xFFFF, 0xFFFF,
  0xFFFF, 0xFFFF, 0xFFFF, 0xFFFF, 0xFFFF, 0xFFFF, 0xFFFF, 0xFFFF, 0xFFFF, 0xFFFF, 0xFFFF, 0xFFFF,
  0xFFFF, 0xFFFF, 0xFFFF, 0xFFFF, 0xFFFF, 0xFFFF, 0xFFFF, 0xFFFF, 0xFFFF, 0xFFFF, 0xFFFF, 0xFFFF,
  0xFFFF, 0xFFFF, 0xFFFF, 0xFFFF, 0xFFFF, 0xFFFF, 0xFFFF, 0xFFFF, 0xFFFF, 0xFFFF, 0xFFFF, 0xFFFF,
  0xFFFF, 0xFFFF, 0xFFFF, 0xFFFF, 0xFFFF, 0xFFFF, 0xFFFF, 0xFFFF, 0xFFFF, 0xFFFF, 0xFFFF, 0xFFFF,
  0xFFFF, 0xFFFF, 0xFFFF, 0xFFFF, 0xFFFF, 0xFFFF, 0xFFFF, 0xFFFF, 0xFFFF, 0xFFFF, 0xFFFF, 0x44FB,
  0x03F9, 0x0419, 0x03BA, 0x2C7B, 0x9DFC, 0xF79F, 0xFFFF, 0xFFFF, 0xAE3C, 0x5CFB, 0x043A, 0x0419,
  0x0438, 0x54D9, 0xC6DD, 0xFFFF, 0xEF1C, 0x64FB, 0x0318, 0x0399, 0x75BB, 0xFFDE, 0xFFFF, 0xFFDF,
  0xCEBD, 0x2479, 0x0378, 0x0398, 0xAEBD, 0xFFFE, 0xFFFE, 0xCE7E, 0x755D, 0x043B, 0x03B7, 0x2CD8,
  0xFFFF, 0xFFBF, 0xFF9F, 0xFFFF, 0xE77E, 0xA5FC, 0x03B9, 0x0378, 0x0C39, 0xE75E, 0xFFFF, 0xFFFF,
  0xCF3D, 0x659B, 0x03B9, 0x037A, 0x44FC, 0xFFDE, 0xFFFF, 0xF77F, 0xBDFB, 0x2499, 0x03F9, 0x1439,
  0x03D9, 0x0359, 0x0277, 0x85DC, 0xFFFF, 0xFFDE, 0xF7FF, 0xFFFF, 0xFFFF, 0xFFFF, 0xFFDF, 0xF7FF,
  0xF7FF, 0xF7FF, 0xF7FF, 0xFD34, 0xF000, 0xF800, 0xF9E8, 0xFFFF, 0xFFFF, 0xFFFF, 0xF7FF, 0xFFFF,
  0xFFDF, 0xFFFE, 0xFFFF, 0xFFDF, 0xFFDF, 0xF7FF, 0xF7FF, 0xF7FF, 0xFFFF, 0xFFFF, 0xACD3, 0x8AAC,
  0x7928, 0x8A0A, 0x822B, 0x822B, 0x68C6, 0xA3B0, 0xFFFF, 0xFFFF, 0xFFDF, 0xFFFF, 0xFFFF, 0xFFFF,
  0xF7FF, 0xFFFF, 0xF7FF, 0xF7FF, 0xFFFF, 0xF7FF, 0xFFFF, 0xFFFF, 0xFFDF, 0xFBEF, 0xF0A2, 0xF000,
  0xFEBB, 0xFFFE, 0xFFFF, 0xFFDE, 0xF7DF, 0xFFFF, 0xF7FE, 0xFFDF, 0xFFDE, 0xFFDF, 0xFFFF, 0xFFDF,
  0xFFFF, 0xFFFF, 0xFFFF, 0xFFFF, 0xFFFF, 0xFFFF, 0xFFFF, 0xFFFF, 0xFFFF, 0xFFFF, 0xFFFF, 0xFFFF,
  0xFFFF, 0xFFFF, 0xFFFF, 0xFFFF, 0xFFFF, 0xFFFF, 0xFFFF, 0xFFFF, 0xFFFF, 0xFFFF, 0xFFFF, 0xFFFF,
  0xFFFF, 0xFFFF, 0xFFFF, 0xFFFF, 0xFFFF, 0xFFFF, 0xFFFF, 0xFFFF, 0xFFFF, 0xFFFF, 0xFFFF, 0xFFFF,
  0xFFFF, 0xFFFF, 0xFFFF, 0xFFFF, 0xFFFF, 0xFFFF, 0xFFFF, 0xFFFF, 0xFFFF, 0xFFFF, 0xFFFF, 0xFFFF,
  0xFFFF, 0xFFFF, 0xFFFF, 0xFFFF, 0xFFFF, 0xFFFF, 0xFFFF, 0xFFFF, 0xFFFF, 0xFFFF, 0xFFFF, 0xFFFF,
  0xFFFF, 0xFFFF, 0xFFFF, 0xFFFF, 0xFFFF, 0xFFFF, 0xFFFF, 0xFFFF, 0xFFFF, 0xFFFF, 0xFFFF, 0xFFFF,
  0xFFFF, 0xFFFF, 0xFFFF, 0xFFFF, 0xFFFF, 0xFFFF, 0xFFFF, 0xFFFF, 0xFFFF, 0xFFFF, 0xFFFF, 0xFFFF,
  0xFFFF, 0xFFFF, 0xFFFF, 0xFFFF, 0xFFFF, 0xFFFF, 0xFFFF, 0xFFFF, 0xFFFF, 0xFFFF, 0xFFFF, 0xFFFF,
  0xFFFF, 0xFFFF, 0xFFFF, 0xFFFF, 0xFFFF, 0xFFFF, 0xFFFF, 0xFFFF, 0xFFFF, 0xFFFE, 0xEF9D, 0x13F9,
  0x0339, 0x0439, 0x0399, 0x54FB, 0xFFBE, 0xFFFE, 0xFFFE, 0xFFFF, 0xF79E, 0xAE7D, 0x03DA, 0x03F8,
  0x03D7, 0x0359, 0x95FD, 0xFFFF, 0xF77D, 0x653B, 0x0319, 0x03D8, 0x4D1B, 0xBE7D, 0xFFBF, 0xD6FE,
  0x859B, 0x147A, 0x0398, 0x0359, 0xC6BD, 0xFFFF, 0xFFFE, 0xC6BD, 0x757B, 0x03D9, 0x03F8, 0x1C79,
  0x75BE, 0x653B, 0x7DBB, 0xFFFF, 0xF7BF, 0xB65D, 0x0398, 0x0398, 0x0419, 0x9E1C, 0xE73E, 0xFFBE,
  0x8DFA, 0x3CD9, 0x03DA, 0x0337, 0x3CDA, 0xFFFF, 0xFFFF, 0xF79E, 0xB61B, 0x2479, 0x03B8, 0x03F9,
  0x44FA, 0x757C, 0x4D1B, 0xBEDD, 0xFFFE, 0xFFDF, 0xFFFE, 0xF7FF, 0xF7FF, 0xFFDF, 0xFFDF, 0xFFFF,
  0xFFFF, 0xFFFF, 0xFFFF, 0xF534, 0xF800, 0xF800, 0xFA07, 0xFFFF, 0xFFFF, 0xFFDF, 0xF7FF, 0xFFFE,
  0xFFFF, 0xFFFF, 0xFFFF, 0xFFFF, 0xFFDF, 0xFFDF, 0xF7FF, 0xF7DE, 0xFFFF, 0xFFFE, 0xACD3, 0x930D,
  0x81A9, 0x8A4B, 0x8A6C, 0x8A8B, 0x7968, 0xABF1, 0xFFFF, 0xFFFF, 0xFFDF, 0xFFFF, 0xFFFF, 0xFFFF,
  0xFFFF, 0xFFFE, 0xFFFF, 0xFFDF, 0xFFDF, 0xFFDF, 0xF7DF, 0xFFFF, 0xFFFF, 0xFC10, 0xF8A3, 0xF800,
  0xFEBB, 0xFFFF, 0xFFFF, 0xFFFF, 0xFFDF, 0xFFFF, 0xFFFF, 0xF7DF, 0xFFFE, 0xFFDF, 0xFFDE, 0xFFDF,
  0xFFFF, 0xFFFF, 0xFFFF, 0xFFFF, 0xFFFF, 0xFFFF, 0xFFFF, 0xFFFF, 0xFFFF, 0xFFFF, 0xFFFF, 0xFFFF,
  0xFFFF, 0xFFFF, 0xFFFF, 0xFFFF, 0xFFFF, 0xFFFF, 0xFFFF, 0xFFFF, 0xFFFF, 0xFFFF, 0xFFFF, 0xFFFF,
  0xFFFF, 0xFFFF, 0xFFFF, 0xFFFF, 0xFFFF, 0xFFFF, 0xFFFF, 0xFFFF, 0xFFFF, 0xFFFF, 0xFFFF, 0xFFFF,
  0xFFFF, 0xFFFF, 0xFFFF, 0xFFFF, 0xFFFF, 0xFFFF, 0xFFFF, 0xFFFF, 0xFFFF, 0xFFFF, 0xFFFF, 0xFFFF,
  0xFFFF, 0xFFFF, 0xFFFF, 0xFFFF, 0xFFFF, 0xFFFF, 0xFFFF, 0xFFFF, 0xFFFF, 0xFFFF, 0xFFFF, 0xFFFF,
  0xFFFF, 0xFFFF, 0xFFFF, 0xFFFF, 0xFFFF, 0xFFFF, 0xFFFF, 0xFFFF, 0xFFFF, 0xFFFF, 0xFFFF, 0xFFFF,
  0xFFFF, 0xFFFF, 0xFFFF, 0xFFFF, 0xFFFF, 0xFFFF, 0xFFFF, 0xFFFF, 0xFFFF, 0xFFFF, 0xFFFF, 0xFFFF,
  0xFFFF, 0xFFFF, 0xFFFF, 0xFFFF, 0xFFFF, 0xFFFF, 0xFFFF, 0xFFFF, 0xFFFF, 0xFFFF, 0xFFFF, 0xFFFF,
  0xFFFF, 0xFFFF, 0xFFFF, 0xFFFF, 0xFFFF, 0xFFFF, 0xFFFF, 0xFFFF, 0xFFFF, 0xF7DE, 0xDF3B, 0x2419,
  0x0339, 0x03F8, 0x23B9, 0x8D9B, 0xFFFF, 0xFFFE, 0xFFFE, 0xF7FE, 0xFFFF, 0xD77F, 0x041A, 0x03B7,
  0x0397, 0x035B, 0x7D9E, 0xFFDF, 0xFFFD, 0x759B, 0x0358, 0x0439, 0x1C5A, 0x5CBC, 0xBE7E, 0x8DBC,
  0x245A, 0x0459, 0x03DA, 0x033A, 0xDEDE, 0xFFFE, 0xFFFF, 0xCEDC, 0x757A, 0x0398, 0x0C39, 0x0C39,
  0x039B, 0x02D7, 0x13D8, 0xFFFF, 0xFFFF, 0xCEDF, 0x03B8, 0x0398, 0x03F9, 0x4C9A, 0x8DDB, 0xBEBC,
  0x34B8, 0x03F7, 0x03D9, 0x0356, 0x5519, 0xFFFF, 0xFFFF, 0xF7BF, 0xADFB, 0x2479, 0x03B8, 0x03B8,
  0x8DFC, 0xF7BF, 0xD77F, 0xF7DD, 0xFFFE, 0xFFFF, 0xFFFF, 0xFFFF, 0xF7FF, 0xF7FF, 0xFFDF, 0xFFFF,
  0xFFFF, 0xFFDE, 0xFFFF, 0xFD33, 0xF000, 0xF800, 0xF1E7, 0xFFFF, 0xFFFF, 0xFFDE, 0xF7FF, 0xFFFF,
  0xFFFE, 0xFFFF, 0xFFDF, 0xFFDF, 0xFFDF, 0xFFFF, 0xFFFF, 0xF7DE, 0xFFFF, 0xFFBE, 0xB4F4, 0x9B2D,
  0x8A0A, 0x8AAC, 0x8ACC, 0x8AAD, 0x81E9, 0xAC51, 0xFFFF, 0xFFFF, 0xFFFE, 0xFFFE, 0xFFFE, 0xFFFF,
  0xFFDF, 0xFFFE, 0xFFFE, 0xFFFF, 0xFFBE, 0xFFDE, 0xFFDF, 0xFFFF, 0xF7FF, 0xFC50, 0xF8A2, 0xF000,
  0xFEBA, 0xFFFF, 0xFFFF, 0xFFFF, 0xFFFF, 0xFFFF, 0xF7FF, 0xFFFF, 0xFFDE, 0xFFFF, 0xF7DF, 0xFFDF,
  0xFFFF, 0xFFFF, 0xFFFF, 0xFFFF, 0xFFFF, 0xFFFF, 0xFFFF, 0xFFFF, 0xFFFF, 0xFFFF, 0xFFFF, 0xFFFF,
  0xFFFF, 0xFFFF, 0xFFFF, 0xFFFF, 0xFFFF, 0xFFFF, 0xFFFF, 0xFFFF, 0xFFFF, 0xFFFF, 0xFFFF, 0xFFFF,
  0xFFFF, 0xFFFF, 0xFFFF, 0xFFFF, 0xFFFF, 0xFFFF, 0xFFFF, 0xFFFF, 0xFFFF, 0xFFFF, 0xFFFF, 0xFFFF,
  0xFFFF, 0xFFFF, 0xFFFF, 0xFFFF, 0xFFFF, 0xFFFF, 0xFFFF, 0xFFFF, 0xFFFF, 0xFFFF, 0xFFFF, 0xFFFF,
  0xFFFF, 0xFFFF, 0xFFFF, 0xFFFF, 0xFFFF, 0xFFFF, 0xFFFF, 0xFFFF, 0xFFFF, 0xFFFF, 0xFFFF, 0xFFFF,
  0xFFFF, 0xFFFF, 0xFFFF, 0xFFFF, 0xFFFF, 0xFFFF, 0xFFFF, 0xFFFF, 0xFFFF, 0xFFFF, 0xFFFF, 0xFFFF,
  0xFFFF, 0xFFFF, 0xFFFF, 0xFFFF, 0xFFFF, 0xFFFF, 0xFFFF, 0xFFFF, 0xFFFF, 0xFFFF, 0xFFFF, 0xFFFF,
  0xFFFF, 0xFFFF, 0xFFFF, 0xFFFF, 0xFFFF, 0xFFFF, 0xFFFF, 0xFFFF, 0xFFFF, 0xFFFF, 0xFFFF, 0xFFFF,
  0xFFFF, 0xFFFF, 0xFFFF, 0xFFFF, 0xFFFF, 0xFFFF, 0xFFFF, 0xFFFF, 0xFFFF, 0xFFFF, 0xFFFF, 0xDF1C,
  0x6559, 0x03D7, 0x961A, 0xEF7C, 0xFFFF, 0xFFFF, 0xFFDF, 0xFFBF, 0xFFFF, 0xFFBF, 0xB61C, 0x64F9,
  0x6D39, 0xDF9F, 0xF7FE, 0xFFFE, 0xFFFF, 0xAE5C, 0x3BF8, 0x03DA, 0x03D9, 0x0C18, 0x1479, 0x0C58,
  0x0459, 0x03B7, 0x1418, 0x6CFB, 0xE77E, 0xFFFF, 0xFFFF, 0xC69C, 0x7D3A, 0x0397, 0x0418, 0x0C39,
  0x0399, 0x02B6, 0x03B7, 0xF7FE, 0xFFFF, 0xEFBD, 0x4479, 0x03B8, 0x03B8, 0x0419, 0x0C3A, 0x1C19,
  0x047A, 0x03FA, 0x0378, 0x6537, 0xB6BA, 0xFFFF, 0xFFFF, 0xEF9D, 0xA5FB, 0x249B, 0x03BA, 0x035A,
  0xAE7D, 0xFFFE, 0xFFFD, 0xFFFE, 0xFFFE, 0xF7DF, 0xFFDF, 0xFFDE, 0xF7DE, 0xFFFE, 0xFFDF, 0xFFDE,
  0xF7FF, 0xF7FF, 0xFFFF, 0xFD55, 0xF000, 0xF800, 0xFA08, 0xFFFF, 0xF7FF, 0xF7FF, 0xFFFE, 0xFFFF,
  0xF7FF, 0xF7FF, 0xFFFF, 0xFFFF, 0xF7BF, 0xFFFF, 0xFFFF, 0xF7FF, 0xFFFF, 0xFFDF, 0xB4F4, 0x9B6F,
  0x8AAC, 0x8AED, 0x8B0D, 0x8B2E, 0x7A2A, 0xAC73, 0xFFFF, 0xFFFF, 0xFFFF, 0xFFFF, 0xF7FF, 0xF7FF,
  0xF7FF, 0xFFFF, 0xFFFF, 0xFFFF, 0xFFDF, 0xFFDE, 0xFFDF, 0xFFFF, 0xFFBF, 0xFC10, 0xF8A2, 0xF800,
  0xFEBB, 0xFFFF, 0xFFFF, 0xFFFF, 0xFFFF, 0xFFFF, 0xFFFF, 0xFFFF, 0xFFFF, 0xFFFF, 0xFFFF, 0xFFFF,
  0xFFFF, 0xFFFF, 0xFFFF, 0xFFFF, 0xFFFF, 0xFFFF, 0xFFFF, 0xFFFF, 0xFFFF, 0xFFFF, 0xFFFF, 0xFFFF,
  0xFFFF, 0xFFFF, 0xFFFF, 0xFFFF, 0xFFFF, 0xFFFF, 0xFFFF, 0xFFFF, 0xFFFF, 0xFFFF, 0xFFFF, 0xFFFF,
  0xFFFF, 0xFFFF, 0xFFFF, 0xFFFF, 0xFFFF, 0xFFFF, 0xFFFF, 0xFFFF, 0xFFFF, 0xFFFF, 0xFFFF, 0xFFFF,
  0xFFFF, 0xFFFF, 0xFFFF, 0xFFFF, 0xFFFF, 0xFFFF, 0xFFFF, 0xFFFF, 0xFFFF, 0xFFFF, 0xFFFF, 0xFFFF,
  0xFFFF, 0xFFFF, 0xFFFF, 0xFFFF, 0xFFFF, 0xFFFF, 0xFFFF, 0xFFFF, 0xFFFF, 0xFFFF, 0xFFFF, 0xFFFF,
  0xFFFF, 0xFFFF, 0xFFFF, 0xFFFF, 0xFFFF, 0xFFFF, 0xFFFF, 0xFFFF, 0xFFFF, 0xFFFF, 0xFFFF, 0xFFFF,
  0xFFFF, 0xFFFF, 0xFFFF, 0xFFFF, 0xFFFF, 0xFFFF, 0xFFFF, 0xFFFF, 0xFFFF, 0xFFFF, 0xFFFF, 0xFFFF,
  0xFFFF, 0xFFFF, 0xFFFF, 0xFFFF, 0xFFFF, 0xFFFF, 0xFFFF, 0xFFFF, 0xFFFF, 0xFFFF, 0xFFFF, 0xFFFF,
  0xFFFF, 0xFFFF, 0xFFFF, 0xFFFF, 0xFFFF, 0xFFFF, 0xFFFF, 0xFFFF, 0xFFFF, 0xFFFF, 0xFFFF, 0xFFFF,
  0xD73D, 0x7E3C, 0xF7BD, 0xFFFE, 0xFFFF, 0xFFFF, 0xFFFF, 0xFFFF, 0xFFFF, 0xFFFF, 0xFFBE, 0xD6FD,
  0xD71C, 0xFFFF, 0xFFFF, 0xFFFE, 0xFFFF, 0xE75D, 0xA5FA, 0x3C99, 0x03D9, 0x0398, 0x0377, 0x0398,
  0x03D8, 0x1C19, 0x6D5B, 0xD6DD, 0xFFDE, 0xFFFE, 0xFFFF, 0xBE7D, 0x6CFB, 0x0338, 0x0358, 0x0BF9,
  0x653B, 0x4CB9, 0x655A, 0xF7FE, 0xFFFF, 0xFFFF, 0xB67D, 0x5D1A, 0x1418, 0x03B9, 0x0379, 0x0378,
  0x03BA, 0x0C19, 0x4CB9, 0xB6BB, 0xE7BD, 0xFFFF, 0xFFFF, 0xEF7E, 0x95DC, 0x1C39, 0x0318, 0x02B7,
  0x9E3C, 0xFFFF, 0xFFFE, 0xFFFE, 0xFFFF, 0xFFFF, 0xFFDF, 0xFFFE, 0xF7DF, 0xFFDF, 0xFFFF, 0xFFDE,
  0xFFDF, 0xF7FF, 0xFFFF, 0xFD54, 0xF800, 0xF800, 0xFA08, 0xFFFF, 0xF7FF, 0xFFDF, 0xFFFE, 0xFFFF,
  0xFFFF, 0xF7FF, 0xFFFF, 0xFFFF, 0xFFDF, 0xFFDF, 0xFFFF, 0xFFFF, 0xFFFF, 0xFFDF, 0xBD15, 0x9BB0,
  0x8AED, 0x8B4E, 0x8B6E, 0x8B6F, 0x828C, 0xB4B3, 0xFFFF, 0xFFFF, 0xFFFF, 0xFFFF, 0xFFDF, 0xFFFF,
  0xF7FF, 0xFFFF, 0xF7DE, 0xFFFE, 0xFFFE, 0xF7DE, 0xF7DF, 0xF7FF, 0xFFFF, 0xF3EF, 0xF0A2, 0xF800,
  0xFEBB, 0xFFFF, 0xFFFF, 0xFFDF, 0xFFDF, 0xFFFF, 0xF7FF, 0xFFFF, 0xFFFE, 0xFFFF, 0xFFFF, 0xF7FF,
  0xFFFF, 0xFFFF, 0xFFFF, 0xFFFF, 0xFFFF, 0xFFFF, 0xFFFF, 0xFFFF, 0xFFFF, 0xFFFF, 0xFFFF, 0xFFFF,
  0xFFFF, 0xFFFF, 0xFFFF, 0xFFFF, 0xFFFF, 0xFFFF, 0xFFFF, 0xFFFF, 0xFFFF, 0xFFFF, 0xFFFF, 0xFFFF,
  0xFFFF, 0xFFFF, 0xFFFF, 0xFFFF, 0xFFFF, 0xFFFF, 0xFFFF, 0xFFFF, 0xFFFF, 0xFFFF, 0xFFFF, 0xFFFF,
  0xFFFF, 0xFFFF, 0xFFFF, 0xFFFF, 0xFFFF, 0xFFFF, 0xFFFF, 0xFFFF, 0xFFFF, 0xFFFF, 0xFFFF, 0xFFFF,
  0xFFFF, 0xFFFF, 0xFFFF, 0xFFFF, 0xFFFF, 0xFFFF, 0xFFFF, 0xFFFF, 0xFFFF, 0xFFFF, 0xFFFF, 0xFFFF,
  0xFFFF, 0xFFFF, 0xFFFF, 0xFFFF, 0xFFFF, 0xFFFF, 0xFFFF, 0xFFFF, 0xFFFF, 0xFFFF, 0xFFFF, 0xFFFF,
  0xFFFF, 0xFFFF, 0xFFFF, 0xFFFF, 0xFFFF, 0xFFFF, 0xFFFF, 0xFFFF, 0xFFFF, 0xFFFF, 0xFFFF, 0xFFFF,
  0xFFFF, 0xFFFF, 0xFFFF, 0xFFFF, 0xFFFF, 0xFFFF, 0xFFFF, 0xFFFF, 0xFFFF, 0xFFFF, 0xFFFF, 0xFFFF,
  0xFFFF, 0xFFFF, 0xFFFF, 0xFFFF, 0xFFFF, 0xFFFF, 0xFFFF, 0xFFFF, 0xFFFF, 0xFFFF, 0xFFFF, 0xFFFF,
  0xFFFF, 0xFFFF, 0xFFFF, 0xFFFF, 0xFFFD, 0xFFFD, 0xFFFF, 0xFFFF, 0xFFFF, 0xFFFF, 0xFFFF, 0xFFFF,
  0xFFFF, 0xFFFF, 0xFFFF, 0xFFFF, 0xFFFE, 0xFFFF, 0xFFFE, 0x95D9, 0x3499, 0x03BB, 0x0399, 0x0398,
  0x03B9, 0x7D1C, 0xDEDE, 0xFFFF, 0xFFFD, 0xFFFD, 0xFFFF, 0xBE7E, 0x64FC, 0x0359, 0x0319, 0x243A,
  0xE73D, 0xDF3D, 0xDF3D, 0xFFFF, 0xFFFF, 0xFFFF, 0xFFFF, 0xC6DD, 0x6519, 0x03F9, 0x03B9, 0x03DA,
  0x0359, 0x449A, 0xC67C, 0xFFFF, 0xFFFF, 0xFFFF, 0xFFFF, 0xEF9F, 0x9DBC, 0x2C18, 0x0316, 0x0295,
  0x9E1C, 0xFFFF, 0xF7DF, 0xF7FF, 0xF7FF, 0xF7FF, 0xFFFE, 0xFFDF, 0xFFDF, 0xFFFE, 0xFFFF, 0xFFDF,
  0xFFDF, 0xFFDF, 0xF7FF, 0xFD54, 0xF000, 0xF800, 0xF9E7, 0xF7FF, 0xFFFF, 0xFFDF, 0xF7FF, 0xFFFF,
  0xFFFF, 0xFFFF, 0xFFFF, 0xFFFF, 0xFFDF, 0xFFFF, 0xFFFF, 0xFFFF, 0xFFFF, 0xFFFF, 0xBD55, 0x9C11,
  0x934E, 0x93D0, 0x93D0, 0x93AF, 0x8AED, 0xB4F4, 0xFFFF, 0xFFFF, 0xFFDF, 0xFFDF, 0xFFDE, 0xFFDF,
  0xF7FF, 0xFFDF, 0xFFDE, 0xFFFF, 0xFFDD, 0xF7FD, 0xEFFE, 0xF7FF, 0xF7FF, 0xF40F, 0xF082, 0xE800,
  0xFEFB, 0xFFFF, 0xFFFF, 0xFFDF, 0xFFFF, 0xFFDF, 0xFFFF, 0xF7FF, 0xFFFF, 0xFFFF, 0xF7FF, 0xFFFF,
  0xFFFF, 0xFFFF, 0xFFFF, 0xFFFF, 0xFFFF, 0xFFFF, 0xFFFF, 0xFFFF, 0xFFFF, 0xFFFF, 0xFFFF, 0xFFFF,
  0xFFFF, 0xFFFF, 0xFFFF, 0xFFFF, 0xFFFF, 0xFFFF, 0xFFFF, 0xFFFF, 0xFFFF, 0xFFFF, 0xFFFF, 0xFFFF,
  0xFFFF, 0xFFFF, 0xFFFF, 0xFFFF, 0xFFFF, 0xFFFF, 0xFFFF, 0xFFFF, 0xFFFF, 0xFFFF, 0xFFFF, 0xFFFF,
  0xFFFF, 0xFFFF, 0xFFFF, 0xFFFF, 0xFFFF, 0xFFFF, 0xFFFF, 0xFFFF, 0xFFFF, 0xFFFF, 0xFFFF, 0xFFFF,
  0xFFFF, 0xFFFF, 0xFFFF, 0xFFFF, 0xFFFF, 0xFFFF, 0xFFFF, 0xFFFF, 0xFFFF, 0xFFFF, 0xFFFF, 0xFFFF,
  0xFFFF, 0xFFFF, 0xFFFF, 0xFFFF, 0xFFFF, 0xFFFF, 0xFFFF, 0xFFFF, 0xFFFF, 0xFFFF, 0xFFFF, 0xFFFF,
  0xFFFF, 0xFFFF, 0xFFFF, 0xFFFF, 0xFFFF, 0xFFFF, 0xFFFF, 0xFFFF, 0xFFFF, 0xFFFF, 0xFFFF, 0xFFFF,
  0xFFFF, 0xFFFF, 0xFFFF, 0xFFFF, 0xFFFF, 0xFFFF, 0xFFFF, 0xFFFF, 0xFFFF, 0xFFFF, 0xFFFF, 0xFFFF,
  0xFFFF, 0xFFFF, 0xFFFF, 0xFFFF, 0xFFFF, 0xFFFF, 0xFFFF, 0xFFFF, 0xFFFF, 0xFFFF, 0xFFBF, 0x961A,
  0x44B9, 0x03DB, 0x141A, 0x143A, 0x0C5B, 0x0C7A, 0x0C79, 0x0C18, 0x1419, 0x1439, 0x0C98, 0x03F8,
  0x2439, 0xB5FD, 0xDF3E, 0xFFFF, 0xF7FF, 0xFFFF, 0xFFFF, 0xF7FE, 0xEF9E, 0xE73E, 0xD6FD, 0xD71D,
  0xEF7D, 0xFFDF, 0xFFFF, 0xFFFE, 0xFFFF, 0xFFFF, 0xF7FF, 0xEFFE, 0xEFBE, 0xDF7F, 0xCF1E, 0xCF5D,
  0xFFFD, 0xFFFE, 0xF7FF, 0xFFFE, 0xFFDF, 0xF7FF, 0xFFFE, 0xF7FE, 0xF7DD, 0xE77D, 0xD73E, 0xCEFE,
  0xE77E, 0xF7DF, 0xFFFF, 0xFFFF, 0xFFFF, 0xFFFF, 0xFFFF, 0xFFFE, 0xEF3E, 0xD73E, 0xC6FF, 0xBEBF,
  0xEFBF, 0xFFFF, 0xF7FF, 0xFFFF, 0xFFDF, 0xFFFF, 0xFFFF, 0xFFDE, 0xFFDF, 0xF7DF, 0xEFFF, 0xFFFF,
  0xFFFF, 0xFFFF, 0xFFFF, 0xFD55, 0xF000, 0xF800, 0xF9E8, 0xFFFF, 0xFFFF, 0xF7FF, 0xF7FE, 0xFFDF,
  0xFFDE, 0xF7FF, 0xFFFE, 0xFFFE, 0xFFFF, 0xFFFE, 0xFFFE, 0xF7FE, 0xFFFF, 0xFFFE, 0xBDB6, 0x9C71,
  0x93CF, 0x9C71, 0x9C71, 0x9431, 0x8BAF, 0xB555, 0xFFFF, 0xFFFF, 0xFFFE, 0xFFDE, 0xFFFE, 0xFFFF,
  0xF7FE, 0xF7FE, 0xFFFD, 0xF7FF, 0xFFDE, 0xF7DE, 0xFFDF, 0xFFFF, 0xFFDF, 0xF3EF, 0xF0A2, 0xF000,
  0xFEBB, 0xF7FF, 0xFFFF, 0xFFFE, 0xFFDF, 0xFFFF, 0xFFFF, 0xFFFE, 0xFFFF, 0xFFFF, 0xFFFF, 0xF7FF,
  0xFFFF, 0xFFFF, 0xFFFF, 0xFFFF, 0xFFFF, 0xFFFF, 0xFFFF, 0xFFFF, 0xFFFF, 0xFFFF, 0xFFFF, 0xFFFF,
  0xFFFF, 0xFFFF, 0xFFFF, 0xFFFF, 0xFFFF, 0xFFFF, 0xFFFF, 0xFFFF, 0xFFFF, 0xFFFF, 0xFFFF, 0xFFFF,
  0xFFFF, 0xFFFF, 0xFFFF, 0xFFFF, 0xFFFF, 0xFFFF, 0xFFFF, 0xFFFF, 0xFFFF, 0xFFFF, 0xFFFF, 0xFFFF,
  0xFFFF, 0xFFFF, 0xFFFF, 0xFFFF, 0xFFFF, 0xFFFF, 0xFFFF, 0xFFFF, 0xFFFF, 0xFFFF, 0xFFFF, 0xFFFF,
  0xFFFF, 0xFFFF, 0xFFFF, 0xFFFF, 0xFFFF, 0xFFFF, 0xFFFF, 0xFFFF, 0xFFFF, 0xFFFF, 0xFFFF, 0xFFFF,
  0xFFFF, 0xFFFF, 0xFFFF, 0xFFFF, 0xFFFF, 0xFFFF, 0xFFFF, 0xFFFF, 0xFFFF, 0xFFFF, 0xFFFF, 0xFFFF,
  0xFFFF, 0xFFFF, 0xFFFF, 0xFFFF, 0xFFFF, 0xFFFF, 0xFFFF, 0xFFFF, 0xFFFF, 0xFFFF, 0xFFFF, 0xFFFF,
  0xFFFF, 0xFFFF, 0xFFFF, 0xFFFF, 0xFFFF, 0xFFFF, 0xFFFF, 0xFFFF, 0xFFFF, 0xFFFF, 0xFFFF, 0xFFFF,
  0xFFFF, 0xFFFF, 0xFFFF, 0xFFFF, 0xFFFF, 0xFFFF, 0xFFFF, 0xFFFF, 0xFFFF, 0xFFFF, 0xFFFF, 0x8DBA,
  0x2439, 0x0339, 0x0378, 0x0399, 0x03B9, 0x03D9, 0x03D9, 0x0398, 0x0398, 0x0398, 0x03F8, 0x0337,
  0x0378, 0xA5DC, 0xDF1E, 0xFFFF, 0xF7FF, 0xFFDF, 0xFFDF, 0xFFFF, 0xFFFF, 0xFFFE, 0xFFDF, 0xFFFE,
  0xFFFF, 0xFFFF, 0xF7FE, 0xC6FB, 0x9E3C, 0x85FD, 0x85FD, 0x861B, 0xA67C, 0xEF3E, 0xF7DF, 0xFFFF,
  0xFFFE, 0xFFFF, 0xFFFF, 0xFFDF, 0xFFFF, 0xF7DF, 0xF7FE, 0xFFFE, 0xFFFE, 0xFFFF, 0xFFFE, 0xFFDE,
  0xFFFF, 0xFFFF, 0xE73E, 0xAE9C, 0xAEBC, 0xDF3D, 0xFFFF, 0xFFFF, 0xFFBE, 0xF7FF, 0xF7FF, 0xEFBF,
  0xFFDE, 0xFFFF, 0xF7FF, 0xFFDF, 0xF7DF, 0xFFFF, 0xFFFE, 0xFFDF, 0xF7FF, 0xFFDF, 0xF7FF, 0xFFFE,
  0xFFFE, 0xF7FF, 0xFFFF, 0xFD54, 0xF000, 0xF000, 0xF208, 0xFFFF, 0xFFFF, 0xFFDE, 0xFFFE, 0xFFDF,
  0xFFDF, 0xFFFE, 0xFFFF, 0xFFFF, 0xFFDE, 0xFFFF, 0xFFDF, 0xF7FF, 0xFFFF, 0xFFFF, 0xB5B6, 0x9492,
  0x83F0, 0x8C31, 0x8C51, 0x8C30, 0x7BCF, 0xB575, 0xFFFF, 0xFFFF, 0xFFFF, 0xF7DE, 0xFFFF, 0xFFFF,
  0xFFDE, 0xF7FE, 0xF7FD, 0xF7FF, 0xFFFE, 0xFFDF, 0xFFDF, 0xFFFF, 0xFFDF, 0xF3EF, 0xF882, 0xF000,
  0xF69A, 0xF7FE, 0xFFFF, 0xFFDF, 0xFFFF, 0xFFFF, 0xF7FF, 0xFFFF, 0xFFFE, 0xFFFF, 0xFFFF, 0xF7FF,
  0xFFFF, 0xFFFF, 0xFFFF, 0xFFFF, 0xFFFF, 0xFFFF, 0xFFFF, 0xFFFF, 0xFFFF, 0xFFFF, 0xFFFF, 0xFFFF,
  0xFFFF, 0xFFFF, 0xFFFF, 0xFFFF, 0xFFFF, 0xFFFF, 0xFFFF, 0xFFFF, 0xFFFF, 0xFFFF, 0xFFFF, 0xFFFF,
  0xFFFF, 0xFFFF, 0xFFFF, 0xFFFF, 0xFFFF, 0xFFFF, 0xFFFF, 0xFFFF, 0xFFFF, 0xFFFF, 0xFFFF, 0xFFFF,
  0xFFFF, 0xFFFF, 0xFFFF, 0xFFFF, 0xFFFF, 0xFFFF, 0xFFFF, 0xFFFF, 0xFFFF, 0xFFFF, 0xFFFF, 0xFFFF,
  0xFFFF, 0xFFFF, 0xFFFF, 0xFFFF, 0xFFFF, 0xFFFF, 0xFFFF, 0xFFFF, 0xFFFF, 0xFFFF, 0xFFFF, 0xFFFF,
  0xFFFF, 0xFFFF, 0xFFFF, 0xFFFF, 0xFFFF, 0xFFFF, 0xFFFF, 0xFFFF, 0xFFFF, 0xFFFF, 0xFFFF, 0xFFFF,
  0xFFFF, 0xFFFF, 0xFFFF, 0xFFFF, 0xFFFF, 0xFFFF, 0xFFFF, 0xFFFF, 0xFFFF, 0xFFFF, 0xFFFF, 0xFFFF,
  0xFFFF, 0xFFFF, 0xFFFF, 0xFFFF, 0xFFFF, 0xFFFF, 0xFFFF, 0xFFFF, 0xFFFF, 0xFFFF, 0xFFFF, 0xFFFF,
  0xFFFF, 0xFFFF, 0xFFFF, 0xFFFF, 0xFFFF, 0xFFFF, 0xFFFF, 0xFFFF, 0xFFFF, 0xFFFF, 0xFFFE, 0x9DFC,
  0x3C9A, 0x03D8, 0x0419, 0x0419, 0x03F7, 0x0C58, 0x1439, 0x243B, 0x0C1A, 0x0418, 0x041A, 0x0377,
  0x23F8, 0xA61C, 0xDF3E, 0xFFDF, 0xFFFF, 0xFFFF, 0xFFFE, 0xFFFF, 0xFFFF, 0xFFFE, 0xFFFF, 0xFFDF,
  0xFFDF, 0xFFFF, 0xB6DD, 0x4C97, 0x0358, 0x02F8, 0x0318, 0x0337, 0x13D8, 0x955C, 0xE73E, 0xFFFF,
  0xFFFF, 0xFFDF, 0xFFBF, 0xFFDF, 0xFFDF, 0xFFDF, 0xF7FE, 0xFFDE, 0xFFDE, 0xFFDF, 0xFFFE, 0xFFFE,
  0xFFFF, 0xDF1E, 0x851A, 0x03B7, 0x1417, 0x95DA, 0xEF9E, 0xFFFF, 0xFFFF, 0xFFFF, 0xFFFE, 0xFFBE,
  0xFFDE, 0xFFDE, 0xFFFF, 0xF7DE, 0xFFDF, 0xFFFF, 0xFFFF, 0xFFDF, 0xFFFF, 0xFFFF, 0xFFFF, 0xFFDD,
  0xFFFE, 0xFFFF, 0xFFFF, 0xF534, 0xE800, 0xE800, 0xF208, 0xFFFF, 0xFFFF, 0xFFDF, 0xFFFD, 0xFFDE,
  0xFFDF, 0xFFFF, 0xFFFF, 0xFFFF, 0xFFFF, 0xFFDF, 0xFFDF, 0xFFDF, 0xFFFF, 0xF7DF, 0xBDD7, 0x9CD3,
  0x8452, 0x8C52, 0x8472, 0x8472, 0x7C31, 0xADB7, 0xFFFF, 0xFFFF, 0xF7FF, 0xFFFF, 0xF7FF, 0xFFDE,
  0xFFBE, 0xFFBE, 0xF7DE, 0xF7FF, 0xFFFF, 0xFFDF, 0xFFDF, 0xFFFF, 0xFFDE, 0xFBCE, 0xF882, 0xF800,
  0xEE99, 0xF7BE, 0xF7FE, 0xFFFF, 0xF7FF, 0xFFDF, 0xFFFF, 0xFFFF, 0xFFFF, 0xFFFF, 0xF7FF, 0xFFFF,
  0xFFFF, 0xFFFF, 0xFFFF, 0xFFFF, 0xFFFF, 0xFFFF, 0xFFFF, 0xFFFF, 0xFFFF, 0xFFFF, 0xFFFF, 0xFFFF,
  0xFFFF, 0xFFFF, 0xFFFF, 0xFFFF, 0xFFFF, 0xFFFF, 0xFFFF, 0xFFFF, 0xFFFF, 0xFFFF, 0xFFFF, 0xFFFF,
  0xFFFF, 0xFFFF, 0xFFFF, 0xFFFF, 0xFFFF, 0xFFFF, 0xFFFF, 0xFFFF, 0xFFFF, 0xFFFF, 0xFFFF, 0xFFFF,
  0xFFFF, 0xFFFF, 0xFFFF, 0xFFFF, 0xFFFF, 0xFFFF, 0xFFFF, 0xFFFF, 0xFFFF, 0xFFFF, 0xFFFF, 0xFFFF,
  0xFFFF, 0xFFFF, 0xFFFF, 0xFFFF, 0xFFFF, 0xFFFF, 0xFFFF, 0xFFFF, 0xFFFF, 0xFFFF, 0xFFFF, 0xFFFF,
  0xFFFF, 0xFFFF, 0xFFFF, 0xFFFF, 0xFFFF, 0xFFFF, 0xFFFF, 0xFFFF, 0xFFFF, 0xFFFF, 0xFFFF, 0xFFFF,
  0xFFFF, 0xFFFF, 0xFFFF, 0xFFFF, 0xFFFF, 0xFFFF, 0xFFFF, 0xFFFF, 0xFFFF, 0xFFFF, 0xFFFF, 0xFFFF,
  0xFFFF, 0xFFFF, 0xFFFF, 0xFFFF, 0xFFFF, 0xFFFF, 0xFFFF, 0xFFFF, 0xFFFF, 0xFFFF, 0xFFFF, 0xFFFF,
  0xFFFF, 0xFFFF, 0xFFFF, 0xFFFF, 0xFFFF, 0xFFFF, 0xFFFF, 0xFFFF, 0xFFFF, 0xFFFF, 0xFFFF, 0xAE3D,
  0x7D7B, 0x64F9, 0x751B, 0x6CDB, 0x5499, 0x1438, 0x0439, 0x0419, 0x3CDA, 0x655B, 0x5D9C, 0x54DB,
  0x6CDB, 0xBE7C, 0xE75E, 0xFFFF, 0xFFFE, 0xF7DE, 0xFFFE, 0xFFFF, 0xF7FF, 0xFFFE, 0xFFDE, 0xFFFE,
  0xFFFF, 0x95DB, 0x3CBA, 0x03DB, 0x03B9, 0x0398, 0x0399, 0x03D9, 0x03F9, 0x03D9, 0x75BB, 0xCF1C,
  0xFFBE, 0xFFFE, 0xFFDF, 0xFFFF, 0xFFFE, 0xFFFE, 0xFFDE, 0xF7FF, 0xF7FF, 0xF7FF, 0xFFFF, 0xF7FF,
  0xFFFF, 0x967D, 0x0399, 0x0398, 0x2439, 0x95DB, 0xE79E, 0xFFFF, 0xEFDE, 0xF7DE, 0xFFFF, 0xFFFF,
  0xFFFF, 0xF7FF, 0xFFFF, 0xFFFF, 0xF7FF, 0xFFFF, 0xF7FF, 0xFFFE, 0xFFFF, 0xF7FF, 0xFFFE, 0xF7FF,
  0xF7DF, 0xFFFF, 0xF7FF, 0xF4D3, 0xE800, 0xF000, 0xF945, 0xFFFF, 0xFFFF, 0xFFDF, 0xF7FF, 0xFFFF,
  0xF7FF, 0xF7FF, 0xF7FF, 0xFFFF, 0xFFFF, 0xFFFF, 0xFFFF, 0xFFFF, 0xFFFF, 0xFFFF, 0xE77D, 0xDF1C,
  0xCEFB, 0xD71C, 0xD71C, 0xCEFB, 0xCEFB, 0xDF7D, 0xFFFF, 0xFFFF, 0xFFFF, 0xFFFF, 0xFFFF, 0xF7FF,
  0xF7FF, 0xFFFF, 0xFFFF, 0xFFFF, 0xF7FF, 0xFFFF, 0xF7FF, 0xFFFF, 0xFFDD, 0xFB8E, 0xF001, 0xE800,
  0xF679, 0xF7DE, 0xF7FE, 0xF7DF, 0xFFDF, 0xFFFF, 0xFFFF, 0xFFFF, 0xFFDF, 0xFFFF, 0xFFFF, 0xFFFF,
  0xFFFF, 0xFFFF, 0xFFFF, 0xFFFF, 0xFFFF, 0xFFFF, 0xFFFF, 0xFFFF, 0xFFFF, 0xFFFF, 0xFFFF, 0xFFFF,
  0xFFFF, 0xFFFF, 0xFFFF, 0xFFFF, 0xFFFF, 0xFFFF, 0xFFFF, 0xFFFF, 0xFFFF, 0xFFFF, 0xFFFF, 0xFFFF,
  0xFFFF, 0xFFFF, 0xFFFF, 0xFFFF, 0xFFFF, 0xFFFF, 0xFFFF, 0xFFFF, 0xFFFF, 0xFFFF, 0xFFFF, 0xFFFF,
  0xFFFF, 0xFFFF, 0xFFFF, 0xFFFF, 0xFFFF, 0xFFFF, 0xFFFF, 0xFFFF, 0xFFFF, 0xFFFF, 0xFFFF, 0xFFFF,
  0xFFFF, 0xFFFF, 0xFFFF, 0xFFFF, 0xFFFF, 0xFFFF, 0xFFFF, 0xFFFF, 0xFFFF, 0xFFFF, 0xFFFF, 0xFFFF,
  0xFFFF, 0xFFFF, 0xFFFF, 0xFFFF, 0xFFFF, 0xFFFF, 0xFFFF, 0xFFFF, 0xFFFF, 0xFFFF, 0xFFFF, 0xFFFF,
  0xFFFF, 0xFFFF, 0xFFFF, 0xFFFF, 0xFFFF, 0xFFFF, 0xFFFF, 0xFFFF, 0xFFFF, 0xFFFF, 0xFFFF, 0xFFFF,
  0xFFFF, 0xFFFF, 0xFFFF, 0xFFFF, 0xFFFF, 0xFFFF, 0xFFFF, 0xFFFF, 0xFFFF, 0xFFFF, 0xFFFF, 0xFFFF,
  0xFFFF, 0xFFFF, 0xFFFF, 0xFFFF, 0xFFFF, 0xFFFF, 0xFFFF, 0xFFFF, 0xFFFF, 0xFFFF, 0xFFFF, 0xD6FD,
  0xBE9D, 0xB69C, 0xC69C, 0xBE1D, 0x957C, 0x1479, 0x03F8, 0x03B8, 0x75BB, 0xBEBD, 0xB6BE, 0xAE3D,
  0xB65D, 0xDF1E, 0xEFBE, 0xFFFF, 0xFFFF, 0xFFFE, 0xF7FF, 0xFFFF, 0xFFDF, 0xF7FE, 0xFFFE, 0xFFFE,
  0xFFDF, 0x4CB9, 0x03B9, 0x03DB, 0x143A, 0x2C99, 0x44FA, 0x1C9A, 0x041A, 0x0399, 0x2479, 0x7DBA,
  0xFFFE, 0xFFFF, 0xFFFF, 0xFFFF, 0xFFFF, 0xF7FE, 0xFFFF, 0xFFFE, 0xF7FF, 0xFFFF, 0xF7FF, 0xFFFE,
  0xFFFF, 0x8E5D, 0x033A, 0x0398, 0x2C7A, 0x9DFC, 0xEFBE, 0xFFFF, 0xF7DE, 0xFFFF, 0xFFFE, 0xF7FF,
  0xF7FF, 0xFFFF, 0xFFFF, 0xFFFF, 0xFFDF, 0xF7FE, 0xFFFE, 0xFFFE, 0xFFFF, 0xFFFF, 0xFFFF, 0xF7FF,
  0xFFFF, 0xFFFF, 0xF7FF, 0xF679, 0xF228, 0xF9E7, 0xFC31, 0xF7FF, 0xFFFF, 0xFFFF, 0xF7FF, 0xFFFF,
  0xFFDF, 0xF7DE, 0xF7FE, 0xF7DE, 0xFF9D, 0xFF7D, 0xFF9D, 0xF77C, 0xFF9D, 0xFFBE, 0xF75C, 0xF73D,
  0xF75D, 0xEF5D, 0xEF5C, 0xEF7D, 0xEF5C, 0xF77C, 0xFF9E, 0xFF7D, 0xFF9D, 0xFF7D, 0xFF9D, 0xFF9D,
  0xF7FE, 0xFFDF, 0xFFDF, 0xFFBF, 0xFFFF, 0xF7FF, 0xF7FF, 0xFFFF, 0xFFFF, 0xFD96, 0xF36E, 0xEAAC,
  0xF77D, 0xFFFF, 0xF7FF, 0xF7FF, 0xFFFF, 0xFFFF, 0xFFFF, 0xFFFF, 0xFFDE, 0xFFFF, 0xFFFF, 0xFFDF,
  0xFFFF, 0xFFFF, 0xFFFF, 0xFFFF, 0xFFFF, 0xFFFF, 0xFFFF, 0xFFFF, 0xFFFF, 0xFFFF, 0xFFFF, 0xFFFF,
  0xFFFF, 0xFFFF, 0xFFFF, 0xFFFF, 0xFFFF, 0xFFFF, 0xFFFF, 0xFFFF, 0xFFFF, 0xFFFF, 0xFFFF, 0xFFFF,
  0xFFFF, 0xFFFF, 0xFFFF, 0xFFFF, 0xFFFF, 0xFFFF, 0xFFFF, 0xFFFF, 0xFFFF, 0xFFFF, 0xFFFF, 0xFFFF,
  0xFFFF, 0xFFFF, 0xFFFF, 0xFFFF, 0xFFFF, 0xFFFF, 0xFFFF, 0xFFFF, 0xFFFF, 0xFFFF, 0xFFFF, 0xFFFF,
  0xFFFF, 0xFFFF, 0xFFFF, 0xFFFF, 0xFFFF, 0xFFFF, 0xFFFF, 0xFFFF, 0xFFFF, 0xFFFF, 0xFFFF, 0xFFFF,
  0xFFFF, 0xFFFF, 0xFFFF, 0xFFFF, 0xFFFF, 0xFFFF, 0xFFFF, 0xFFFF, 0xFFFF, 0xFFFF, 0xFFFF, 0xFFFF,
  0xFFFF, 0xFFFF, 0xFFFF, 0xFFFF, 0xFFFF, 0xFFFF, 0xFFFF, 0xFFFF, 0xFFFF, 0xFFFF, 0xFFFF, 0xFFFF,
  0xFFFF, 0xFFFF, 0xFFFF, 0xFFFF, 0xFFFF, 0xFFFF, 0xFFFF, 0xFFFF, 0xFFFF, 0xFFFF, 0xFFFF, 0xFFFF,
  0xFFFF, 0xFFFF, 0xFFFF, 0xFFFF, 0xFFFF, 0xFFFF, 0xFFFF, 0xFFFF, 0xFFFF, 0xFFFF, 0xFFFE, 0xFFFE,
  0xFFFF, 0xFFFF, 0xFFFE, 0xFFFE, 0xD6DE, 0x2CBA, 0x03B8, 0x0378, 0xBEBD, 0xFFFF, 0xFFFE, 0xFFFF,
  0xFFFF, 0xFFFF, 0xFFFF, 0xFFFE, 0xF7FF, 0xFFFF, 0xFFFF, 0xFFDF, 0xFFDF, 0xFFDF, 0xF7FF, 0xEFDE,
  0xD73D, 0x1439, 0x0378, 0x03F9, 0x54FA, 0xA61C, 0xE79C, 0x6D7A, 0x1C59, 0x0439, 0x02F7, 0x1C39,
  0xFFFF, 0xFFFF, 0xF7FF, 0xFFDF, 0xFFDF, 0xF7FF, 0xF7DF, 0xFFFE, 0xFFDD, 0xFFDF, 0xFFFE, 0xFFFD,
  0xFFFF, 0xA65E, 0x037A, 0x03B8, 0x2499, 0xA61C, 0xF79F, 0xFFFF, 0xFFDF, 0xFFFE, 0xFFDE, 0xFFFF,
  0xF7DF, 0xF7FF, 0xFFDF, 0xFFBF, 0xFFDF, 0xFFFD, 0xFFFD, 0xFFFE, 0xFFDF, 0xF7FF, 0xFFFF, 0xFFFF,
  0xFFFF, 0xFFFF, 0xFFFF, 0xFFFF, 0xFFFF, 0xFFFF, 0xFFFF, 0xEFFF, 0xFFFD, 0xFFDD, 0xF7DE, 0xFF3C,
  0xFEDA, 0xF6DA, 0xFEB9, 0xF678, 0xF5F7, 0xF5B6, 0xFDB6, 0xFDB7, 0xF5D7, 0xFDF7, 0xFDD8, 0xFE17,
  0xFE18, 0xFE17, 0xFE18, 0xFE38, 0xFE38, 0xFE17, 0xFD96, 0xF575, 0xFD96, 0xFDB6, 0xFD95, 0xFDD7,
  0xF699, 0xFEBA, 0xFEBB, 0xF6DB, 0xF75C, 0xFF9C, 0xFF7C, 0xFFFF, 0xFFFF, 0xFFFF, 0xF7FF, 0xF7FF,
  0xFFFF, 0xFFFF, 0xFFFF, 0xF7FF, 0xFFFF, 0xF7FF, 0xFFFF, 0xFFFF, 0xFFFF, 0xFFFF, 0xFFFF, 0xF7DE,
  0xFFFF, 0xFFFF, 0xFFFF, 0xFFFF, 0xFFFF, 0xFFFF, 0xFFFF, 0xFFFF, 0xFFFF, 0xFFFF, 0xFFFF, 0xFFFF,
  0xFFFF, 0xFFFF, 0xFFFF, 0xFFFF, 0xFFFF, 0xFFFF, 0xFFFF, 0xFFFF, 0xFFFF, 0xFFFF, 0xFFFF, 0xFFFF,
  0xFFFF, 0xFFFF, 0xFFFF, 0xFFFF, 0xFFFF, 0xFFFF, 0xFFFF, 0xFFFF, 0xFFFF, 0xFFFF, 0xFFFF, 0xFFFF,
  0xFFFF, 0xFFFF, 0xFFFF, 0xFFFF, 0xFFFF, 0xFFFF, 0xFFFF, 0xFFFF, 0xFFFF, 0xFFFF, 0xFFFF, 0xFFFF,
  0xFFFF, 0xFFFF, 0xFFFF, 0xFFFF, 0xFFFF, 0xFFFF, 0xFFFF, 0xFFFF, 0xFFFF, 0xFFFF, 0xFFFF, 0xFFFF,
  0xFFFF, 0xFFFF, 0xFFFF, 0xFFFF, 0xFFFF, 0xFFFF, 0xFFFF, 0xFFFF, 0xFFFF, 0xFFFF, 0xFFFF, 0xFFFF,
  0xFFFF, 0xFFFF, 0xFFFF, 0xFFFF, 0xFFFF, 0xFFFF, 0xFFFF, 0xFFFF, 0xFFFF, 0xFFFF, 0xFFFF, 0xFFFF,
  0xFFFF, 0xFFFF, 0xFFFF, 0xFFFF, 0xFFFF, 0xFFFF, 0xFFFF, 0xFFFF, 0xFFFF, 0xFFFF, 0xFFFF, 0xFFFF,
  0xFFFF, 0xFFFF, 0xFFFF, 0xFFFF, 0xFFFF, 0xFFFF, 0xFFFF, 0xFFFF, 0xFFFF, 0xFFFF, 0xF7FE, 0xFFFF,
  0xFFFE, 0xFFFF, 0xFFFF, 0xEF9D, 0xB65C, 0x0B98, 0x0276, 0x0276, 0x961C, 0xFFFF, 0xFFFF, 0xFFFF,
  0xFFFF, 0xFFFF, 0xFFFF, 0xFFFF, 0xFFFF, 0xFFFF, 0xFFFF, 0xFFFF, 0xFFFF, 0xFFFF, 0xFFFF, 0xE77E,
  0xC69B, 0x1458, 0x0398, 0x03D8, 0xB6DD, 0xFFFF, 0xFFFF, 0xDF3E, 0x8DDC, 0x03F7, 0x0338, 0x1C3B,
  0xFF9D, 0xFFDE, 0xFFFF, 0xF7FF, 0xFFDE, 0xFFFE, 0xFFFF, 0xFFDE, 0xFFFE, 0xF7FE, 0xFFDE, 0xFFFF,
  0xFFFF, 0x9E7E, 0x03BA, 0x03B6, 0x3478, 0xBE1D, 0xFFDE, 0xFFFF, 0xFFFF, 0xFFFF, 0xFFFE, 0xF7FE,
  0xF7FE, 0xF7FF, 0xFFFF, 0xFFFF, 0xFFFF, 0xFFFE, 0xFFFD, 0xF75C, 0xEE7B, 0xEDF8, 0xE576, 0xEC91,
  0xE3AE, 0xDAE9, 0xC8C3, 0xD841, 0xE042, 0xE042, 0xE022, 0xD802, 0xE041, 0xE040, 0xE800, 0xE800,
  0xF000, 0xF000, 0xF000, 0xF800, 0xF000, 0xE800, 0xE000, 0xF000, 0xF800, 0xF800, 0xF000, 0xF000,
  0xF000, 0xF000, 0xF800, 0xF020, 0xF841, 0xF082, 0xF0A3, 0xF0E3, 0xF0E3, 0xF8C3, 0xE8C3, 0xE8C2,
  0xF062, 0xF001, 0xF000, 0xE800, 0xE800, 0xE800, 0xE800, 0xE020, 0xE040, 0xE021, 0xD820, 0xD061,
  0xE023, 0xD906, 0xE26B, 0xE3CF, 0xDCD2, 0xD594, 0xDE17, 0xEEBA, 0xFF1C, 0xFF9E, 0xFFFF, 0xFFFF,
  0xFFFF, 0xFFFF, 0xFFFF, 0xFFFF, 0xFFFF, 0xFFFF, 0xFFFF, 0xFFFF, 0xFFDF, 0xF7DE, 0xFFDF, 0xFFFE,
  0xFFDF, 0xFFFF, 0xFFFF, 0xFFFF, 0xFFFF, 0xFFFF, 0xFFFF, 0xFFFF, 0xFFFF, 0xFFFF, 0xFFFF, 0xFFFF,
  0xFFFF, 0xFFFF, 0xFFFF, 0xFFFF, 0xFFFF, 0xFFFF, 0xFFFF, 0xFFFF, 0xFFFF, 0xFFFF, 0xFFFF, 0xFFFF,
  0xFFFF, 0xFFDF, 0xFFDF, 0xF7DF, 0xFFFF, 0xFFFF, 0xFFFF, 0xFFFF, 0xFFFF, 0xFFFF, 0xFFFF, 0xFFFF,
  0xFFFF, 0xFFFF, 0xFFFF, 0xFFFF, 0xFFFF, 0xFFFF, 0xFFFF, 0xFFFF, 0xFFFF, 0xFFFF, 0xFFFF, 0xFFFF,
  0xFFFF, 0xFFFF, 0xFFFF, 0xFFFF, 0xFFFF, 0xFFFF, 0xFFFF, 0xFFFF, 0xFFFF, 0xFFFF, 0xFFFF, 0xFFFF,
  0xFFFF, 0xFFFF, 0xFFFF, 0xFFFF, 0xFFFF, 0xFFFF, 0xFFFF, 0xFFFF, 0xFFFF, 0xFFFF, 0xFFFF, 0xFFFF,
  0xFFFF, 0xFFFF, 0xFFFF, 0xFFFF, 0xFFFF, 0xFFFF, 0xFFFF, 0xFFFF, 0xFFFF, 0xFFFF, 0xFFFF, 0xFFFF,
  0xFFFF, 0xFFFF, 0xFFFF, 0xFFFF, 0xFFFF, 0xFFFF, 0xFFFF, 0xFFFF, 0xFFFF, 0xFFFF, 0xFFFF, 0xF7FE,
  0xFFDF, 0xFFFF, 0xFFFF, 0xEF9E, 0xCEDD, 0x64DA, 0x3439, 0x3459, 0xB6BE, 0xFFFF, 0xFFFF, 0xFFFF,
  0xFFFF, 0xFFFF, 0xFFFF, 0xFFFF, 0xFFFF, 0xFFFF, 0xFFFF, 0xFFFF, 0xFFFF, 0xFFFF, 0xFFFF, 0xEF9E,
  0xC69D, 0x1C79, 0x0377, 0x03B8, 0xAE9D, 0xFFDE, 0xFFFF, 0xDEDE, 0x859B, 0x03D8, 0x0337, 0x2439,
  0xF79E, 0xFFDF, 0xFFFF, 0xF7FF, 0xFFDE, 0xFFDE, 0xF7FF, 0xFFDF, 0xFFDE, 0xF7FE, 0xFFFF, 0xFFFE,
  0xFFFF, 0x967D, 0x03B9, 0x03D7, 0x3458, 0xA59B, 0xEF9E, 0xFFFF, 0xEFFF, 0xF7DE, 0xF7BE, 0xEFDD,
  0xFFFF, 0xFFFF, 0xFFBE, 0xF75E, 0xEF1C, 0xEF3B, 0xE6B9, 0xE658, 0xDDB7, 0xE535, 0xE4D3, 0xE410,
  0xDB8D, 0xDACA, 0xD124, 0xD8A2, 0xE8A2, 0xE0A3, 0xE0C3, 0xE0E4, 0xE0E4, 0xE103, 0xF0C3, 0xE8E3,
  0xE903, 0xF0E3, 0xF104, 0xF903, 0xF904, 0xF124, 0xE924, 0xF124, 0xF124, 0xF925, 0xF0E3, 0xF104,
  0xF125, 0xF904, 0xF0E4, 0xF082, 0xF800, 0xF000, 0xF000, 0xE000, 0xE800, 0xF800, 0xF000, 0xE800,
  0xF041, 0xF0E3, 0xF124, 0xF124, 0xE8E4, 0xE0E3, 0xE8C3, 0xE8C3, 0xE8E3, 0xE0C3, 0xE0A3, 0xD8A4,
  0xD8C5, 0xD966, 0xDA4A, 0xDB8D, 0xDC30, 0xD4F2, 0xDD55, 0xDDD7, 0xE638, 0xEE9A, 0xEEFB, 0xEF1C,
  0xF79E, 0xF7DF, 0xFFDE, 0xFFFF, 0xFFFF, 0xFFFF, 0xFFFF, 0xFFFF, 0xFFFF, 0xFFDF, 0xF7FF, 0xFFFF,
  0xFFFF, 0xFFFF, 0xFFFF, 0xFFFF, 0xFFFF, 0xFFFF, 0xFFFF, 0xFFFF, 0xFFFF, 0xFFFF, 0xFFFF, 0xFFFF,
  0xFFFF, 0xFFFF, 0xFFFF, 0xFFFF, 0xFFFF, 0xFFFF, 0xFFFF, 0xFFFF, 0xFFFF, 0xFFFF, 0xFFFF, 0xFFFF,
  0xFFFF, 0xF7FF, 0xFFFE, 0xFFDF, 0xFFFF, 0xFFFF, 0xFFDF, 0xFFFF, 0xFFFF, 0xFFFF, 0xFFFE, 0xFFFF,
  0xFFFE, 0xFFFF, 0xFFFF, 0xFFFF, 0xFFFF, 0xFFFF, 0xFFFF, 0xFFFF, 0xFFFF, 0xFFFF, 0xFFFF, 0xFFFF,
  0xFFFF, 0xFFFF, 0xFFFF, 0xFFFF, 0xFFFF, 0xFFFF, 0xFFFF, 0xFFFF, 0xFFFF, 0xFFFF, 0xFFFF, 0xFFFF,
  0xFFFF, 0xFFFF, 0xFFFF, 0xFFFF, 0xFFFF, 0xFFFF, 0xFFFF, 0xFFFF, 0xFFFF, 0xFFFF, 0xFFFF, 0xFFFF,
  0xFFFF, 0xFFFF, 0xFFFF, 0xFFFF, 0xFFFF, 0xFFFF, 0xFFFF, 0xFFFF, 0xFFFF, 0xFFFF, 0xFFFF, 0xFFFF,
  0xFFFF, 0xFFFF, 0xFFFF, 0xFFFF, 0xFFFF, 0xFFFF, 0xFFFF, 0xFFFF, 0xFFFF, 0xFFFF, 0xF7FF, 0xFFFE,
  0xFFFE, 0xFFFF, 0xF7DF, 0xF7DF, 0xFFDF, 0xFFDF, 0xF7FF, 0xE7DF, 0xF7FF, 0xFFFF, 0xFFFF, 0xFFFF,
  0xFFFF, 0xFFFF, 0xFFFF, 0xFFFF, 0xFFFF, 0xFFFF, 0xFFFF, 0xFFFF, 0xFFFF, 0xFFFF, 0xFFFF, 0xF7BF,
  0xD73F, 0x2419, 0x0358, 0x03DB, 0x5C9B, 0xA5DC, 0xEF7E, 0x7D1B, 0x3419, 0x043A, 0x0316, 0x3C17,
  0xFFFF, 0xFFFF, 0xFFDF, 0xFFFF, 0xF7FE, 0xFFDE, 0xFFFF, 0xFFFF, 0xFFDF, 0xFFFE, 0xF7DE, 0xFFFD,
  0xFFFF, 0x9E7E, 0x0399, 0x0418, 0x2459, 0x6CF9, 0xCEFE, 0xEFBF, 0xDF9E, 0xE71D, 0xDEFC, 0xDF5F,
  0xF7DF, 0xFFFE, 0xFF3D, 0xEE59, 0xD576, 0xC513, 0xCD13, 0xCD33, 0xD535, 0xDD55, 0xDD96, 0xE5B7,
  0xE619, 0xF6B9, 0xFF1B, 0xFF3B, 0xFF3B, 0xFF5B, 0xFF7C, 0xFF5D, 0xF75C, 0xF75C, 0xF75D, 0xF79C,
  0xF7BC, 0xFF9C, 0xFF7C, 0xF77C, 0xFF5C, 0xFF7C, 0xFF7C, 0xF73C, 0xF77C, 0xF77C, 0xF75C, 0xFF7D,
  0xF77D, 0xF77E, 0xF6BB, 0xF577, 0xFBAF, 0xF9A7, 0xF000, 0xE000, 0xE000, 0xF821, 0xF800, 0xF105,
  0xEC0E, 0xFE77, 0xFFFD, 0xFFFF, 0xEF9E, 0xEF5E, 0xF75E, 0xFF3D, 0xFF3E, 0xFF7E, 0xF75E, 0xFF3E,
  0xF77B, 0xEEF9, 0xE678, 0xE5D6, 0xE596, 0xED97, 0xE576, 0xDD55, 0xCD14, 0xC534, 0xC535, 0xCD75,
  0xDEBA, 0xEF9D, 0xEF9E, 0xFFFF, 0xFFFF, 0xFFFF, 0xFFFF, 0xFFFF, 0xFFFF, 0xFFFF, 0xFFFF, 0xFFFF,
  0xFFFF, 0xFFFF, 0xFFFF, 0xFFFF, 0xFFFF, 0xFFFF, 0xFFFF, 0xFFFF, 0xFFFF, 0xFFFF, 0xFFFF, 0xFFFF,
  0xFFFF, 0xFFFF, 0xFFFF, 0xFFFF, 0xFFFF, 0xFFFF, 0xFFFF, 0xFFFF, 0xFFFF, 0xFFFF, 0xFFFF, 0xFFFF,
  0xFFFF, 0xFFFE, 0xF7DE, 0xFFFE, 0xFFFE, 0xFFFF, 0xFFFE, 0xFFFF, 0xFFFE, 0xF7DF, 0xFFFE, 0xFFFF,
  0xFFFF, 0xFFFF, 0xFFFF, 0xFFFF, 0xFFFF, 0xFFFF, 0xFFFF, 0xFFFF, 0xFFFF, 0xFFFF, 0xFFFF, 0xFFFF,
  0xFFFF, 0xFFFF, 0xFFFF, 0xFFFF, 0xFFFF, 0xFFFF, 0xFFFF, 0xFFFF, 0xFFFF, 0xFFFF, 0xFFFF, 0xFFFF,
  0xFFFF, 0xFFFF, 0xFFFF, 0xFFFF, 0xFFFF, 0xFFFF, 0xFFFF, 0xFFFF, 0xFFFF, 0xFFFF, 0xFFFF, 0xFFFF,
  0xFFFF, 0xFFFF, 0xFFFF, 0xFFFF, 0xFFFF, 0xFFFF, 0xFFFF, 0xFFFF, 0xFFFF, 0xFFFF, 0xFFFF, 0xFFFF,
  0xFFFF, 0xFFFF, 0xFFFF, 0xFFFF, 0xFFFF, 0xFFFF, 0xFFFF, 0xFFFF, 0xFFFF, 0xFFFF, 0xFFFF, 0xFFDF,
  0xFFFF, 0xFFFF, 0xF7FF, 0xF7FF, 0xFFFE, 0xFFFE, 0xFFFE, 0xFFFE, 0xFFFE, 0xF7FF, 0xFFFF, 0xFFFF,
  0xFFFF, 0xFFFF, 0xFFFF, 0xFFFF, 0xFFFF, 0xFFFF, 0xFFFF, 0xFFFF, 0xFFFF, 0xFFFF, 0xFFBF, 0xFFDF,
  0xF7FF, 0x4C99, 0x0397, 0x03D8, 0x145A, 0x2C9A, 0x3CFA, 0x1C79, 0x0419, 0x03D9, 0x2438, 0x7D7B,
  0xFFFF, 0xFFFF, 0xFFFF, 0xFFFF, 0xFFFE, 0xFFDE, 0xF7FF, 0xFFFF, 0xFFDF, 0xFFFF, 0xFFFE, 0xFFFE,
  0xFFFF, 0x967D, 0x03BA, 0x045B, 0x0C5A, 0x1C3A, 0x3C5A, 0x3C9B, 0x34FA, 0x245A, 0x449A, 0x8D9B,
  0xCF5E, 0xFFFF, 0xFFDD, 0xFF9D, 0xF75D, 0xEF5D, 0xEF5B, 0xF75B, 0xF77C, 0xF77C, 0xEF7D, 0xF79D,
  0xEF9E, 0xF7BE, 0xFFBE, 0xFFDE, 0xFFDE, 0xFFDF, 0xFFDF, 0xFFDF, 0xF7BF, 0xF7DF, 0xFFDE, 0xFFBF,
  0xFFBF, 0xFFDF, 0xF7DE, 0xFFDF, 0xF7BF, 0xFFBF, 0xFFBF, 0xFFBF, 0xFFDF, 0xF7FF, 0xFF9F, 0xFFDE,
  0xFFFF, 0xFFFF, 0xFFFF, 0xFF9F, 0xFF7E, 0xFEFB, 0xFD54, 0xE905, 0xE800, 0xF000, 0xE800, 0xE800,
  0xE020, 0xEA29, 0xF4F3, 0xFFFF, 0xF7FF, 0xF7DF, 0xFFBF, 0xF7BE, 0xF7DE, 0xFFFE, 0xF7DE, 0xFFDF,
  0xF7FE, 0xF7DE, 0xF77D, 0xFF5D, 0xF75D, 0xF75D, 0xF75C, 0xEF7D, 0xEF5C, 0xEF5B, 0xEF5B, 0xF73B,
  0xF7BE, 0xF7FF, 0xFFDF, 0xFFFE, 0xFFDF, 0xFFFF, 0xFFFF, 0xF7DE, 0xFFFF, 0xFFFF, 0xFFFF, 0xFFFF,
  0xFFFF, 0xFFFF, 0xFFFF, 0xFFFF, 0xFFFF, 0xFFFF, 0xFFFF, 0xFFFF, 0xFFFF, 0xFFFF, 0xFFFF, 0xFFFF,
  0xFFFF, 0xFFFF, 0xFFFF, 0xFFFF, 0xFFFF, 0xFFFF, 0xFFFF, 0xFFFF, 0xFFFF, 0xFFFF, 0xFFFF, 0xFFFF,
  0xFFFF, 0xFFFE, 0xF7FE, 0xFFFF, 0xF7FE, 0xF7DE, 0xF7DE, 0xFFFF, 0xFFFF, 0xFFFF, 0xFFFF, 0xFFDF,
  0xF7DF, 0xFFFF, 0xFFFF, 0xFFFF, 0xFFFF, 0xFFFF, 0xFFFF, 0xFFFF, 0xFFFF, 0xFFFF, 0xFFFF, 0xFFFF,
  0xFFFF, 0xFFFF, 0xFFFF, 0xFFFF, 0xFFFF, 0xFFFF, 0xFFFF, 0xFFFF, 0xFFFF, 0xFFFF, 0xFFFF, 0xFFFF,
  0xFFFF, 0xFFFF, 0xFFFF, 0xFFFF, 0xFFFF, 0xFFFF, 0xFFFF, 0xFFFF, 0xFFFF, 0xFFFF, 0xFFFF, 0xFFFF,
  0xFFFF, 0xFFFF, 0xFFFF, 0xFFFF, 0xFFFF, 0xFFFF, 0xFFFF, 0xFFFF, 0xFFFF, 0xFFFF, 0xFFFF, 0xFFFF,
  0xFFFF, 0xFFFF, 0xFFFF, 0xFFFF, 0xFFFF, 0xFFFF, 0xFFFF, 0xFFFF, 0xFFFF, 0xFFFF, 0xFFDF, 0xFFFF,
  0xFFDF, 0xFFDE, 0xFFFF, 0xFFDE, 0xFFFF, 0xF7FE, 0xFFFE, 0xFFFE, 0xFFFE, 0xFFFE, 0xFFFF, 0xFFFF,
  0xFFFF, 0xFFFF, 0xFFFF, 0xFFFF, 0xFFFF, 0xFFFF, 0xFFFF, 0xFFFF, 0xFFFF, 0xFFDF, 0xFFBF, 0xFFDF,
  0xFFFF, 0x9E1B, 0x44F9, 0x0417, 0x03F8, 0x03B8, 0x0398, 0x03B7, 0x03F8, 0x1419, 0x759B, 0xCEFD,
  0xFFFF, 0xFFFF, 0xFFFF, 0xF7FF, 0xFFFE, 0xFFFF, 0xF7FF, 0xFFFF, 0xFFDE, 0xFFFF, 0xFFFF, 0xFFFE,
  0xFFFF, 0x965D, 0x0378, 0x03FA, 0x03FA, 0x03BA, 0x0338, 0x0318, 0x0399, 0x02F8, 0x0378, 0x6499,
  0xC6FD, 0xFFFF, 0xFFFE, 0xFFFF, 0xFFFF, 0xFFFF, 0xFFFF, 0xFFFF, 0xFFFF, 0xFFFF, 0xF7FF, 0xF7FF,
  0xF7FF, 0xF7FF, 0xFFFF, 0xFFFF, 0xF7FF, 0xFFFF, 0xF7FF, 0xFFFF, 0xFFFF, 0xFFFF, 0xFFFF, 0xFFFF,
  0xFFFF, 0xFFFF, 0xFFFF, 0xF7FF, 0xFFFF, 0xF7FF, 0xFFFF, 0xFFFF, 0xFFFF, 0xFFFF, 0xFFFF, 0xFFFF,
  0xFFFF, 0xF7FF, 0xFFFF, 0xFFFF, 0xFFFF, 0xFF9D, 0xF5F6, 0xE925, 0xE000, 0xF000, 0xD800, 0xD800,
  0xE021, 0xEA6A, 0xFD15, 0xFFFF, 0xFFFF, 0xFFFF, 0xFFFF, 0xFFFF, 0xF7FF, 0xF7FE, 0xFFFF, 0xF7FF,
  0xF7FF, 0xFFFF, 0xFFFF, 0xFFFF, 0xFFFF, 0xFFFF, 0xFFFF, 0xFFFF, 0xF7FF, 0xFFFF, 0xFFFF, 0xFFFF,
  0xFFFF, 0xFFFF, 0xFFFF, 0xFFFF, 0xF7FF, 0xFFDF, 0xFFFF, 0xFFFF, 0xFFFF, 0xFFFF, 0xFFFF, 0xFFFF,
  0xFFFF, 0xFFFF, 0xFFFF, 0xFFFF, 0xFFFF, 0xFFFF, 0xFFFF, 0xFFFF, 0xFFFF, 0xFFFF, 0xFFFF, 0xFFFF,
  0xFFFF, 0xFFFF, 0xFFFF, 0xFFFF, 0xFFFF, 0xFFFF, 0xFFFF, 0xFFFF, 0xFFFF, 0xFFFF, 0xFFFF, 0xFFFF,
  0xFFFF, 0xFFFE, 0xFFFF, 0xFFFE, 0xF7FE, 0xFFDE, 0xF7DE, 0xFFFF, 0xFFFF, 0xFFFF, 0xFFDF, 0xFFDF,
  0xFFDF, 0xFFFF, 0xFFFF, 0xFFFF, 0xFFFF, 0xFFFF, 0xFFFF, 0xFFFF, 0xFFFF, 0xFFFF, 0xFFFF, 0xFFFF,
  0xFFFF, 0xFFFF, 0xFFFF, 0xFFFF, 0xFFFF, 0xFFFF, 0xFFFF, 0xFFFF, 0xFFFF, 0xFFFF, 0xFFFF, 0xFFFF,
  0xFFFF, 0xFFFF, 0xFFFF, 0xFFFF, 0xFFFF, 0xFFFF, 0xFFFF, 0xFFFF, 0xFFFF, 0xFFFF, 0xFFFF, 0xFFFF,
  0xFFFF, 0xFFFF, 0xFFFF, 0xFFFF, 0xFFFF, 0xFFFF, 0xFFFF, 0xFFFF, 0xFFFF, 0xFFFF, 0xFFFF, 0xFFFF,
  0xFFFF, 0xFFFF, 0xFFFF, 0xFFFF, 0xFFFF, 0xFFFF, 0xFFFF, 0xFFFF, 0xFFFF, 0xFFFF, 0xFFFF, 0xF7FF,
  0xFFFF, 0xFFDE, 0xFFDE, 0xFFDE, 0xF7FF, 0xEFFF, 0xEFFF, 0xF7FF, 0xF7FF, 0xFFFF, 0xFFFF, 0xFFFF,
  0xFFFF, 0xFFFF, 0xFFFF, 0xFFFF, 0xFFFF, 0xFFFF, 0xFFFF, 0xFFFF, 0xFFFF, 0xFFFF, 0xFFDF, 0xFFDF,
  0xF7FF, 0xFFFE, 0xB6DC, 0x2439, 0x0378, 0x0357, 0x0358, 0x0318, 0x0398, 0x74DA, 0xD73E, 0xFFFF,
  0xFFFF, 0xF7FF, 0xFFFF, 0xFFFE, 0xFFFF, 0xFFFE, 0xF7FF, 0xFFFF, 0xFFDF, 0xFFFF, 0xFFDF, 0xFFDF,
  0xFFFF, 0x8DFC, 0x02B5, 0x0338, 0x0358, 0x0359, 0x037A, 0x039A, 0x03B9, 0x0377, 0x03B8, 0x7C79,
  0xCEDE, 0xFFFF, 0xFFDD, 0xFFDF, 0xFFFF, 0xFFDF, 0xFFDE, 0xFFBE, 0xFFBF, 0xFFDF, 0xF7DF, 0xF7DE,
  0xFFDF, 0xFFDF, 0xFFBF, 0xFFBF, 0xFFFF, 0xF7FF, 0xFFFE, 0xFFFE, 0xFFFE, 0xF7DE, 0xFFBE, 0xFFDF,
  0xFFFF, 0xF7FF, 0xFFFF, 0xFFFF, 0xFFFF, 0xFFFF, 0xFFFF, 0xFFFF, 0xFFFF, 0xFFFF, 0xFFFF, 0xFFFF,
  0xFFFE, 0xF79D, 0xEF1B, 0xEE79, 0xED74, 0xEBAD, 0xE104, 0xD801, 0xE000, 0xD800, 0xD800, 0xD041,
  0xDBAE, 0xEEB8, 0xFFFF, 0xFFFF, 0xFFFF, 0xFFDF, 0xFFFF, 0xFFDF, 0xFFDE, 0xEFFE, 0xF7FF, 0xFFFF,
  0xFFDE, 0xFFDF, 0xFFDF, 0xFFFF, 0xFFDF, 0xFFFF, 0xF7FF, 0xF7FF, 0xF7FF, 0xF7FF, 0xF7FF, 0xF7DF,
  0xFFFF, 0xFFFF, 0xFFFF, 0xFFFF, 0xFFFF, 0xFFFF, 0xFFFF, 0xFFFF, 0xFFFF, 0xFFFF, 0xFFDF, 0xFFFF,
  0xFFFF, 0xFFFF, 0xFFFF, 0xFFFF, 0xFFFF, 0xFFFF, 0xFFFF, 0xFFFF, 0xFFFF, 0xFFFF, 0xFFFF, 0xFFFF,
  0xFFFF, 0xFFFF, 0xFFFF, 0xFFFF, 0xFFFF, 0xFFFF, 0xFFFF, 0xFFFF, 0xFFFF, 0xFFFF, 0xFFFF, 0xFFFF,
  0xFFFF, 0xFFFF, 0xF7FF, 0xFFFF, 0xFFFF, 0xFFDF, 0xF7DF, 0xFFDF, 0xFFFF, 0xFFFF, 0xF7DF, 0xFFDF,
  0xFFFF, 0xFFFF, 0xFFFF, 0xFFFF, 0xFFFF, 0xFFFF, 0xFFFF, 0xFFFF, 0xFFFF, 0xFFFF, 0xFFFF, 0xFFFF,
  0xFFFF, 0xFFFF, 0xFFFF, 0xFFFF, 0xFFFF, 0xFFFF, 0xFFFF, 0xFFFF, 0xFFFF, 0xFFFF, 0xFFFF, 0xFFFF,
  0xFFFF, 0xFFFF, 0xFFFF, 0xFFFF, 0xFFFF, 0xFFFF, 0xFFFF, 0xFFFF, 0xFFFF, 0xFFFF, 0xFFFF, 0xFFFF,
  0xFFFF, 0xFFFF, 0xFFFF, 0xFFFF, 0xFFFF, 0xFFFF, 0xFFFF, 0xFFFF, 0xFFFF, 0xFFFF, 0xFFFF, 0xFFFF,
  0xFFFF, 0xFFFF, 0xFFFF, 0xFFFF, 0xFFFF, 0xFFFF, 0xFFFF, 0xFFFF, 0xFFFF, 0xFFFF, 0xFFFF, 0xF7FF,
  0xFFDE, 0xFFDE, 0xFFFE, 0xFFFE, 0xF7FF, 0xF7DF, 0xF7FF, 0xF7DE, 0xFFFF, 0xFFFF, 0xFFFF, 0xFFFF,
  0xFFFF, 0xFFFF, 0xFFFF, 0xFFFF, 0xFFFF, 0xFFFF, 0xFFFF, 0xFFFF, 0xFFFF, 0xFFFF, 0xF7FE, 0xF7FE,
  0xFFFE, 0xFFFE, 0xEFDE, 0xBEDD, 0x9E3D, 0x8DFD, 0x7DDC, 0x965D, 0xAE9D, 0xDF1E, 0xFFDF, 0xFFFF,
  0xFFFF, 0xF7FF, 0xFFFF, 0xFFFE, 0xFFFE, 0xFFFF, 0xF7DF, 0xF7FF, 0xFFFF, 0xFFDF, 0xFFFF, 0xFFDE,
  0xFFFF, 0xCF1D, 0x7599, 0x85DB, 0x8DFB, 0x8DFC, 0x85DA, 0x85DB, 0x8DDC, 0x85DC, 0x8E1B, 0xB63C,
  0xE77E, 0xFFFF, 0xFFDE, 0xF7FE, 0xF7FF, 0xF7FE, 0xFFDF, 0xFFDE, 0xFFDF, 0xFFFF, 0xFFDF, 0xFFFD,
  0xFFDE, 0xFFFE, 0xFFDE, 0xF7FF, 0xF7FF, 0xFFFF, 0xFFDF, 0xFFDF, 0xF7FF, 0xFFFF, 0xFFFF, 0xFFFF,
  0xFFFF, 0xFFFF, 0xFFFF, 0xFFDE, 0xF73C, 0xF6D9, 0xEE56, 0xED33, 0xE34D, 0xDA09, 0xE249, 0xE24A,
  0xEA08, 0xE1E8, 0xD9E7, 0xD986, 0xD965, 0xD0A2, 0xD800, 0xC800, 0xC821, 0xE30B, 0xE431, 0xEDB7,
  0xF71C, 0xFFDE, 0xFFFF, 0xEFFF, 0xF7FE, 0xF7FF, 0xFFFF, 0xFFFF, 0xF7FF, 0xFFFE, 0xFFFF, 0xFFDF,
  0xFFFE, 0xFFFE, 0xF7FF, 0xFFFE, 0xFFFF, 0xFFFF, 0xFFFF, 0xF7DF, 0xFFDF, 0xF7DF, 0xFFFF, 0xFFDF,
  0xFFDE, 0xF7DF, 0xFFDF, 0xFFFF, 0xFFFF, 0xFFFF, 0xFFFF, 0xFFFF, 0xFFFF, 0xFFFF, 0xFFFF, 0xFFFF,
  0xFFFF, 0xFFFF, 0xFFFF, 0xFFFF, 0xFFFF, 0xFFFF, 0xFFFF, 0xFFFF, 0xFFFF, 0xFFFF, 0xFFFF, 0xFFFF,
  0xFFFF, 0xFFFF, 0xFFFF, 0xFFFF, 0xFFFF, 0xFFFF, 0xFFFF, 0xFFFF, 0xFFFF, 0xFFFF, 0xFFFF, 0xFFFF,
  0xFFFF, 0xFFFF, 0xFFFF, 0xFFFF, 0xFFDF, 0xFFDF, 0xFFDF, 0xFFFF, 0xFFDF, 0xFFDF, 0xFFDE, 0xFFDF,
  0xFFFF, 0xFFFF, 0xFFFF, 0xFFFF, 0xFFFF, 0xFFFF, 0xFFFF, 0xFFFF, 0xFFFF, 0xFFFF, 0xFFFF, 0xFFFF,
  0xFFFF, 0xFFFF, 0xFFFF, 0xFFFF, 0xFFFF, 0xFFFF, 0xFFFF, 0xFFFF, 0xFFFF, 0xFFFF, 0xFFFF, 0xFFFF,
  0xFFFF, 0xFFFF, 0xFFFF, 0xFFFF, 0xFFFF, 0xFFFF, 0xFFFF, 0xFFFF, 0xFFFF, 0xFFFF, 0xFFFF, 0xFFFF,
  0xFFFF, 0xFFFF, 0xFFFF, 0xFFFF, 0xFFFF, 0xFFFF, 0xFFFF, 0xFFFF, 0xFFFF, 0xFFFF, 0xFFFF, 0xFFFF,
  0xFFFF, 0xFFFF, 0xFFFF, 0xFFFF, 0xFFFF, 0xFFFF, 0xFFFF, 0xFFFF, 0xFFFF, 0xFFFF, 0xFFFE, 0xF7FF,
  0xF7FF, 0xFFDE, 0xFFDE, 0xFFFE, 0xF7FF, 0xFFDF, 0xFFDF, 0xFFDE, 0xFFDF, 0xFFFF, 0xFFFF, 0xFFFF,
  0xFFFF, 0xFFFF, 0xFFFF, 0xFFFF, 0xFFFF, 0xFFFF, 0xFFFF, 0xFFFF, 0xFFFF, 0xFFFF, 0xFFFE, 0xFFFE,
  0xFFFD, 0xFFFE, 0xFFFE, 0xFFFF, 0xFFFF, 0xF7BF, 0xEF9E, 0xFFFF, 0xFFFF, 0xFFFF, 0xFFFE, 0xFFDE,
  0xFFFF, 0xF7FF, 0xF7FF, 0xFFFF, 0xFFFF, 0xFFFE, 0xF7DF, 0xFFFF, 0xFFFE, 0xFFFF, 0xFFFF, 0xFFFE,
  0xFFFE, 0xF7DE, 0xE79D, 0xEFBE, 0xF7BE, 0xF79E, 0xEF9D, 0xEF9D, 0xF77E, 0xEF9E, 0xEF9D, 0xE79F,
  0xF7DE, 0xFFFE, 0xFFFE, 0xFFFE, 0xF7FF, 0xEFFF, 0xF7FE, 0xFFFF, 0xFFDF, 0xFFFE, 0xF7FE, 0xFFFD,
  0xFFFD, 0xFFFE, 0xFFFE, 0xF7FF, 0xF7FF, 0xFFDF, 0xFFDF, 0xFFDF, 0xF7FF, 0xFFFF, 0xFFFF, 0xF79D,
  0xF71C, 0xEEDA, 0xEE18, 0xE535, 0xE491, 0xDC0F, 0xD36C, 0xDA07, 0xC800, 0xC000, 0xC800, 0xD000,
  0xD000, 0xD000, 0xC800, 0xC800, 0xC800, 0xC800, 0xD061, 0xC8C3, 0xDAEB, 0xEE37, 0xF7BF, 0xFFFF,
  0xFFFF, 0xFFFF, 0xFFFF, 0xEFFE, 0xF7FF, 0xF7FE, 0xFFFF, 0xF7FE, 0xF7FF, 0xFFDF, 0xFFDF, 0xFFDE,
  0xF7FF, 0xFFDF, 0xFFFE, 0xF7FF, 0xFFFE, 0xFFFF, 0xFFDF, 0xFFFF, 0xFFDF, 0xFFDF, 0xFFDF, 0xFFDF,
  0xF7DE, 0xFFDE, 0xFFDF, 0xFFFF, 0xFFFF, 0xFFFE, 0xFFFF, 0xFFDF, 0xFFFF, 0xFFFF, 0xFFFF, 0xFFFE,
  0xFFFF, 0xFFFF, 0xFFFF, 0xFFFF, 0xFFFF, 0xFFFF, 0xFFFF, 0xFFFF, 0xFFFF, 0xFFFF, 0xFFFF, 0xFFFF,
  0xFFFF, 0xFFFF, 0xFFFF, 0xFFFF, 0xFFFF, 0xFFFF, 0xFFFF, 0xFFFF, 0xFFFF, 0xFFFF, 0xFFFF, 0xFFFF,
  0xFFFF, 0xFFDF, 0xFFDF, 0xFFFF, 0xFFDF, 0xFFDF, 0xFFDF, 0xFFDE, 0xFFFF, 0xFFDF, 0xFFFE, 0xFFDE,
  0xFFFF, 0xFFFF, 0xFFFF, 0xFFFF, 0xFFFF, 0xFFFF, 0xFFFF, 0xFFFF, 0xFFFF, 0xFFFF, 0xFFFF, 0xFFFF,
  0xFFFF, 0xFFFF, 0xFFFF, 0xFFFF, 0xFFFF, 0xFFFF, 0xFFFF, 0xFFFF, 0xFFFF, 0xFFFF, 0xFFFF, 0xFFFF,
  0xFFFF, 0xFFFF, 0xFFFF, 0xFFFF, 0xFFFF, 0xFFFF, 0xFFFF, 0xFFFF, 0xFFFF, 0xFFFF, 0xFFFF, 0xFFFF,
  0xFFFF, 0xFFFF, 0xFFFF, 0xFFFF, 0xFFFF, 0xFFFF, 0xFFFF, 0xFFFF, 0xFFFF, 0xFFFF, 0xFFFF, 0xFFFF,
  0xFFFF, 0xFFFF, 0xFFFF, 0xFFFF, 0xFFFF, 0xFFFF, 0xFFFF, 0xFFFF, 0xFFFF, 0xFFFE, 0xFFDF, 0xF7FF,
  0xFFFE, 0xFFFE, 0xFFDE, 0xFFFF, 0xF7FF, 0xFFFF, 0xFFFF, 0xFFDE, 0xFFFF, 0xFFDF, 0xFFFF, 0xFFFF,
  0xFFFF, 0xFFFF, 0xFFFF, 0xFFFF, 0xFFFF, 0xFFFF, 0xFFFF, 0xFFFF, 0xFFFF, 0xFFFF, 0xFFFF, 0xFFFF,
  0xF7FF, 0xFFDF, 0xFFDF, 0xFFBF, 0xFFDF, 0xFFFF, 0xFFDC, 0xF7FF, 0xF7FF, 0xF7FE, 0xFFBD, 0xFF9D,
  0xFFFF, 0xF7FE, 0xF7DF, 0xFFFF, 0xFFFF, 0xFFFF, 0xF7FF, 0xFFFF, 0xFFFF, 0xFFDF, 0xFFDF, 0xFFFF,
  0xFFDF, 0xFFFF, 0xFFFF, 0xF7FF, 0xFFFF, 0xFFFF, 0xF7FF, 0xFFFF, 0xFFDF, 0xFFFF, 0xFFFE, 0xF7FE,
  0xFFFE, 0xFFFE, 0xFFFF, 0xFFFF, 0xF7FF, 0xFFFF, 0xFFDE, 0xFFDF, 0xFFDF, 0xF7DF, 0xF7FF, 0xFFFE,
  0xFFDE, 0xFFBF, 0xFFDF, 0xFFDF, 0xFFFF, 0xFFDF, 0xF7DF, 0xF7BE, 0xF7FF, 0xFFFF, 0xF75D, 0xE4F1,
  0xCA06, 0xA800, 0xA800, 0xB000, 0xB000, 0xC000, 0xD000, 0xC000, 0xB820, 0xB060, 0xC820, 0xB800,
  0xB800, 0xC800, 0xC821, 0xC841, 0xC800, 0xD104, 0xDC50, 0xFF7B, 0xFFFF, 0xFFFF, 0xFFDD, 0xFFBD,
  0xFFFF, 0xFFDF, 0xFFFF, 0xFFFE, 0xFFDF, 0xFFDE, 0xF7FF, 0xF7DF, 0xFFDF, 0xFF9F, 0xFFDF, 0xFFDF,
  0xFFBE, 0xFFDF, 0xFFDF, 0xFFFF, 0xFFFF, 0xF7FF, 0xF7FE, 0xF7FE, 0xFFFF, 0xFFFF, 0xFFFF, 0xFFDF,
  0xFFFF, 0xFFFF, 0xFFFF, 0xF7DE, 0xF7DF, 0xF7DE, 0xFFDF, 0xFFFF, 0xFFFF, 0xFFFF, 0xFFFF, 0xFFFF,
  0xFFFF, 0xFFFF, 0xFFFF, 0xFFFF, 0xFFFF, 0xFFFF, 0xFFFF, 0xFFFF, 0xFFFF, 0xFFFF, 0xFFFF, 0xFFFF,
  0xFFFF, 0xFFFF, 0xFFFF, 0xFFFF, 0xFFFF, 0xFFFF, 0xFFFF, 0xFFFF, 0xFFFF, 0xFFFF, 0xFFFF, 0xFFFF,
  0xFFFF, 0xFFFE, 0xFFDF, 0xFFFF, 0xFFDE, 0xFFDE, 0xFFFE, 0xF7DE, 0xFFDE, 0xFFFE, 0xFFFE, 0xFFFF,
  0xFFFE, 0xFFFF, 0xFFFF, 0xFFFF, 0xFFFF, 0xFFFF, 0xFFFF, 0xFFFF, 0xFFFF, 0xFFFF, 0xFFFF, 0xFFFF,
  0xFFFF, 0xFFFF, 0xFFFF, 0xFFFF, 0xFFFF, 0xFFFF, 0xFFFF, 0xFFFF, 0xFFFF, 0xFFFF, 0xFFFF, 0xFFFF,
  0xFFFF, 0xFFFF, 0xFFFF, 0xFFFF, 0xFFFF, 0xFFFF, 0xFFFF, 0xFFFF, 0xFFFF, 0xFFFF, 0xFFFF, 0xFFFF,
  0xFFFF, 0xFFFF, 0xFFFF, 0xFFFF, 0xFFFF, 0xFFFF, 0xFFFF, 0xFFFF, 0xFFFF, 0xFFFF, 0xFFFF, 0xFFFF,
  0xFFFF, 0xFFFF, 0xFFFF, 0xFFFF, 0xFFFF, 0xFFFF, 0xFFFF, 0xFFFF, 0xFFFF, 0xFFFF, 0xFFFE, 0xF7FF,
  0xFFFF, 0xFFDE, 0xFFFE, 0xFFFE, 0xFFFF, 0xF7FF, 0xF7FF, 0xF7FF, 0xFFDF, 0xFFFF, 0xFFFF, 0xFFFF,
  0xFFFF, 0xFFFF, 0xFFFF, 0xFFFF, 0xFFFF, 0xFFFF, 0xFFFF, 0xFFFF, 0xFFFF, 0xFFFF, 0xFFFF, 0xF7DF,
  0xFFDE, 0xFFFF, 0xFFDF, 0xFFFE, 0xF7FF, 0xFFFF, 0xFFFE, 0xFFFF, 0xFFFF, 0xFFFF, 0xFFDE, 0xFFDE,
  0xF7DE, 0xFFFF, 0xFFFF, 0xFFFF, 0xFFFF, 0xFFDF, 0xFFFF, 0xF7FF, 0xF7FF, 0xFFDF, 0xFFFF, 0xF7FF,
  0xFFFF, 0xFFDF, 0xFFFE, 0xFFDF, 0xFFFE, 0xFFDF, 0xFFFE, 0xFFFE, 0xFFFF, 0xFFFF, 0xFFFF, 0xFFFF,
  0xFFFE, 0xFFFE, 0xFFDF, 0xFFDF, 0xFFFF, 0xFFFF, 0xFFFF, 0xFFDF, 0xFFFF, 0xFFFF, 0xF7FF, 0xF7FF,
  0xFFDF, 0xFFDE, 0xFFDF, 0xFFFF, 0xF7FF, 0xFFDF, 0xFFDF, 0xFFFE, 0xFF9C, 0xDD54, 0xA987, 0xA904,
  0xA860, 0xA000, 0xA800, 0xB000, 0xA800, 0xB000, 0xB000, 0xB800, 0xB800, 0xB840, 0xC020, 0xB801,
  0xB020, 0xB800, 0xB820, 0xB821, 0xB800, 0xDA6A, 0xFFFF, 0xFFFF, 0xFFFF, 0xF7FF, 0xFFFF, 0xFFDE,
  0xF7FE, 0xFFFF, 0xFFFE, 0xFFFE, 0xF7FE, 0xF7FF, 0xF7FF, 0xFFFF, 0xFFDF, 0xF7DF, 0xFFFF, 0xFFFF,
  0xFFDF, 0xFFDF, 0xFFDF, 0xFFDF, 0xFFFF, 0xFFFE, 0xFFFF, 0xFFFE, 0xF7FF, 0xFFFE, 0xFFFF, 0xFFFF,
  0xFFFF, 0xFFFF, 0xFFFF, 0xFFDF, 0xFFDE, 0xFFFF, 0xFFFF, 0xFFFF, 0xFFFF, 0xFFFF, 0xFFFF, 0xFFFF,
  0xFFFF, 0xFFFF, 0xFFFF, 0xFFFF, 0xFFFF, 0xFFFF, 0xFFFF, 0xFFFF, 0xFFFF, 0xFFFF, 0xFFFF, 0xFFFF,
  0xFFFF, 0xFFFF, 0xFFFF, 0xFFFF, 0xFFFF, 0xFFFF, 0xFFFF, 0xFFFF, 0xFFFF, 0xFFFF, 0xFFFF, 0xFFFF,
  0xFFFF, 0xFFFF, 0xFFFE, 0xFFDE, 0xFFDF, 0xF7FF, 0xFFFF, 0xFFFF, 0xFFFF, 0xFFFF, 0xFFFF, 0xFFFF,
  0xFFFF, 0xFFFF, 0xFFFF, 0xFFFF, 0xFFFF, 0xFFFF, 0xFFFF, 0xFFFF, 0xFFFF, 0xFFFF, 0xFFFF, 0xFFFF,
  0xFFFF, 0xFFFF, 0xFFFF, 0xFFFF, 0xFFFF, 0xFFFF, 0xFFFF, 0xFFFF, 0xFFFF, 0xFFFF, 0xFFFF, 0xFFFF,
  0xFFFF, 0xFFFF, 0xFFFF, 0xFFFF, 0xFFFF, 0xFFFF, 0xFFFF, 0xFFFF, 0xFFFF, 0xFFFF, 0xFFFF, 0xFFFF,
  0xFFFF, 0xFFFF, 0xFFFF, 0xFFFF, 0xFFFF, 0xFFFF, 0xFFFF, 0xFFFF, 0xFFFF, 0xFFFF, 0xFFFF, 0xFFFF,
  0xFFFF, 0xFFFF, 0xFFFF, 0xFFFF, 0xFFFF, 0xFFFF, 0xFFFF, 0xFFFF, 0xFFFF, 0xFFFF, 0xFFFF, 0xFFFF,
  0xF7FF, 0xFFDE, 0xFFDE, 0xFFFE, 0xF7FF, 0xF7FF, 0xEFFF, 0xF7DF, 0xFFFE, 0xFFFF, 0xFFFF, 0xFFFF,
  0xFFFF, 0xFFFF, 0xFFFF, 0xFFFF, 0xFFFF, 0xFFFF, 0xFFFF, 0xFFFF, 0xFFFF, 0xFFFF, 0xFFFF, 0xFFDE,
  0xFFDF, 0xFFFF, 0xF7FF, 0xFFFE, 0xF7DE, 0xF7FF, 0xFFDF, 0xFFDF, 0xFFDE, 0xFFFF, 0xFFFF, 0xF7DE,
  0xFFDE, 0xF7DF, 0xFFFF, 0xFFDF, 0xFFFF, 0xFFDF, 0xFFFE, 0xFFFF, 0xF7FF, 0xFFFF, 0xF7FE, 0xF7FF,
  0xFFDF, 0xFFDF, 0xFFFE, 0xFFDF, 0xFFFE, 0xFFDE, 0xF7FE, 0xFFFF, 0xFFFF, 0xFFFF, 0xF7FF, 0xFFFF,
  0xF7FF, 0xFFDF, 0xF7DF, 0xFFDF, 0xFFDF, 0xFFDF, 0xFFFF, 0xFFDF, 0xFFFF, 0xF7FF, 0xF7FF, 0xF7FF,
  0xF7FF, 0xFFFF, 0xFFDF, 0xFFFF, 0xFFFF, 0xFFFF, 0xFFFF, 0xFFFF, 0xF71A, 0xBB8D, 0x7000, 0x8800,
  0x9000, 0x9800, 0xA000, 0xA000, 0xA800, 0x9800, 0xA000, 0xA800, 0xB000, 0xB000, 0xB800, 0xB000,
  0xA800, 0xA800, 0xA800, 0xB000, 0xB000, 0xCA4A, 0xF7FF, 0xF7FF, 0xFFFF, 0xF7FF, 0xFFFF, 0xFFFF,
  0xF7FE, 0xF7DE, 0xFFFF, 0xFFFE, 0xFFFF, 0xF7FF, 0xFFFF, 0xFFFF, 0xFFFF, 0xF7FF, 0xFFFF, 0xFFDF,
  0xF7FF, 0xFFDF, 0xF7DF, 0xFFFE, 0xFFFF, 0xFFFF, 0xFFFF, 0xFFFE, 0xFFFF, 0xF7FE, 0xFFFF, 0xFFFE,
  0xFFFF, 0xFFFF, 0xFFFF, 0xF7DE, 0xFFFF, 0xFFFF, 0xFFFF, 0xFFFF, 0xFFFF, 0xFFFF, 0xFFFF, 0xFFFF,
  0xFFFF, 0xFFFF, 0xFFFF, 0xFFFF, 0xFFFF, 0xFFFF, 0xFFFF, 0xFFFF, 0xFFFF, 0xFFFF, 0xFFFF, 0xFFFF,
  0xFFFF, 0xFFFF, 0xFFFF, 0xFFFF, 0xFFFF, 0xFFFF, 0xFFFF, 0xFFFF, 0xFFFF, 0xFFFF, 0xFFFF, 0xFFFF,
  0xFFFF, 0xFFFE, 0xFFFF, 0xF7DE, 0xFFFF, 0xFFFF, 0xFFFF, 0xEF7E, 0xEF9E, 0xEFDE, 0xEFBE, 0xEFBF,
  0xEFFF, 0xFFFF, 0xFFFF, 0xFFFF, 0xFFFF, 0xFFFF, 0xFFFF, 0xFFFF, 0xFFFF, 0xFFFF, 0xFFFF, 0xFFFF,
  0xFFFF, 0xFFFF, 0xFFFF, 0xFFFF, 0xFFFF, 0xFFFF, 0xFFFF, 0xFFFF, 0xFFFF, 0xFFFF, 0xFFFF, 0xFFFF,
  0xFFFF, 0xFFFF, 0xFFFF, 0xFFFF, 0xFFFF, 0xFFFF, 0xFFFF, 0xFFFF, 0xFFFF, 0xFFFF, 0xFFFF, 0xFFFF,
  0xFFFF, 0xFFFF, 0xFFFF, 0xFFFF, 0xFFFF, 0xFFFF, 0xFFFF, 0xFFFF, 0xFFFF, 0xFFFF, 0xFFFF, 0xFFFF,
  0xFFFF, 0xFFFF, 0xFFFF, 0xFFFF, 0xFFFF, 0xFFFF, 0xFFFF, 0xFFFF, 0xFFFF, 0xFFFF, 0xFFDF, 0xFFFF,
  0xFFFF, 0xFFFF, 0xFFDE, 0xFFDE, 0xF7DE, 0xFFFE, 0xFFFE, 0xFFFE, 0xFFFF, 0xFFFE, 0xFFFF, 0xFFFF,
  0xFFFF, 0xFFFF, 0xFFFF, 0xFFFF, 0xFFFF, 0xFFFF, 0xFFFF, 0xFFFF, 0xFFFF, 0xFFFF, 0xFFFF, 0xF7FF,
  0xF7FF, 0xFFBE, 0xFFDE, 0xFFFE, 0xF7FF, 0xFFDE, 0xFFBF, 0xF7DD, 0xF7FE, 0xFFFF, 0xFFFF, 0xF7FF,
  0xF7FE, 0xFFFE, 0xFFDF, 0xF7BF, 0xFFDF, 0xFFDF, 0xFFFE, 0xF7FF, 0xF7FF, 0xFFDE, 0xF7DE, 0xEFFE,
  0xFFDD, 0xFFDF, 0xF7FF, 0xFFFF, 0xFFDF, 0xF7FF, 0xFFDF, 0xFFFF, 0xF7FE, 0xFFDF, 0xFFDF, 0xFFDF,
  0xFFDE, 0xFFFE, 0xFFFE, 0xFFFF, 0xFFDF, 0xFFDE, 0xFFDE, 0xFFDE, 0xFFDE, 0xFFDE, 0xFFFE, 0xF7FF,
  0xFFFF, 0xFFFE, 0xFFFE, 0xFFFF, 0xFFFF, 0xFFDF, 0xFFFF, 0xF7FF, 0xD6B8, 0x9B4B, 0x5000, 0x6800,
  0x7800, 0x6800, 0x7000, 0x7800, 0x8000, 0x8800, 0x9000, 0x8800, 0x8800, 0x8800, 0x8800, 0x9000,
  0x9800, 0x8800, 0x8800, 0x8800, 0x8000, 0x8800, 0xA249, 0xCCD2, 0xEEDA, 0xFFBF, 0xFFFF, 0xF7FF,
  0xF7DF, 0xFFFF, 0xFFFF, 0xFFDF, 0xFFDF, 0xFFFE, 0xFFFE, 0xFFFE, 0xFFDE, 0xFFDF, 0xFFDE, 0xF7DF,
  0xFFFF, 0xFFFF, 0xFFFF, 0xF7FF, 0xF7FF, 0xFFFE, 0xFFDF, 0xFFDF, 0xFFDF, 0xFFDF, 0xFFFF, 0xFFFF,
  0xFFFF, 0xFFFF, 0xFFFF, 0xFFFF, 0xFFDF, 0xF7DF, 0xFFDE, 0xF7FF, 0xFFFF, 0xFFFF, 0xFFFF, 0xFFFF,
  0xFFFF, 0xFFFF, 0xFFFF, 0xFFFF, 0xFFFF, 0xFFFF, 0xFFFF, 0xFFFF, 0xFFFF, 0xFFFF, 0xFFFF, 0xFFFF,
  0xFFFF, 0xFFFF, 0xFFFF, 0xFFFF, 0xFFFF, 0xFFFF, 0xFFFF, 0xFFFF, 0xFFFF, 0xFFFF, 0xFFFF, 0xFFFF,
  0xFFFF, 0xFFFF, 0xF7FF, 0xFFFF, 0xF7FF, 0xFFFF, 0xF7FF, 0xB5B7, 0xA516, 0xAD77, 0x94F6, 0xA599,
  0xD71F, 0xF7DF, 0xFFFF, 0xFFFF, 0xFFFF, 0xFFFF, 0xFFFF, 0xFFFF, 0xFFFF, 0xFFFF, 0xFFFF, 0xFFFF,
  0xFFFF, 0xFFFF, 0xFFFF, 0xFFFF, 0xFFFF, 0xFFFF, 0xFFFF, 0xFFFF, 0xFFFF, 0xFFFF, 0xFFFF, 0xFFFF,
  0xFFFF, 0xFFFF, 0xFFFF, 0xFFFF, 0xFFFF, 0xFFFF, 0xFFFF, 0xFFFF, 0xFFFF, 0xFFFF, 0xFFFF, 0xFFFF,
  0xFFFF, 0xFFFF, 0xFFFF, 0xFFFF, 0xFFFF, 0xFFFF, 0xFFFF, 0xFFFF, 0xFFFF, 0xFFFF, 0xFFFF, 0xFFFF,
  0xFFFF, 0xFFFF, 0xFFFF, 0xFFFF, 0xFFFF, 0xFFFF, 0xFFFF, 0xFFFF, 0xFFFF, 0xFFFF, 0xFFFE, 0xFFFF,
  0xFFDF, 0xFFFF, 0xFFFE, 0xF7DE, 0xEFFF, 0xFFDF, 0xFFDF, 0xFFDE, 0xFFFE, 0xFFFE, 0xF7FF, 0xFFFF,
  0xFFFF, 0xFFDF, 0xF7FF, 0xF7FF, 0xFFFF, 0xF7FF, 0xFFFF, 0xFFFE, 0xFFDF, 0xFFDF, 0xFFFF, 0xFFDF,
  0xFFFF, 0xFFBF, 0xFFDF, 0xFFFE, 0xFFFD, 0xF7DE, 0xFFDF, 0xF7FF, 0xFFFE, 0xF7FF, 0xFFDF, 0xFFFF,
  0xFFFE, 0xFFFE, 0xFFFE, 0xFFDF, 0xF7FF, 0xFFFF, 0xF7FF, 0xF7FF, 0xFFFF, 0xFFDE, 0xFFDE, 0xF7DE,
  0xFFDF, 0xFFDE, 0xFFFF, 0xF7FF, 0xF7FF, 0xFFDF, 0xFFFF, 0xFFDF, 0xFFFF, 0xFFFE, 0xFFDF, 0xFFFF,
  0xFFFE, 0xFFFE, 0xFFDF, 0xFFFF, 0xFFFF, 0xF7DE, 0xFFDE, 0xFFDF, 0xFFFF, 0xF7FF, 0xFFFF, 0xFFDE,
  0xFFDF, 0xFFFF, 0xFFFF, 0xFFFE, 0xF7FE, 0xFFFE, 0xFFFE, 0xFFFF, 0xEF7D, 0xDE59, 0xC493, 0xC4D3,
  0xCCF3, 0xD513, 0xCCD3, 0xCCD4, 0xD513, 0xD513, 0xDD13, 0xD4D3, 0xDCD3, 0xD4F4, 0xCCD4, 0xDCD4,
  0xDCD4, 0xCD14, 0xD4F3, 0xD4F3, 0xD4B2, 0xD513, 0xD5D6, 0xE6BA, 0xF75D, 0xFFBF, 0xF7FF, 0xFFFF,
  0xF7FF, 0xFFFF, 0xFFFE, 0xF7FF, 0xFFFF, 0xF7DF, 0xFFFF, 0xFFFF, 0xFFDF, 0xF7FF, 0xFFDE, 0xF7DE,
  0xFFFF, 0xF7FF, 0xF7FF, 0xFFFE, 0xFFFE, 0xF7FF, 0xFFDF, 0xF7DF, 0xFFFF, 0xFFFE, 0xFFFF, 0xF7FF,
  0xF7FF, 0xFFFE, 0xFFFF, 0xFFDF, 0xFFFF, 0xFFFE, 0xFFFE, 0xFFDE, 0xFFFE, 0xF7FF, 0xFFFF, 0xFFDF,
  0xF7FF, 0xFFDF, 0xF7FF, 0xFFFF, 0xFFDF, 0xFFFF, 0xFFFF, 0xFFFF, 0xFFDF, 0xFFFF, 0xF7FF, 0xFFFF,
  0xFFFE, 0xFFFF, 0xFFFF, 0xFFFF, 0xF7DF, 0xFFDE, 0xFFFF, 0xFFFF, 0xFFDF, 0xFFDF, 0xFFFF, 0xF7FF,
  0xF7FE, 0xFFDF, 0xFFFE, 0xFFFF, 0xFFFF, 0xFFFF, 0xFFFF, 0x5435, 0x2312, 0x3BB4, 0x22F2, 0x5C15,
  0xCE9D, 0xFFFD, 0xFFFF, 0xF7FF, 0xFFFF, 0xFFFE, 0xFFFF, 0xFFFE, 0xFFFF, 0xFFFF, 0xFFFF, 0xFFFE,
  0xFFFF, 0xFFFF, 0xFFDE, 0xFFFF, 0xFFFF, 0xFFFF, 0xFFFF, 0xFFFF, 0xFFFF, 0xFFFF, 0xFFFF, 0xFFFF,
  0xFFFF, 0xFFFF, 0xFFFF, 0xFFFF, 0xFFFF, 0xFFFF, 0xFFFF, 0xFFFF, 0xFFFF, 0xFFFF, 0xFFFF, 0xFFFF,
  0xFFFF, 0xFFFF, 0xFFFF, 0xFFFF, 0xFFFF, 0xFFFF, 0xFFFF, 0xFFFF, 0xFFFF, 0xFFFF, 0xFFFF, 0xFFFF,
  0xFFFF, 0xFFFF, 0xFFFF, 0xFFFF, 0xFFFF, 0xFFFF, 0xFFFF, 0xFFFF, 0xFFFF, 0xFFFF, 0xFFFE, 0xFFFF,
  0xFFFF, 0xFFFF, 0xFFFE, 0xFFFF, 0xEFFF, 0xFFFF, 0xFFDF, 0xFFFE, 0xFFFE, 0xFFFE, 0xF7FF, 0xFFFF,
  0xFFFF, 0xFFDF, 0xF7FE, 0xF7FF, 0xF7FF, 0xFFFE, 0xFFFF, 0xFFFD, 0xFFDE, 0xFFBF, 0xFFFE, 0xFFFF,
  0xFFDF, 0xF7DF, 0xFFDE, 0xFFDE, 0xFFFD, 0xFFFE, 0xF7FF, 0xFFFF, 0xF7FF, 0xF7FF, 0xF7DF, 0xFFDE,
  0xF7FE, 0xFFDE, 0xFFFE, 0xFFFF, 0xFFFF, 0xF7FF, 0xEFFF, 0xF7FF, 0xFFFF, 0xFFDD, 0xFFDE, 0xFFDF,
  0xFFDF, 0xFFDF, 0xFFFE, 0xF7FF, 0xF7FF, 0xFFDE, 0xFFDE, 0xFFFF, 0xF7FE, 0xFFFF, 0xFFFF, 0xF7FF,
  0xFFFF, 0xFFFE, 0xFFBF, 0xFFDF, 0xFFFE, 0xF7FF, 0xFFDF, 0xFFBF, 0xFFDF, 0xFFFF, 0xFFFF, 0xFFBE,
  0xF7DF, 0xFFDF, 0xFFFF, 0xFFFE, 0xFFFD, 0xFFFD, 0xFFFE, 0xFFDE, 0xFFFF, 0xFFFF, 0xFFFF, 0xFFFF,
  0xFFFF, 0xFFFF, 0xFFFF, 0xFFFF, 0xFFFF, 0xFFFF, 0xFFFF, 0xFFFF, 0xFFFF, 0xFFFF, 0xFFFF, 0xFFFF,
  0xFFFF, 0xFFFF, 0xFFFF, 0xFFFF, 0xFFFF, 0xFFFF, 0xFFFF, 0xFFFF, 0xFFFF, 0xFFBF, 0xF7FF, 0xF7FE,
  0xFFDF, 0xFFFE, 0xF7FD, 0xF7FF, 0xF7FF, 0xF7FF, 0xFFFF, 0xF7DF, 0xFFDF, 0xFFFF, 0xF7DE, 0xFFDD,
  0xFFFF, 0xFFFF, 0xF7FE, 0xFFFE, 0xFFFE, 0xFFFF, 0xFFBF, 0xF7DF, 0xFFFF, 0xFFFE, 0xF7FE, 0xEFDE,
  0xFFFF, 0xFFFE, 0xFFFF, 0xFFDF, 0xFFDF, 0xFFFE, 0xF7FE, 0xF7FE, 0xFFDE, 0xF7FF, 0xFFFF, 0xFFFF,
  0xFFDF, 0xF7DE, 0xFFDF, 0xFFFF, 0xFFDF, 0xFFFF, 0xFFFF, 0xFFFF, 0xFFDF, 0xFFFF, 0xF7FF, 0xFFFE,
  0xFFFF, 0xFFFE, 0xFFDF, 0xFFDF, 0xFFDF, 0xF7DF, 0xF7DE, 0xFFFF, 0xFFDF, 0xFFDF, 0xF7FF, 0xF7FE,
  0xF7FE, 0xFFBE, 0xFFFE, 0xF7FE, 0xF7FF, 0xFFFF, 0xFFFF, 0x1355, 0x0231, 0x02D2, 0x01F0, 0x3354,
  0xBE5B, 0xF7BD, 0xFFFD, 0xEFFF, 0xFFDE, 0xFFFE, 0xFFFF, 0xF7FE, 0xF7FF, 0xFFFF, 0xFFFE, 0xFFFE,
  0xFFFF, 0xFFDF, 0xF7DE, 0xFFFF, 0xFFFF, 0xFFFF, 0xFFFF, 0xFFFF, 0xFFFF, 0xFFFF, 0xFFFF, 0xFFFF,
  0xFFFF, 0xFFFF, 0xFFFF, 0xFFFF, 0xFFFF, 0xFFFF, 0xFFFF, 0xFFFF, 0xFFFF, 0xFFFF, 0xFFFF, 0xFFFF,
  0xFFFF, 0xFFFF, 0xFFFF, 0xFFFF, 0xFFFF, 0xFFFF, 0xFFFF, 0xFFFF, 0xFFFF, 0xFFFF, 0xFFFF, 0xFFFF,
  0xFFFF, 0xFFFF, 0xFFFF, 0xFFFF, 0xFFFF, 0xFFFF, 0xFFFF, 0xFFFF, 0xFFFF, 0xFFFF, 0xFFFF, 0xFFFF,
  0xFFFF, 0xFFFF, 0xFFFF, 0xFFFF, 0xFFFF, 0xFFFF, 0xFFFF, 0xFFFF, 0xFFFF, 0xFFFF, 0xFFFF, 0xFFFF,
  0xFFFF, 0xFFFF, 0xFFFF, 0xFFFF, 0xFFFF, 0xFFFF, 0xFFFE, 0xFFDD, 0xF7DE, 0xF7FF, 0xF7FE, 0xF7FE,
  0xFFDE, 0xF7FF, 0xF7FF, 0xFFFF, 0xFFFF, 0xFFFF, 0xFFFF, 0xFFFF, 0xFFFE, 0xFFFE, 0xFFFF, 0xFFFF,
  0xF7DD, 0xF7FE, 0xFFFF, 0xFFDF, 0xFFDF, 0xFFBE, 0xFFDE, 0xFFDE, 0xF7FF, 0xF7FF, 0xF7FE, 0xF7FE,
  0xF7FE, 0xFFFE, 0xF7FE, 0xF7FE, 0xF7FF, 0xFFFF, 0xFFFF, 0xF7FF, 0xFFFF, 0xFFFF, 0xFFDE, 0xFFFF,
  0xFFDF, 0xF7DF, 0xF7FF, 0xFFDF, 0xFFDF, 0xFFFF, 0xF7FF, 0xF7FF, 0xF7FF, 0xFFFE, 0xFFFF, 0xF7FE,
  0xFFDE, 0xF7DE, 0xFFFF, 0xFFFF, 0xFFFF, 0xFFFF, 0xFFFF, 0xFFDF, 0xFFFF, 0xFFFF, 0xF7FF, 0xFFFF,
  0xFFDF, 0xF7FE, 0xF7FE, 0xFFFF, 0xF7FF, 0xF7FF, 0xF7FF, 0xFFFF, 0xFFFF, 0xFFFE, 0xFFFF, 0xFFFF,
  0xFFFE, 0xF7FF, 0xF7FF, 0xF7FF, 0xFFFF, 0xFFFF, 0xFFFE, 0xFFFE, 0xFFFE, 0xFFFE, 0xFFDF, 0xFFDF,
  0xFFDE, 0xF7DE, 0xFFDF, 0xF7FF, 0xF7FF, 0xFFFF, 0xFFFF, 0xFFDE, 0xFFDE, 0xFFFE, 0xF7FF, 0xF7FE,
  0xF7FF, 0xFFFF, 0xF7FE, 0xFFFF, 0xFFFE, 0xFFDD, 0xFFFF, 0xFFFF, 0xF7FF, 0xF7FF, 0xFFFE, 0xFFDD,
  0xFFFE, 0xFFFF, 0xFFFF, 0xFFDF, 0xFFDF, 0xF7FF, 0xF7FF, 0xF7FE, 0xFFFF, 0xF7FF, 0xF7FF, 0xF7DE,
  0xFFDD, 0xFFDD, 0xF7FF, 0xF7FF, 0xF7FF, 0xFFFE, 0xFFFF, 0xFFDE, 0xFFFF, 0xFFDF, 0xFFFF, 0xF7FF,
  0xF7DE, 0xFFFE, 0xFFFE, 0xFFFF, 0xFFFF, 0xF7FF, 0xF7FF, 0xF7FF, 0xFFFF, 0xFFFE, 0xFFFE, 0xFFFF,
  0xFFFE, 0xEF5F, 0xDF3F, 0xD73D, 0xDF3D, 0xE75D, 0xD71D, 0x1B95, 0x02F3, 0x0B96, 0x02D3, 0x2BD6,
  0x9E3B, 0xE71D, 0xEF5E, 0xD71E, 0xE6FE, 0xEF3E, 0xFFFF, 0xFFFF, 0xF7DF, 0xFFDF, 0xF7DF, 0xFFFF,
  0xFFDF, 0xFFFF, 0xFFFF, 0xFFFF, 0xFFFF, 0xFFFF, 0xFFFF, 0xFFFF, 0xFFFF, 0xFFFF, 0xFFFF, 0xFFFF,
  0xFFFF, 0xFFFF, 0xFFFF, 0xFFFF, 0xFFFF, 0xFFFF, 0xFFFF, 0xFFFF, 0xFFFF, 0xFFFF, 0xFFFF, 0xFFFF,
  0xFFFF, 0xFFFF, 0xFFFF, 0xFFFF, 0xFFFF, 0xFFFF, 0xFFFF, 0xFFFF, 0xFFFF, 0xFFFF, 0xFFFF, 0xFFFF,
  0xFFFF, 0xFFFF, 0xFFFF, 0xFFFF, 0xFFFF, 0xFFFF, 0xFFFF, 0xFFFF, 0xFFFF, 0xBE9C, 0x64B8, 0x7519,
  0x7539, 0x7539, 0x7519, 0x7518, 0x6D39, 0x7538, 0x7D39, 0x7539, 0x755A, 0x7539, 0x7519, 0x7538,
  0x6D58, 0x7CF9, 0x7519, 0x7518, 0x6CD8, 0x95DA, 0xDF1C, 0xFFDE, 0xFFFF, 0xF7FF, 0xFFDF, 0xFFDF,
  0xFFDF, 0xFFDF, 0xFFDF, 0xFFFF, 0xFFFE, 0xF7FF, 0xFFFF, 0xFFDF, 0xFFFE, 0xFFFE, 0xFFFF, 0xFFDF,
  0xF7FE, 0xFFFF, 0xFFFF, 0xFFFF, 0xFFFE, 0xFFFE, 0xFFFF, 0xFFDF, 0xF7FF, 0xFFFF, 0xF7FF, 0xF7FE,
  0xFFFF, 0xF7FF, 0xFFFF, 0xFFFE, 0xFFDF, 0xFFFE, 0xFFFF, 0xFFFF, 0xF7FF, 0xFFDE, 0xFFDF, 0xF7FF,
  0xF7FF, 0xFFFF, 0xF7FD, 0xF7DE, 0xFFDF, 0xFFDF, 0xFFFF, 0xF7FE, 0xFFFF, 0xFFFF, 0xFFFE, 0xF7FE,
  0xF7FE, 0xFFDE, 0xFFFF, 0xFFFF, 0xFFFF, 0xFFFF, 0xFFFF, 0xFFFF, 0xFFFF, 0xFFFF, 0xFFFF, 0xFFDF,
  0xFFFF, 0xFFFE, 0xFFFE, 0xFFFF, 0xFFFF, 0xFFFF, 0xFFFF, 0xFFFF, 0xFFFE, 0xFFFE, 0xF7FF, 0xFFDE,
  0xFFFE, 0xF7FF, 0xFFFF, 0xF7FF, 0xFFFF, 0xFFFF, 0xFFFE, 0xFFFF, 0xFFFF, 0xFFFF, 0xFFFF, 0xFFFF,
  0xFFFF, 0xFFFF, 0xFFFF, 0xFFFF, 0xFFFF, 0xFFFF, 0xFFFF, 0xFFFF, 0xFFFF, 0xFFFE, 0xFFFF, 0xF7FF,
  0xFFFF, 0xF7DF, 0xFFDF, 0xFFFF, 0xFFFF, 0xFFDE, 0xFFFF, 0xFFFF, 0xFFFF, 0xF7DF, 0xFFFE, 0xFFDE,
  0xFFDE, 0xFFDE, 0xFFFF, 0xFFFF, 0xFFDF, 0xF7FF, 0xF7DF, 0xF7DF, 0xFFDF, 0xFFFF, 0xFFFF, 0xFFBF,
  0xFFFE, 0xFFDE, 0xF7FF, 0xF7FE, 0xFFFF, 0xFFFF, 0xFFFF, 0xF7FF, 0xFFFF, 0xFFFE, 0xFFFF, 0xFFFE,
  0xFFDF, 0xFFFF, 0xFFFF, 0xFFFE, 0xFFFE, 0xFFFE, 0xFFFF, 0xFFFF, 0xFFFF, 0xFFFF, 0xFFFF, 0xFFFF,
  0xF7FF, 0xAE1B, 0x7519, 0x4436, 0x4C97, 0x5C97, 0x5C56, 0x0B54, 0x0333, 0x0B74, 0x0313, 0x1B94,
  0x3C56, 0x5C97, 0x5C97, 0x4C37, 0x84F9, 0xBE1C, 0xFFFF, 0xFFFF, 0xF7FF, 0xFFFF, 0xFFFF, 0xFFFF,
  0xFFFE, 0xFFFF, 0xFFFF, 0xFFFF, 0xFFFF, 0xFFFF, 0xFFFF, 0xFFFF, 0xFFFF, 0xFFFF, 0xFFFF, 0xFFFF,
  0xFFFF, 0xFFFF, 0xFFFF, 0xFFFF, 0xFFFF, 0xFFFF, 0xFFFF, 0xFFFF, 0xFFFF, 0xFFFF, 0xFFFF, 0xFFFF,
  0xFFFF, 0xFFFF, 0xFFFF, 0xFFFF, 0xFFFF, 0xFFFF, 0xFFFF, 0xFFFF, 0xFFFF, 0xFFFF, 0xFFFF, 0xFFFF,
  0xFFFF, 0xFFFF, 0xFFFF, 0xFFFF, 0xFFFF, 0xFFFF, 0xFFFF, 0xFFFF, 0xFFFF, 0x6D18, 0x0150, 0x0212,
  0x0232, 0x01F1, 0x01D1, 0x01F1, 0x0211, 0x01F1, 0x01F1, 0x0232, 0x0233, 0x0213, 0x01F2, 0x0233,
  0x0252, 0x01F2, 0x0212, 0x0212, 0x0151, 0x2B54, 0xB61A, 0xF7FF, 0xFFFF, 0xFFFF, 0xFFDF, 0xFFBF,
  0xFFDF, 0xFFDF, 0xFFDF, 0xFFFE, 0xFFFF, 0xFFFE, 0xFFFF, 0xFFFE, 0xFFFF, 0xFFDE, 0xFFFF, 0xFFDF,
  0xFFFF, 0xFFFE, 0xFFFF, 0xFFFF, 0xFFFF, 0xF7FF, 0xFFFF, 0xFFDE, 0xF7DF, 0xFFFF, 0xF7FF, 0xF7FF,
  0xF7FF, 0xFFFF, 0xF7FF, 0xFFFE, 0xFFFE, 0xFFFE, 0xFFFF, 0xFFFF, 0xFFFF, 0xFFDF, 0xF7BE, 0xEFDF,
  0xF7FF, 0xF7FE, 0xF7FD, 0xF7DF, 0xF7DF, 0xFFFF, 0xFFFE, 0xFFFE, 0xFFDF, 0xFFDF, 0xFFFF, 0xF7FE,
  0xFFFE, 0xFFFE, 0xFFFE, 0xFFFE, 0xF7FF, 0xFFFF, 0xFFFF, 0xFFFF, 0xFFFF, 0xF7FF, 0xF7FF, 0xF7FF,
  0xFFDF, 0xFFFE, 0xFFFF, 0xFFFF, 0xFFDE, 0xFFFE, 0xFFFE, 0xF7DF, 0xF7FE, 0xFFFD, 0xFFFF, 0xFFFF,
  0xFFDE, 0xFFFF, 0xF7FF, 0xFFFF, 0xFFDF, 0xFFDF, 0xFFDF, 0xFFDF, 0xFFDF, 0xFFFF, 0xFFFF, 0xFFDF,
  0xFFFF, 0xFFFF, 0xFFFF, 0xFFFF, 0xFFFF, 0xFFFF, 0xFFFF, 0xFFFF, 0xFFFF, 0xFFDE, 0xF7DF, 0xF7DF,
  0xFFFE, 0xFFDF, 0xF7DF, 0xFFFF, 0xFFFF, 0xFFDF, 0xFFFF, 0xFFFE, 0xFFDF, 0xFFDF, 0xFFDF, 0xFFDE,
  0xF7DE, 0xF7DE, 0xFFFF, 0xFFDF, 0xFFDF, 0xF7FF, 0xFFDE, 0xFFDE, 0xFFBF, 0xFFDF, 0xFFDF, 0xFFDF,
  0xFFDF, 0xFFFF, 0xFFFE, 0xF7FF, 0xFFFE, 0xF7BF, 0xF7BF, 0xF7DF, 0xF7FE, 0xFFFE, 0xFFFE, 0xFFBF,
  0xFFDF, 0xFFFF, 0xFFFE, 0xFFFE, 0xFFDD, 0xFFFE, 0xFFFF, 0xFFFF, 0xFFFF, 0xFFFF, 0xFFFE, 0xFFFF,
  0xF7BF, 0x7CF8, 0x1B33, 0x01D0, 0x0252, 0x0272, 0x0272, 0x0314, 0x1354, 0x1372, 0x1354, 0x0313,
  0x02B3, 0x0292, 0x0252, 0x01D0, 0x3B95, 0x9D5A, 0xFFFE, 0xFFFE, 0xFFFE, 0xFFFF, 0xFFDF, 0xFFDF,
  0xFFBE, 0xFFFE, 0xFFFF, 0xFFFF, 0xFFFF, 0xFFFF, 0xFFFF, 0xFFFF, 0xFFFF, 0xFFFF, 0xFFFF, 0xFFFF,
  0xFFFF, 0xFFFF, 0xFFFF, 0xFFFF, 0xFFFF, 0xFFFF, 0xFFFF, 0xFFFF, 0xFFFF, 0xFFFF, 0xFFFF, 0xFFFF,
  0xFFFF, 0xFFFF, 0xFFFF, 0xFFFF, 0xFFFF, 0xFFFF, 0xFFFF, 0xFFFF, 0xFFFF, 0xFFFF, 0xFFFF, 0xFFFF,
  0xFFFF, 0xFFFF, 0xFFFF, 0xFFFF, 0xFFFF, 0xFFFF, 0xFFFF, 0xFFFF, 0xFFFF, 0x859B, 0x0294, 0x0354,
  0x0B74, 0x0B55, 0x0B75, 0x1354, 0x1352, 0x1354, 0x1374, 0x0B73, 0x0B54, 0x1334, 0x1374, 0x1375,
  0x1374, 0x1374, 0x1394, 0x0B55, 0x02B3, 0x5436, 0xD63A, 0xFFFF, 0xFFFF, 0xFFFF, 0xF7FC, 0xEFDD,
  0xEFDF, 0xF7BD, 0xFFBE, 0xFFDE, 0xFFFF, 0xFFFF, 0xFFDF, 0xFFFF, 0xFFFF, 0xFFFD, 0xFFDF, 0xFFFF,
  0xFFBE, 0xFFBE, 0xF79E, 0xF7DE, 0xEF9E, 0xEF9D, 0xFFFD, 0xFFFE, 0xFFFF, 0xFFDF, 0xFFFE, 0xFFDE,
  0xFFDF, 0xFFFF, 0xFFFF, 0xFFFF, 0xF7FF, 0xF7DF, 0xFFDE, 0xFFFD, 0xFFFF, 0xFFFF, 0xFFFF, 0xFFFF,
  0xFFDF, 0xFFBF, 0xFFDE, 0xFFFE, 0xFFFE, 0xFFFE, 0xFFDE, 0xF7BD, 0xF7FE, 0xF7DE, 0xEF9D, 0xEFFF,
  0xF7FF, 0xFFFF, 0xFFBE, 0xEFBE, 0xE77E, 0xFFBE, 0xFFBE, 0xF79E, 0xFF9D, 0xFF9D, 0xF79D, 0xFFDD,
  0xF7DE, 0xFF9E, 0xFF9E, 0xFFBF, 0xF79F, 0xF7DE, 0xF7DE, 0xDF9F, 0xF7BE, 0xFFDE, 0xFFFF, 0xFFFE,
  0xEF9C, 0xEFBE, 0xF7BE, 0xF7BD, 0xF7FE, 0xFFFD, 0xF7DD, 0xF7DF, 0xF7DF, 0xF7BE, 0xF7BE, 0xF7BE,
  0xF7BE, 0xF79E, 0xF79E, 0xFF9D, 0xF79E, 0xF79E, 0xFFDE, 0xFFFF, 0xF7FF, 0xFFFF, 0xFFFF, 0xF7FF,
  0xFFFE, 0xF7DE, 0xFFDF, 0xFFFF, 0xFFFF, 0xEF7C, 0xF7DE, 0xFFBE, 0xF7BD, 0xFFFF, 0xFFFF, 0xEFDF,
  0xF7FF, 0xFFFF, 0xFFFF, 0xFFFF, 0xFFFF, 0xFFFE, 0xFFFE, 0xFFFD, 0xFFDE, 0xF7DD, 0xEFDD, 0xF7FE,
  0xF7DF, 0xEF9F, 0xFFFF, 0xFFFF, 0xFFFF, 0xE79E, 0xEFDE, 0xFFFF, 0xFFDF, 0xFF9E, 0xFFBF, 0xF7BF,
  0xFFBF, 0xFFDF, 0xF7BE, 0xFFBD, 0xFFDD, 0xFFBF, 0xFFBF, 0xF7BF, 0xF7BF, 0xEFDF, 0xF79E, 0xFFFF,
  0xFFDF, 0x9558, 0x3BF4, 0x02B1, 0x0B53, 0x1354, 0x1354, 0x0B74, 0x0B75, 0x0B74, 0x0B54, 0x0B75,
  0x0B75, 0x0B94, 0x0373, 0x02D2, 0x5456, 0xA5BA, 0xFFFE, 0xFFFE, 0xF79E, 0xD71E, 0xDF5F, 0xE77F,
  0xDF1D, 0xEF9D, 0xFFDF, 0xFFFF, 0xFFFF, 0xFFFF, 0xFFFF, 0xFFFF, 0xFFFF, 0xFFFF, 0xFFFF, 0xFFFF,
  0xFFFF, 0xFFFF, 0xFFFF, 0xFFFF, 0xFFFF, 0xFFFF, 0xFFFF, 0xFFFF, 0xFFFF, 0xFFFF, 0xFFFF, 0xFFFF,
  0xFFFF, 0xFFFF, 0xFFFF, 0xFFFF, 0xFFFF, 0xFFFF, 0xFFFF, 0xFFFF, 0xFFFF, 0xFFFF, 0xFFFF, 0xFFFF,
  0xFFFF, 0xFFFF, 0xFFFF, 0xFFFF, 0xFFFF, 0xFFFF, 0xFFFF, 0xFFFF, 0xFFFF, 0x7D9A, 0x0233, 0x02F3,
  0x0333, 0x0333, 0x1374, 0x1374, 0x0B54, 0x1394, 0x0B94, 0x13B3, 0x1373, 0x1354, 0x0B74, 0x0B75,
  0x0B75, 0x0352, 0x0334, 0x02F3, 0x0211, 0x4BD6, 0xCE3B, 0xFFFF, 0xF7BE, 0xC67B, 0x7538, 0x64B6,
  0x6CB8, 0xBE5B, 0xEF5D, 0xFFFF, 0xF7FF, 0xFFFF, 0xFFDF, 0xFFDF, 0xFFDF, 0xF7FE, 0xFFFF, 0xFFDE,
  0xE73D, 0x9599, 0x6476, 0x7519, 0x6497, 0x74D7, 0xF7FE, 0xFFFF, 0xFFDF, 0xFFFE, 0xFFFF, 0xFFFF,
  0xFFBE, 0xDEDD, 0xA5DA, 0x7D59, 0x7539, 0x7CF8, 0x7518, 0x8538, 0x95FA, 0xDEFD, 0xFFBE, 0xFFFF,
  0xFFFF, 0xFFDF, 0xFFDF, 0xFFFE, 0xF7FF, 0xFFFF, 0xA5FA, 0x6436, 0x7538, 0x6CB7, 0x6C97, 0xD6FD,
  0xFFDF, 0xFFFF, 0xDF1D, 0xADFB, 0x6478, 0x7CD8, 0x7CF8, 0x7519, 0x7518, 0x7518, 0x7518, 0x7538,
  0x7538, 0x7519, 0x74F8, 0x7518, 0x6D19, 0x7518, 0x6CD8, 0x5C98, 0xA5DA, 0xDF1D, 0xFFFF, 0xDF3D,
  0xA5FA, 0x6CF7, 0x6CF8, 0x7D39, 0x7539, 0x7537, 0x7516, 0x7539, 0x6D3A, 0x74F8, 0x7517, 0x7517,
  0x7538, 0x7539, 0x7518, 0x7518, 0x6C96, 0x7CF7, 0xDF1C, 0xF7DE, 0xFFFF, 0xFFDF, 0xFFFF, 0xFFFF,
  0xFFFE, 0xFFFF, 0xFFFF, 0xE73E, 0xAE1A, 0x6497, 0x7518, 0x6CF7, 0x74D7, 0xB63B, 0xEF7E, 0xFFFF,
  0xFFFF, 0xFFFF, 0xFFFE, 0xFFDF, 0xFFDE, 0xFFFF, 0xFFFF, 0xF7FE, 0xCE9B, 0x8D79, 0x6496, 0x7538,
  0x74F8, 0x8539, 0xFFFF, 0xFFFF, 0xDF5D, 0x74D8, 0x6C98, 0x7D39, 0x7538, 0x7538, 0x7518, 0x7519,
  0x7519, 0x74F8, 0x7519, 0x7538, 0x7D38, 0x7519, 0x751A, 0x7D19, 0x64D8, 0x7518, 0xAE1A, 0xF75E,
  0xFFDF, 0x8D16, 0x3BD3, 0x02F2, 0x0375, 0x0B74, 0x1B74, 0x1375, 0x1374, 0x0B74, 0x1374, 0x1354,
  0x1B74, 0x0B93, 0x0354, 0x02F4, 0x4C15, 0xA598, 0xFFFF, 0xFFFF, 0xD71C, 0x5C16, 0x6478, 0x6CD9,
  0x53F6, 0xADFA, 0xFFFF, 0xFFFF, 0xFFFF, 0xFFFF, 0xFFFF, 0xFFFF, 0xFFFF, 0xFFFF, 0xFFFF, 0xFFFF,
  0xFFFF, 0xFFFF, 0xFFFF, 0xFFFF, 0xFFFF, 0xFFFF, 0xFFFF, 0xFFFF, 0xFFFF, 0xFFFF, 0xFFFF, 0xFFFF,
  0xFFFF, 0xFFFF, 0xFFFF, 0xFFFF, 0xFFFF, 0xFFFF, 0xFFFF, 0xFFFF, 0xFFFF, 0xFFFF, 0xFFFF, 0xFFFF,
  0xFFFF, 0xFFFF, 0xFFFF, 0xFFFF, 0xFFFF, 0xFFFF, 0xFFFF, 0xFFFF, 0xFFFF, 0x8579, 0x0232, 0x02F3,
  0x0B13, 0x0B53, 0x0B74, 0x0B76, 0x1375, 0x03B5, 0x0B94, 0x1374, 0x1374, 0x1374, 0x1374, 0x0B74,
  0x0375, 0x0B33, 0x0333, 0x02F4, 0x0230, 0x4BF5, 0xC63C, 0xFFFF, 0xBE7B, 0x53B5, 0x0232, 0x0130,
  0x0150, 0x74B8, 0xD6DD, 0xFFFF, 0xF7FF, 0xF7FE, 0xFFFE, 0xF7DF, 0xF7FF, 0xF7DF, 0xFFFF, 0xF7BD,
  0xBE9B, 0x2B34, 0x00EF, 0x0272, 0x0130, 0x01B1, 0xE7BF, 0xFFFF, 0xFFDF, 0xFFFE, 0xFFFF, 0xEFFF,
  0xCEBC, 0x7CB7, 0x0AB2, 0x0232, 0x0212, 0x01F1, 0x01F1, 0x0233, 0x02D4, 0x7CF8, 0xD6BB, 0xFFFE,
  0xFFFF, 0xFFFF, 0xFFFF, 0xF7FF, 0xF7FE, 0xFFFF, 0x43D6, 0x00CE, 0x0252, 0x0190, 0x010F, 0xB5B9,
  0xFF7E, 0xFFFF, 0xC65B, 0x5C37, 0x0151, 0x01F2, 0x0213, 0x0233, 0x0211, 0x0231, 0x0252, 0x0232,
  0x0232, 0x0232, 0x0232, 0x0232, 0x0253, 0x0211, 0x01D1, 0x0130, 0x43B6, 0xADFA, 0xFFFE, 0xCE9B,
  0x5416, 0x01F1, 0x01F1, 0x0274, 0x0212, 0x0211, 0x024F, 0x0253, 0x0253, 0x01F2, 0x0210, 0x0230,
  0x0252, 0x0251, 0x0252, 0x0252, 0x014F, 0x020F, 0xBE39, 0xF79D, 0xFFFF, 0xFFDE, 0xFFDF, 0xFFDF,
  0xFFFE, 0xFFFF, 0xFFFF, 0x9DB9, 0x33B5, 0x01B1, 0x0251, 0x01F0, 0x0190, 0x3BD5, 0xAE3A, 0xFFFF,
  0xFFFF, 0xF7FE, 0xFFFE, 0xFFDE, 0xFFDF, 0xF7FF, 0xFFFF, 0xEFBF, 0x8D3A, 0x1AF3, 0x014F, 0x01F2,
  0x01D0, 0x02B2, 0xF7BE, 0xFFFF, 0xC69B, 0x01D1, 0x0110, 0x0232, 0x0270, 0x0270, 0x0252, 0x0232,
  0x01F2, 0x01D1, 0x0232, 0x0253, 0x0232, 0x0232, 0x0233, 0x0232, 0x01B0, 0x0210, 0x6CB6, 0xCEBC,
  0xFFDF, 0x9D97, 0x4414, 0x0313, 0x0375, 0x0B96, 0x1B74, 0x0B74, 0x1354, 0x1374, 0x1354, 0x1B74,
  0x1B52, 0x0B53, 0x0334, 0x02F4, 0x5C55, 0xADF8, 0xFFFF, 0xFFFF, 0xAE7A, 0x00ED, 0x0190, 0x0232,
  0x006E, 0x6456, 0xFFFF, 0xFFFF, 0xFFFF, 0xFFFF, 0xFFFF, 0xFFFF, 0xFFFF, 0xFFFF, 0xFFFF, 0xFFFF,
  0xFFFF, 0xFFFF, 0xFFFF, 0xFFFF, 0xFFFF, 0xFFFF, 0xFFFF, 0xFFFF, 0xFFFF, 0xFFFF, 0xFFFF, 0xFFFF,
  0xFFFF, 0xFFFF, 0xFFFF, 0xFFFF, 0xFFFF, 0xFFFF, 0xFFFF, 0xFFFF, 0xFFFF, 0xFFFF, 0xFFFF, 0xFFFF,
  0xFFFF, 0xFFFF, 0xFFFF, 0xFFFF, 0xFFFF, 0xFFFF, 0xFFFF, 0xFFFF, 0xFFFF, 0xC69C, 0x7CF7, 0x9578,
  0x9597, 0x7D37, 0x1B74, 0x02F3, 0x2374, 0x1373, 0x1373, 0x0B76, 0x1B74, 0x1B73, 0x1354, 0x0334,
  0x13B5, 0x74F8, 0x8D99, 0x95B9, 0x8CF6, 0xA5B9, 0xD6FC, 0xFFFF, 0x8D79, 0x020F, 0x0374, 0x0333,
  0x0292, 0x8D79, 0xDF3D, 0xFFFF, 0xF7FF, 0xFFDF, 0xFFDF, 0xFFFF, 0xFFFF, 0xF7DF, 0xFFFF, 0xFFDE,
  0xCEDB, 0x43D6, 0x0234, 0x0394, 0x0253, 0x0274, 0xFFFE, 0xFFFF, 0xFFBE, 0xFFFF, 0xE77E, 0xAE1A,
  0x2334, 0x0293, 0x0316, 0x0B73, 0x1373, 0x1352, 0x0B74, 0x0353, 0x02F3, 0x0294, 0x3355, 0xA59A,
  0xEF5E, 0xFFFF, 0xFFDF, 0xFFFE, 0xFFFE, 0xFFFF, 0x5C98, 0x0232, 0x0B54, 0x02D4, 0x0295, 0xB61C,
  0xFFBF, 0xFFFF, 0xC6BA, 0x64F6, 0x02F3, 0x0373, 0x0393, 0x0373, 0x0B52, 0x0B33, 0x0B34, 0x0B33,
  0x1333, 0x1375, 0x1393, 0x1353, 0x0B53, 0x1B34, 0x1B33, 0x0272, 0x4C57, 0xB63B, 0xFFFF, 0xD6FC,
  0x7495, 0x0333, 0x0335, 0x0B56, 0x1356, 0x1B34, 0x1B50, 0x0B74, 0x0374, 0x1354, 0x0394, 0x0394,
  0x0354, 0x0B53, 0x0B54, 0x0355, 0x02B3, 0x0B34, 0xC679, 0xF7BE, 0xFFFF, 0xF7FF, 0xFFDF, 0xFFDE,
  0xFFFF, 0xFFFF, 0xEF9E, 0x3312, 0x0270, 0x0B33, 0x0B35, 0x0B55, 0x0334, 0x0231, 0x5436, 0xFFFF,
  0xFFFF, 0xF7FF, 0xFFFE, 0xFFFE, 0xFFFE, 0xFFFE, 0xFFFE, 0xF7DD, 0x9DDA, 0x33F5, 0x02D2, 0x0374,
  0x02F3, 0x0BB4, 0xF7DE, 0xFFFF, 0xC6FD, 0x1315, 0x0274, 0x1335, 0x1354, 0x1355, 0x0B76, 0x13B3,
  0x13B2, 0x1355, 0x1355, 0x0B54, 0x1352, 0x1354, 0x1375, 0x1353, 0x02B2, 0x0B13, 0x7D78, 0xD71C,
  0xFFFF, 0xFFFF, 0x7D99, 0x0270, 0x1394, 0x1374, 0x0B14, 0x02D4, 0x0293, 0x0272, 0x02D3, 0x0314,
  0x0373, 0x0373, 0x0333, 0x02D4, 0xA65C, 0xFFFF, 0xFFFF, 0xFFFF, 0xC69A, 0x0231, 0x02D3, 0x0B54,
  0x0230, 0x6CF7, 0xFFBE, 0xFFFF, 0xFFFF, 0xFFFF, 0xFFFF, 0xFFFF, 0xFFFF, 0xFFFF, 0xFFFF, 0xFFFF,
  0xFFFF, 0xFFFF, 0xFFFF, 0xFFFF, 0xFFFF, 0xFFFF, 0xFFFF, 0xFFFF, 0xFFFF, 0xFFFF, 0xFFFF, 0xFFFF,
  0xFFFF, 0xFFFF, 0xFFFF, 0xFFFF, 0xFFFF, 0xFFFF, 0xFFFF, 0xFFFF, 0xFFFF, 0xFFFF, 0xFFFF, 0xFFFF,
  0xFFFF, 0xFFFF, 0xFFFF, 0xFFFF, 0xFFFF, 0xFFFF, 0xFFFF, 0xFFFF, 0xFFFF, 0xE77D, 0xCEBC, 0xE75C,
  0xCE9B, 0x8D59, 0x1B74, 0x02D3, 0x1B74, 0x1354, 0x0B54, 0x0314, 0x0B34, 0x0B54, 0x1354, 0x0333,
  0x13B4, 0x6C98, 0xAE5C, 0xE79E, 0xD6DB, 0xDEFC, 0xEF7E, 0xFFFF, 0x7D58, 0x01AF, 0x0B95, 0x0374,
  0x02D3, 0x9599, 0xE73C, 0xFFFF, 0xF7FF, 0xF7DF, 0xFFFE, 0xFFFF, 0xF7FF, 0xF7FF, 0xFFFF, 0xF7DE,
  0xD6DC, 0x4C17, 0x0253, 0x0BD4, 0x0293, 0x0AB5, 0xF7FE, 0xFFFF, 0xFFDF, 0xFFFF, 0xAE3B, 0x4BF6,
  0x0AB4, 0x02B4, 0x0355, 0x0373, 0x0B72, 0x0353, 0x0373, 0x0374, 0x0B53, 0x02B3, 0x02D4, 0x4BB4,
  0xB65B, 0xFFFF, 0xFFFF, 0xFFFF, 0xFFFF, 0xFFFF, 0x64D9, 0x0252, 0x1373, 0x02F4, 0x02D6, 0xBE5C,
  0xFFBF, 0xFFFF, 0xC6B9, 0x64B6, 0x0252, 0x02D2, 0x0354, 0x03B5, 0x0B74, 0x0B73, 0x0B54, 0x0B54,
  0x0314, 0x02F3, 0x0312, 0x0312, 0x1354, 0x2374, 0x1B54, 0x02D2, 0x5477, 0xB65B, 0xFFFF, 0xD6BC,
  0x6456, 0x02D2, 0x02B2, 0x0B14, 0x1356, 0x1374, 0x1B71, 0x0BB4, 0x0375, 0x0AF3, 0x0313, 0x0313,
  0x0313, 0x1353, 0x1354, 0x0B95, 0x02D3, 0x1354, 0xCEBB, 0xF7BE, 0xFFFF, 0xFFFF, 0xFFFF, 0xFFDE,
  0xFFFF, 0xE79E, 0x9DD9, 0x0AD2, 0x0292, 0x1394, 0x1375, 0x1375, 0x1395, 0x0272, 0x2B95, 0xA63B,
  0xE7BE, 0xFFFF, 0xFFFE, 0xFFDF, 0xFFDE, 0xF7FF, 0xFFFE, 0xF7BE, 0xA5D9, 0x3C15, 0x02D3, 0x0375,
  0x0334, 0x03D5, 0xFFDE, 0xFFFF, 0xC6FD, 0x0A73, 0x01F1, 0x02B4, 0x02D2, 0x02F3, 0x02F4, 0x0331,
  0x0331, 0x02D4, 0x02F4, 0x02F2, 0x0AF1, 0x0B74, 0x0B95, 0x1373, 0x0333, 0x1375, 0x8558, 0xCF1C,
  0xFFFF, 0xFFFF, 0x8579, 0x0230, 0x0B74, 0x0B75, 0x0AF4, 0x2393, 0x4435, 0x54B8, 0x3C15, 0x1BB4,
  0x0354, 0x0B74, 0x0334, 0x0292, 0xA67B, 0xFFFF, 0xFFFF, 0xFFFF, 0xC69B, 0x0272, 0x0313, 0x03B5,
  0x0250, 0x74F7, 0xFFDD, 0xFFFF, 0xFFFF, 0xFFFF, 0xFFFF, 0xFFFF, 0xFFFF, 0xFFFF, 0xFFFF, 0xFFFF,
  0xFFFF, 0xFFFF, 0xFFFF, 0xFFFF, 0xFFFF, 0xFFFF, 0xFFFF, 0xFFFF, 0xFFFF, 0xFFFF, 0xFFFF, 0xFFFF,
  0xFFFF, 0xFFFF, 0xFFFF, 0xFFFF, 0xFFFF, 0xFFFF, 0xFFFF, 0xFFFF, 0xFFFF, 0xFFFF, 0xFFFF, 0xFFFF,
  0xFFFF, 0xFFFF, 0xFFFF, 0xFFFF, 0xFFFF, 0xFFFF, 0xFFFF, 0xFFFF, 0xFFFF, 0xFFFF, 0xFFFF, 0xFFFF,
  0xD71D, 0x64B9, 0x1375, 0x0334, 0x1355, 0x0B34, 0x0B34, 0x0313, 0x0335, 0x0336, 0x0B33, 0x0334,
  0x1374, 0x3375, 0xBE7C, 0xFFFF, 0xFFFF, 0xFFFF, 0xFFFF, 0xFFFF, 0x8558, 0x01F1, 0x0B74, 0x0B15,
  0x02B4, 0x9D78, 0xEF3C, 0xFFFE, 0xF7FE, 0xFFFE, 0xFFDE, 0xFFFF, 0xFFFF, 0xF7FF, 0xFFFF, 0xF7DF,
  0xD6DC, 0x4C16, 0x0252, 0x0BB4, 0x0292, 0x02B4, 0xF7FE, 0xFFFF, 0xFFFF, 0xEF7E, 0x5C98, 0x01D1,
  0x0B36, 0x1B75, 0x0B73, 0x0352, 0x0332, 0x0333, 0x0333, 0x0B93, 0x1BB4, 0x1394, 0x0313, 0x0250,
  0x6CB8, 0xDF1E, 0xFFFF, 0xFFFE, 0xFFFF, 0xFFFF, 0x64B8, 0x0252, 0x1353, 0x02D3, 0x02D5, 0xBE9C,
  0xFFDE, 0xFFDF, 0xCE7A, 0x6C56, 0x01B2, 0x0A31, 0x12B4, 0x0377, 0x0375, 0x0B74, 0x0353, 0x0335,
  0x02F4, 0x0272, 0x0291, 0x02F1, 0x0335, 0x1374, 0x1373, 0x02D2, 0x5496, 0xBE5A, 0xFFFF, 0xC69D,
  0x5BF7, 0x0251, 0x0250, 0x0AF1, 0x0355, 0x0354, 0x0B51, 0x0375, 0x0355, 0x0AB3, 0x0293, 0x0293,
  0x12D1, 0x0AF2, 0x0B33, 0x1BB4, 0x02B2, 0x1334, 0xCEBB, 0xF7DE, 0xFFFF, 0xFFFF, 0xFFFE, 0xFFFE,
  0xFFFF, 0xB63B, 0x3393, 0x0334, 0x0375, 0x1B95, 0x1373, 0x1374, 0x1376, 0x0354, 0x0B33, 0x2B94,
  0xBEFD, 0xFFFF, 0xFFFE, 0xFFDE, 0xFFDF, 0xF7FF, 0xFFFF, 0xFFDE, 0xADBA, 0x3BD5, 0x02B3, 0x0375,
  0x0333, 0x03F5, 0xFFFE, 0xFFFF, 0xCEBB, 0x0A11, 0x018F, 0x0272, 0x0290, 0x0271, 0x0273, 0x02B2,
  0x0291, 0x0252, 0x0272, 0x0292, 0x12AF, 0x0334, 0x0375, 0x0B74, 0x0334, 0x1374, 0x8557, 0xD6FC,
  0xFFFF, 0xF73D, 0x6CB7, 0x0210, 0x0BB6, 0x0355, 0x02F4, 0x7CF7, 0xD6DB, 0xFFFF, 0xC67A, 0x64B6,
  0x0313, 0x1356, 0x1314, 0x0291, 0x8DB9, 0xE7BD, 0xFFFF, 0xFFFF, 0xB6DC, 0x0291, 0x0354, 0x0BB5,
  0x01F1, 0x6CB7, 0xFFDE, 0xFFFF, 0xFFFF, 0xFFFF, 0xFFFF, 0xFFFF, 0xFFFF, 0xFFFF, 0xFFFF, 0xFFFF,
  0xFFFF, 0xFFFF, 0xFFFF, 0xFFFF, 0xFFFF, 0xFFFF, 0xFFFF, 0xFFFF, 0xFFFF, 0xFFFF, 0xFFFF, 0xFFFF,
  0xFFFF, 0xFFFF, 0xFFFF, 0xFFFF, 0xFFFF, 0xFFFF, 0xFFFF, 0xFFFF, 0xFFFF, 0xFFFF, 0xFFFF, 0xFFFF,
  0xFFFF, 0xFFFF, 0xFFFF, 0xFFFF, 0xFFFF, 0xFFFF, 0xFFFF, 0xFFFF, 0xFFFF, 0xFFFF, 0xFFFF, 0xFFDE,
  0x9579, 0x0293, 0x0312, 0x0B53, 0x0354, 0x0291, 0x23D4, 0xEF7D, 0x3457, 0x02D4, 0x0353, 0x0B74,
  0x1334, 0x0293, 0x8516, 0xF75B, 0xFFFF, 0xFFFF, 0xFFDF, 0xFFFF, 0x7D59, 0x0192, 0x0B74, 0x0354,
  0x0293, 0x9598, 0xE73C, 0xFFFF, 0xF7FF, 0xF7FF, 0xFFDE, 0xFFDF, 0xFFDF, 0xFFFE, 0xFFFE, 0xF7DD,
  0xCEDB, 0x4416, 0x0253, 0x0B94, 0x0272, 0x12B3, 0xFFFE, 0xFFFF, 0xF7FF, 0x8D57, 0x2BB3, 0x02D1,
  0x0B75, 0x0375, 0x02F4, 0x1332, 0x5416, 0xA5BA, 0x5436, 0x1B34, 0x0313, 0x0353, 0x0353, 0x02F4,
  0x2B74, 0x84F8, 0xFFFF, 0xFFFE, 0xFFFD, 0xFFFE, 0x64B8, 0x0232, 0x0354, 0x02F3, 0x02B1, 0xBE5A,
  0xF7BE, 0xFFFF, 0xF7BD, 0xDF3D, 0xAE5E, 0xCE7B, 0x8538, 0x0291, 0x0375, 0x0375, 0x0312, 0x64B7,
  0xB63B, 0xD6DD, 0xCF1D, 0x85FA, 0x0313, 0x0335, 0x0B56, 0x0293, 0x6455, 0xCE19, 0xFFFF, 0xFFDF,
  0xDEFD, 0xC6BC, 0xB67B, 0x85B9, 0x1374, 0x0314, 0x0B94, 0x02D3, 0x3BF5, 0xAE1B, 0xCEBD, 0xBEDD,
  0x961D, 0x3BF4, 0x02B1, 0x1375, 0x02D3, 0x0B54, 0xCE9B, 0xFFBE, 0xFFFF, 0xFFFE, 0xFFFF, 0xF7FF,
  0xFF5E, 0x7D17, 0x0270, 0x0334, 0x0354, 0x0B33, 0x0355, 0x0355, 0x0B95, 0x1B74, 0x1313, 0x0293,
  0xA5B9, 0xFFDD, 0xFFFF, 0xFFFF, 0xFFFF, 0xF7FF, 0xFFFF, 0xFFDF, 0x9DBA, 0x3BF5, 0x02D3, 0x0354,
  0x0313, 0x0395, 0xFFBF, 0xFFFF, 0xFF9D, 0xB67C, 0xB67C, 0xC6FB, 0xC6FC, 0xCEBD, 0xCE7E, 0xCE9D,
  0xC6BB, 0xCE9B, 0xCEDC, 0xCEFC, 0xC6DC, 0x3436, 0x02D3, 0x0375, 0x02D5, 0x1315, 0x8D37, 0xDF1D,
  0xFFFF, 0xCEDD, 0x5497, 0x0250, 0x1373, 0x0313, 0x02D5, 0xCEFD, 0xFFFF, 0xFFFE, 0xFFFF, 0xB65B,
  0x0252, 0x0B15, 0x0B34, 0x0291, 0x7D17, 0xD69B, 0xFFFF, 0xFFFF, 0xCEDD, 0x0271, 0x0314, 0x0B75,
  0x01D0, 0x74F7, 0xFFFF, 0xFFFF, 0xFFFF, 0xFFFF, 0xFFFF, 0xFFFF, 0xFFFF, 0xFFFF, 0xFFFF, 0xFFFF,
  0xFFFF, 0xFFFF, 0xFFFF, 0xFFFF, 0xFFFF, 0xFFFF, 0xFFFF, 0xFFFF, 0xFFFF, 0xFFFF, 0xFFFF, 0xFFFF,
  0xFFFF, 0xFFFF, 0xFFFF, 0xFFFF, 0xFFFF, 0xFFFF, 0xFFFF, 0xFFFF, 0xFFFF, 0xFFFF, 0xFFFF, 0xFFFF,
  0xFFFF, 0xFFFF, 0xFFFF, 0xFFFF, 0xFFFF, 0xFFFF, 0xFFFF, 0xFFFF, 0xFFFF, 0xFFFF, 0xFFFF, 0x9DDA,
  0x33F5, 0x0273, 0x0352, 0x0B52, 0x02D4, 0x2394, 0x8578, 0xFFFF, 0x95FA, 0x2C16, 0x02F3, 0x0B34,
  0x0B54, 0x02B3, 0x2B94, 0x8D37, 0xFFFF, 0xFFFF, 0xFFFF, 0xFFFF, 0x853A, 0x01B1, 0x0B74, 0x0352,
  0x02B2, 0x9598, 0xE73D, 0xFFFF, 0xF7FF, 0xF7DF, 0xFFDF, 0xFFDE, 0xF7DE, 0xFFFF, 0xFFFE, 0xF7DE,
  0xCEBB, 0x4C16, 0x0253, 0x13B4, 0x0292, 0x12D3, 0xFFFE, 0xFFFF, 0xF7DF, 0x43B5, 0x02F1, 0x0372,
  0x0B74, 0x0334, 0x02D4, 0x7538, 0xBE7B, 0xEF7F, 0xC67B, 0x7518, 0x02D2, 0x0B33, 0x0B54, 0x0374,
  0x02B3, 0x4BF6, 0xFFFF, 0xFFFF, 0xFFFE, 0xFFFF, 0x6498, 0x0232, 0x0354, 0x02F3, 0x02B1, 0xB67A,
  0xF7BE, 0xFFFF, 0xFFFE, 0xFFFF, 0xF7FF, 0xFFFF, 0xAE5B, 0x0251, 0x0334, 0x0354, 0x02B1, 0x8538,
  0xEF5D, 0xFFFF, 0xFFFF, 0xD73D, 0x0B33, 0x0334, 0x0355, 0x0293, 0x5C76, 0xC61A, 0xFFFF, 0xFFFF,
  0xFFDE, 0xFFFF, 0xFFDF, 0xD6FC, 0x1355, 0x02D3, 0x0B95, 0x0272, 0x4415, 0xE75D, 0xFFFF, 0xFFFF,
  0xE7DF, 0x43F6, 0x0210, 0x1394, 0x02D3, 0x1334, 0xC6BB, 0xF7BE, 0xFFFF, 0xFFDF, 0xFFFF, 0xF7FF,
  0x8559, 0x2BD5, 0x02B2, 0x0373, 0x0374, 0x0312, 0x2BD6, 0x23B5, 0x0333, 0x1373, 0x0B33, 0x02B2,
  0x43F5, 0xA5D9, 0xFFFF, 0xFFFF, 0xFFFF, 0xF7DF, 0xFFFF, 0xF7DF, 0xADD9, 0x3BF6, 0x02D3, 0x0374,
  0x0312, 0x0B93, 0xFFBF, 0xFFFF, 0xFFDE, 0xF7FF, 0xFFFF, 0xFFFF, 0xFFFF, 0xFFFF, 0xFFDF, 0xFFFF,
  0xFFFE, 0xFFFE, 0xFFFF, 0xFFFF, 0xFFFF, 0x5CB8, 0x02D3, 0x0375, 0x02F3, 0x0B14, 0x8D37, 0xDF1C,
  0xFFFF, 0xCE9C, 0x5C97, 0x0271, 0x1373, 0x0313, 0x02D4, 0xDF5D, 0xFFFF, 0xFFFF, 0xFFFF, 0xBE9C,
  0x0232, 0x0B14, 0x0355, 0x02F2, 0x7516, 0xCE9A, 0xFFFF, 0xFFFF, 0xCEBD, 0x0232, 0x02F4, 0x0396,
  0x01F1, 0x74D7, 0xFFDE, 0xFFFF, 0xFFFF, 0xFFFF, 0xFFFF, 0xFFFF, 0xFFFF, 0xFFFF, 0xFFFF, 0xFFFF,
  0xFFFF, 0xFFFF, 0xFFFF, 0xFFFF, 0xFFFF, 0xFFFF, 0xFFFF, 0xFFFF, 0xFFFF, 0xFFFF, 0xFFFF, 0xFFFF,
  0xFFFF, 0xFFFF, 0xFFFF, 0xFFFF, 0xFFFF, 0xFFFF, 0xFFFF, 0xFFFF, 0xFFFF, 0xFFFF, 0xFFFF, 0xFFFF,
  0xFFFF, 0xFFFF, 0xFFFF, 0xFFFF, 0xFFFF, 0xFFFF, 0xFFFF, 0xFFFF, 0xFFFF, 0xFFFF, 0xFFFF, 0x13B5,
  0x0273, 0x0336, 0x0373, 0x0332, 0x0294, 0x959A, 0xE75D, 0xFFFE, 0xF79D, 0xADFA, 0x0292, 0x02F3,
  0x0B73, 0x0314, 0x0273, 0x1335, 0xF75F, 0xFFFF, 0xFFFD, 0xFFFF, 0x8559, 0x01D1, 0x0373, 0x0332,
  0x02B1, 0x8D78, 0xDF3C, 0xFFFE, 0xF7FF, 0xF7DF, 0xFF9F, 0xF7DE, 0xF7FE, 0xFFFF, 0xFFFF, 0xF7BF,
  0xCEBB, 0x4C36, 0x0273, 0x13B4, 0x02B1, 0x0AD2, 0xE7FE, 0xFFFF, 0xFFBF, 0x0A93, 0x0273, 0x13B5,
  0x1353, 0x02F2, 0x02F2, 0xE7FF, 0xFFFF, 0xFFFF, 0xFFFF, 0xE75D, 0x0B13, 0x0B13, 0x0354, 0x0394,
  0x0272, 0x23B6, 0xFFFF, 0xFFFF, 0xFFFF, 0xFFFF, 0x64B7, 0x0231, 0x0B53, 0x02D3, 0x02B4, 0xBE5A,
  0xF7BE, 0xFFFF, 0xFFFF, 0xFFFF, 0xFFFF, 0xFFFF, 0xBEDC, 0x0233, 0x0AF4, 0x0AF3, 0x0292, 0x7D57,
  0xE73D, 0xFFDF, 0xFFFF, 0xEF9E, 0x2353, 0x0333, 0x0374, 0x0293, 0x5C97, 0xB65B, 0xFFDE, 0xFFFF,
  0xEFFE, 0xFFFF, 0xFFFF, 0xF75E, 0x12F5, 0x0273, 0x1BB5, 0x0251, 0x4415, 0xEF9D, 0xFFFE, 0xFFFF,
  0xFFFF, 0x4BD8, 0x01B2, 0x13B2, 0x02B3, 0x1335, 0xBEBC, 0xEFBE, 0xFFFF, 0xFFBF, 0xFFFF, 0xE7BE,
  0x02F5, 0x02D4, 0x0394, 0x0394, 0x0353, 0x0312, 0x74F7, 0x5456, 0x0291, 0x0313, 0x0354, 0x0333,
  0x0250, 0x23B5, 0xFFFF, 0xFFFF, 0xFFFE, 0xFFDF, 0xFFFF, 0xF7FF, 0xAE19, 0x3C36, 0x02B4, 0x0373,
  0x0332, 0x13F3, 0xFFFD, 0xFFFE, 0xF7FE, 0xFFFF, 0xFFFF, 0xFFFF, 0xFFFF, 0xFFFE, 0xFFFE, 0xFFFE,
  0xFFFE, 0xFFFF, 0xFFFF, 0xFFFF, 0xFFFF, 0x74F8, 0x1314, 0x0393, 0x0312, 0x0B33, 0x8537, 0xDF1C,
  0xFFFF, 0xD6DD, 0x64B7, 0x0291, 0x1373, 0x0333, 0x0313, 0xBE9A, 0xFFFF, 0xFFFF, 0xFFFE, 0x9DD9,
  0x0293, 0x0B54, 0x0B74, 0x0314, 0x7D78, 0xD6FB, 0xFFFF, 0xFFFE, 0xC69B, 0x0214, 0x02F5, 0x0375,
  0x0212, 0x6CD7, 0xFFBE, 0xFFFF, 0xFFFF, 0xFFFF, 0xFFFF, 0xFFFF, 0xFFFF, 0xFFFF, 0xFFFF, 0xFFFF,
  0xFFFF, 0xFFFF, 0xFFFF, 0xFFFF, 0xFFFF, 0xFFFF, 0xFFFF, 0xFFFF, 0xFFFF, 0xFFFF, 0xFFFF, 0xFFFF,
  0xFFFF, 0xFFFF, 0xFFFF, 0xFFFF, 0xFFFF, 0xFFFF, 0xFFFF, 0xFFFF, 0xFFFF, 0xFFFF, 0xFFFF, 0xFFFF,
  0xFFFF, 0xFFFF, 0xFFFF, 0xFFFF, 0xFFFF, 0xFFFF, 0xFFFF, 0xFFFF, 0xFFFF, 0xEF7E, 0xBE3A, 0x1B53,
  0x02D1, 0x1355, 0x0374, 0x0314, 0x1AB3, 0xC6BC, 0xFFFF, 0xFFFF, 0xFFFF, 0xDF1C, 0x4B72, 0x1335,
  0x0335, 0x1374, 0x02D3, 0x0B13, 0x8539, 0xD71C, 0xFFFF, 0xFFFF, 0x7D79, 0x0212, 0x0374, 0x0333,
  0x02D3, 0x959A, 0xE73D, 0xFFFF, 0xFFFF, 0xFFDE, 0xFFBF, 0xFFDE, 0xF7DF, 0xFFDF, 0xFFFF, 0xF7DE,
  0xCEBB, 0x4C17, 0x0273, 0x0395, 0x0292, 0x0AD2, 0xF7FF, 0xFFFF, 0xFF9F, 0x0AB3, 0x0252, 0x1394,
  0x0394, 0x0333, 0x0B34, 0xF7BE, 0xFFFF, 0xFFFF, 0xFFFF, 0xEF5D, 0x4BF5, 0x1335, 0x0313, 0x1393,
  0x0271, 0x2B95, 0xFFBF, 0xFFFE, 0xFFFF, 0xFFFF, 0x64B8, 0x0212, 0x0B75, 0x0314, 0x02B4, 0xBE7A,
  0xF7BD, 0xFFFF, 0xFFFF, 0xFFFE, 0xFFFE, 0xFFFF, 0xB6BB, 0x0253, 0x0334, 0x0314, 0x0292, 0x7D57,
  0xE75C, 0xFFFF, 0xFFFF, 0xE79E, 0x0B32, 0x0354, 0x0374, 0x0292, 0x5C77, 0xBE3A, 0xFFFF, 0xFFFF,
  0xFFFE, 0xF7BF, 0xFFFF, 0xEF7D, 0x1314, 0x0292, 0x1BB4, 0x0232, 0x43D5, 0xF7BE, 0xFFFF, 0xFFFF,
  0xFFFE, 0x43F6, 0x01F3, 0x13B4, 0x02D3, 0x1B35, 0xCEBA, 0xF7BD, 0xFFFF, 0xFFFF, 0xE75D, 0x9DDA,
  0x02F3, 0x02D3, 0x1353, 0x0354, 0x0B34, 0x3374, 0xE75E, 0xBE9C, 0x3B34, 0x0B36, 0x0335, 0x1352,
  0x02F3, 0x1BB5, 0xB639, 0xF7BD, 0xFFFF, 0xFFFF, 0xFFFE, 0xFFDD, 0xA5FA, 0x33D6, 0x0294, 0x0B74,
  0x0333, 0x03B5, 0xF7FE, 0xFFFF, 0xF7FF, 0xF7DF, 0xFFDF, 0xFFFF, 0xFFDF, 0xFFDF, 0xFFFF, 0xFFFF,
  0xFFFF, 0xFFDE, 0xF7FF, 0xF7FF, 0xFFFF, 0x74D8, 0x0B13, 0x0373, 0x02F3, 0x0B15, 0x8D1A, 0xD6FD,
  0xFFFF, 0xFFFE, 0x6CD8, 0x0192, 0x0374, 0x0354, 0x0AF4, 0x1BB4, 0x5C96, 0x9D7A, 0x4455, 0x1393,
  0x02F4, 0x1396, 0x0315, 0x01D0, 0x9DBA, 0xFFDF, 0xFFFF, 0xFFFE, 0xBEBA, 0x0253, 0x0313, 0x0B74,
  0x0210, 0x6CD7, 0xFFBE, 0xFFFF, 0xFFFF, 0xFFFF, 0xFFFF, 0xFFFF, 0xFFFF, 0xFFFF, 0xFFFF, 0xFFFF,
  0xFFFF, 0xFFFF, 0xFFFF, 0xFFFF, 0xFFFF, 0xFFFF, 0xFFFF, 0xFFFF, 0xFFFF, 0xFFFF, 0xFFFF, 0xFFFF,
  0xFFFF, 0xFFFF, 0xFFFF, 0xFFFF, 0xFFFF, 0xFFFF, 0xFFFF, 0xFFFF, 0xFFFF, 0xFFFF, 0xFFFF, 0xFFFF,
  0xFFFF, 0xFFFF, 0xFFFF, 0xFFFF, 0xFFFF, 0xFFFF, 0xFFFF, 0xFFFF, 0xFFFF, 0xB63B, 0x4BF5, 0x1312,
  0x0333, 0x1B94, 0x02B3, 0x1354, 0x7CD8, 0xEF9E, 0xFFFF, 0xFFFE, 0xFFFF, 0xFFDE, 0xAD98, 0x2BB5,
  0x02B4, 0x0B54, 0x0333, 0x0B33, 0x1B34, 0x85B9, 0xF7FF, 0xFFFF, 0x8D59, 0x01F1, 0x0354, 0x0334,
  0x02D3, 0x8DBB, 0xE75E, 0xFFFF, 0xFFFF, 0xFFFF, 0xFFDE, 0xFFFF, 0xFFFE, 0xFFFE, 0xFFFE, 0xF7BE,
  0xCEBB, 0x4437, 0x0275, 0x0B96, 0x0292, 0x12D3, 0xFFDF, 0xFFFF, 0xF79E, 0x0B13, 0x0291, 0x0B72,
  0x0395, 0x0355, 0x0AF4, 0xD6FD, 0xFFFF, 0xFFFF, 0xFFFF, 0xC6BB, 0x3B74, 0x0B54, 0x0334, 0x0B53,
  0x0271, 0x23B5, 0xFFDF, 0xFFFE, 0xFFFE, 0xFFFF, 0x5CB7, 0x0231, 0x0B96, 0x02F4, 0x02D3, 0xBE5A,
  0xF7BD, 0xFFFF, 0xFFFF, 0xFFFE, 0xFFFE, 0xFFFF, 0xB69B, 0x0252, 0x0B14, 0x0334, 0x0293, 0x7D37,
  0xE73C, 0xFFFF, 0xFFFF, 0xE77E, 0x0B33, 0x0354, 0x0354, 0x0273, 0x5C57, 0xBE3A, 0xFFFF, 0xFFFF,
  0xFFFE, 0xFFDF, 0xFFFF, 0xEF9D, 0x1314, 0x0272, 0x13B4, 0x0232, 0x3BF6, 0xEFBF, 0xF7DF, 0xFFFF,
  0xFFFE, 0x4C16, 0x01F1, 0x13B5, 0x02D3, 0x1334, 0xC6BA, 0xFFBD, 0xFFFF, 0xFFFF, 0xADDB, 0x33B5,
  0x0312, 0x0B33, 0x1B54, 0x0294, 0x2B95, 0x9D79, 0xFFFF, 0xFFBE, 0x8D58, 0x1356, 0x02B4, 0x1374,
  0x0334, 0x0B55, 0x4BD5, 0xCEDC, 0xFFFF, 0xFFFF, 0xFFFE, 0xF7DD, 0xA5DA, 0x33D5, 0x02B3, 0x0B54,
  0x0314, 0x0B95, 0xF7DF, 0xFFFF, 0xF7FF, 0xFFDF, 0xFFFF, 0xFFFF, 0xFFFF, 0xFFFF, 0xFFFF, 0xFFFF,
  0xFFFF, 0xFFFE, 0xF7FE, 0xFFFF, 0xFFFF, 0x7D17, 0x0B33, 0x0375, 0x02F4, 0x0B14, 0x94FA, 0xDEDC,
  0xFFFE, 0xFFFF, 0x9DBA, 0x0A93, 0x0334, 0x0354, 0x1335, 0x02B3, 0x0313, 0x3BD5, 0x02F2, 0x02D2,
  0x0B54, 0x0B35, 0x0B13, 0x12D1, 0xBE7C, 0xFFFF, 0xFFFF, 0xFFFF, 0xBEDB, 0x0273, 0x0313, 0x1352,
  0x01F0, 0x6D17, 0xFFDE, 0xFFFF, 0xFFFF, 0xFFFF, 0xFFFF, 0xFFFF, 0xFFFF, 0xFFFF, 0xFFFF, 0xFFFF,
  0xFFFF, 0xFFFF, 0xFFFF, 0xFFFF, 0xFFFF, 0xFFFF, 0xFFFF, 0xFFFF, 0xFFFF, 0xFFFF, 0xFFFF, 0xFFFF,
  0xFFFF, 0xFFFF, 0xFFFF, 0xFFFF, 0xFFFF, 0xFFFF, 0xFFFF, 0xFFFF, 0xFFFF, 0xFFFF, 0xFFFF, 0xFFFF,
  0xFFFF, 0xFFFF, 0xFFFF, 0xFFFF, 0xFFFF, 0xFFFF, 0xFFFF, 0xFFFF, 0xFFFF, 0x7D38, 0x01D1, 0x0315,
  0x0B95, 0x1373, 0x01F1, 0x3BB5, 0xF7FD, 0xFFFF, 0xFFFF, 0xF7FD, 0xFFFF, 0xFFFF, 0xFFFE, 0x4C56,
  0x0250, 0x0312, 0x0B73, 0x0B53, 0x01D1, 0x4437, 0xC71D, 0xFFFF, 0x8D39, 0x0190, 0x1334, 0x0B34,
  0x02D3, 0x95DB, 0xE79F, 0xFFFF, 0xFFFF, 0xFFFF, 0xFFFF, 0xFFFF, 0xFFFF, 0xFFFE, 0xFFFE, 0xF7DE,
  0xCEBB, 0x4437, 0x0295, 0x1376, 0x0293, 0x12F3, 0xFFDF, 0xFFFF, 0xEFDF, 0x1B94, 0x02D1, 0x0352,
  0x0B55, 0x0B15, 0x0295, 0xA57B, 0xEF3D, 0xFFFF, 0xDF9E, 0x7DD9, 0x0251, 0x0354, 0x0B95, 0x02F3,
  0x0252, 0x23D5, 0xFFFF, 0xFFFF, 0xFFBE, 0xFFFF, 0x5CB7, 0x0231, 0x1394, 0x0313, 0x02B1, 0xB65A,
  0xF79D, 0xFFFF, 0xFFFE, 0xFFFF, 0xFFFF, 0xFFFF, 0xB65C, 0x0211, 0x0B35, 0x1356, 0x0294, 0x7518,
  0xDF1B, 0xFFFF, 0xFFFF, 0xEF7E, 0x1375, 0x0315, 0x0334, 0x0274, 0x5456, 0xBE1A, 0xFFFE, 0xFFFF,
  0xFFFF, 0xFFFF, 0xFFFF, 0xEFBD, 0x1315, 0x0293, 0x0BB3, 0x0273, 0x3C18, 0xE7BF, 0xFFBF, 0xFFFF,
  0xFFFF, 0x4415, 0x01F0, 0x13D3, 0x02B3, 0x0B35, 0xB67B, 0xF7DE, 0xFFFF, 0xFFDF, 0x6CB8, 0x01D1,
  0x0371, 0x13B4, 0x1375, 0x01F3, 0x5437, 0xFFFE, 0xFFFF, 0xFFFF, 0xE79E, 0x2BB5, 0x0272, 0x0375,
  0x1375, 0x02D4, 0x01F2, 0x95BA, 0xFFBE, 0xFFFF, 0xFFFF, 0xEFDE, 0xADD9, 0x3BF4, 0x02B1, 0x0373,
  0x02D3, 0x1B34, 0xFFDF, 0xFFFF, 0xFFDF, 0xFFFE, 0xFFFF, 0xFFFF, 0xFFFF, 0xFFFF, 0xFFFF, 0xFFFE,
  0xFFFF, 0xFFFF, 0xFFFF, 0xFFFF, 0xFFFF, 0x8D59, 0x2354, 0x03B5, 0x0313, 0x0B53, 0x9519, 0xD6FC,
  0xFFFE, 0xFFFF, 0xD6DB, 0x6C76, 0x0AF3, 0x02F4, 0x0B76, 0x0355, 0x0355, 0x0353, 0x0B13, 0x1333,
  0x0354, 0x02B2, 0x1B33, 0x74F6, 0xE75D, 0xFFFF, 0xFFFF, 0xFFFF, 0xBEFC, 0x0273, 0x0AF3, 0x1332,
  0x01F1, 0x7CF8, 0xFFFF, 0xFFFF, 0xFFFF, 0xFFFF, 0xFFFF, 0xFFFF, 0xFFFF, 0xFFFF, 0xFFFF, 0xFFFF,
  0xFFFF, 0xFFFF, 0xFFFF, 0xFFFF, 0xFFFF, 0xFFFF, 0xFFFF, 0xFFFF, 0xFFFF, 0xFFFF, 0xFFFF, 0xFFFF,
  0xFFFF, 0xFFFF, 0xFFFF, 0xFFFF, 0xFFFF, 0xFFFF, 0xFFFF, 0xFFFF, 0xFFFF, 0xFFFF, 0xFFFF, 0xFFFF,
  0xFFFF, 0xFFFF, 0xFFFF, 0xFFFF, 0xFFFF, 0xFFFF, 0xFFFF, 0xFFFF, 0xFFFF, 0x74F9, 0x0151, 0x0292,
  0x02F3, 0x0334, 0x3B73, 0x9D58, 0xFFFF, 0xFFDF, 0xFFDF, 0xFFFF, 0xFFFF, 0xFFFF, 0xFFFF, 0xAE1A,
  0x4C35, 0x02F3, 0x02B3, 0x02B4, 0x0292, 0x7518, 0xEF9D, 0xFFFF, 0x8D59, 0x01F2, 0x1355, 0x1334,
  0x02D3, 0x3B94, 0x7CF7, 0xBE7C, 0xAE39, 0xAE19, 0xA5FB, 0xADFB, 0xBE9D, 0xFFFF, 0xFFFF, 0xF7BE,
  0xCEBA, 0x4436, 0x0293, 0x1B94, 0x0292, 0x0AD3, 0xFFBF, 0xFFFF, 0xFFFF, 0x7DB9, 0x23D4, 0x0293,
  0x1355, 0x0B76, 0x0334, 0x23B4, 0x2BD5, 0x3BF6, 0x33F6, 0x2395, 0x02F3, 0x1354, 0x1354, 0x02F3,
  0x33B5, 0x8D7A, 0xFFFF, 0xFFFF, 0xFFFE, 0xFFFF, 0x64F7, 0x0272, 0x0B76, 0x02F4, 0x02F3, 0xC65B,
  0xF79E, 0xFFFF, 0xFFFF, 0xFFFF, 0xFFFE, 0xFFFF, 0xA67B, 0x01AE, 0x02D2, 0x02B2, 0x0231, 0x74F7,
  0xDEFD, 0xFFFF, 0xFFFF, 0xCF5D, 0x0291, 0x0272, 0x0291, 0x016E, 0x5435, 0xD6DB, 0xF7FE, 0xFFFF,
  0xF7FF, 0xFFDF, 0xFFFF, 0xDF5D, 0x0291, 0x01AF, 0x02F1, 0x018F, 0x2B95, 0xDF7E, 0xFFDF, 0xFFFF,
  0xFFFF, 0x3395, 0x012F, 0x02F3, 0x01B2, 0x0252, 0xD6FD, 0xFFFF, 0xFFFF, 0x7D58, 0x23B5, 0x02F2,
  0x0B93, 0x0354, 0x0314, 0x43F6, 0xA5DA, 0xFFFF, 0xFFFE, 0xFFFF, 0xFFFF, 0x8D78, 0x3395, 0x0315,
  0x0353, 0x0B53, 0x02D4, 0x33F6, 0x857A, 0xFFFF, 0xFFFF, 0xF7DF, 0xADB9, 0x3BF5, 0x02D1, 0x0354,
  0x02F4, 0x0B75, 0xF7DE, 0xFFFF, 0xFFFF, 0xFFFF, 0xAE5A, 0x2334, 0x2BF6, 0x2BD6, 0x2375, 0xA61A,
  0xDF1C, 0xCEDC, 0x5C56, 0x2B75, 0x4497, 0x1BB5, 0x0314, 0x02F4, 0x01F1, 0x0232, 0xAD7B, 0xDF3E,
  0xFFFF, 0xFFFF, 0xFFFF, 0xCF1D, 0x4C36, 0x02D3, 0x0252, 0x0355, 0x0395, 0x0B74, 0x1354, 0x02F3,
  0x0291, 0x1AF2, 0x6476, 0xE77E, 0xFFFF, 0xFFFF, 0xFFFE, 0xFFFF, 0xB6DD, 0x0233, 0x02D3, 0x1354,
  0x0212, 0x7518, 0xFFFF, 0xFFFF, 0xFFFF, 0xFFFF, 0xFFFF, 0xFFFF, 0xFFFF, 0xFFFF, 0xFFFF, 0xFFFF,
  0xFFFF, 0xFFFF, 0xFFFF, 0xFFFF, 0xFFFF, 0xFFFF, 0xFFFF, 0xFFFF, 0xFFFF, 0xFFFF, 0xFFFF, 0xFFFF,
  0xFFFF, 0xFFFF, 0xFFFF, 0xFFFF, 0xFFFF, 0xFFFF, 0xFFFF, 0xFFFF, 0xFFFF, 0xFFFF, 0xFFFF, 0xFFFF,
  0xFFFF, 0xFFFF, 0xFFFF, 0xFFFF, 0xFFFF, 0xFFFF, 0xFFFF, 0xFFFF, 0xFFFF, 0xA61B, 0x2B96, 0x2B94,
  0x0312, 0x0272, 0x8D38, 0xE6FC, 0xFFFF, 0xFFFF, 0xFFBE, 0xFFFE, 0xF7DF, 0xFFFF, 0xFFFF, 0xF79E,
  0x9DFA, 0x0272, 0x02F4, 0x33D6, 0x6CD8, 0xB65B, 0xFFFE, 0xFFFF, 0x7D5A, 0x0213, 0x1355, 0x1374,
  0x0334, 0x0AD1, 0x3353, 0x5C96, 0x4C55, 0x4C55, 0x4C37, 0x5437, 0x955A, 0xFFFF, 0xFFFF, 0xFFBF,
  0xCEDA, 0x4435, 0x0272, 0x1B93, 0x0292, 0x02D4, 0xF7FF, 0xFFFF, 0xFFFF, 0xD75D, 0x64D8, 0x0272,
  0x0314, 0x1374, 0x0B73, 0x02F2, 0x02B2, 0x0273, 0x0273, 0x02D4, 0x1354, 0x1354, 0x0333, 0x0292,
  0x7518, 0xDF1D, 0xFFFF, 0xFFFF, 0xFFFF, 0xFFFF, 0x64D8, 0x0252, 0x0B76, 0x0314, 0x02F4, 0xC65C,
  0xF79F, 0xFFFF, 0xFFFF, 0xFFFF, 0xFFDF, 0xFFFF, 0xBEBC, 0x02D0, 0x1B94, 0x1B94, 0x1334, 0x8579,
  0xDF1D, 0xFFFF, 0xFFFF, 0xDF7E, 0x1B53, 0x1373, 0x2394, 0x12D1, 0x8D57, 0xEF9E, 0xFFFF, 0xFFFE,
  0xFFFF, 0xF7DF, 0xFFFF, 0xE75D, 0x3373, 0x12D1, 0x2B94, 0x0A92, 0x5456, 0xE77E, 0xF7DE, 0xFFFF,
  0xFFFF, 0x6477, 0x0A52, 0x1B74, 0x2315, 0x53F7, 0xF79F, 0xFFFF, 0xE79E, 0x2333, 0x02F3, 0x0374,
  0x0B75, 0x02F3, 0x02D4, 0x9DDA, 0xE73D, 0xFFFF, 0xFFFE, 0xFFFE, 0xFFFF, 0xE73B, 0x7D17, 0x0294,
  0x0313, 0x0353, 0x0374, 0x02B4, 0x33B5, 0xE75E, 0xFFFF, 0xFFFF, 0xADDA, 0x3C15, 0x02F2, 0x0354,
  0x02D4, 0x0B95, 0xEFFE, 0xFFFF, 0xFFFE, 0xFFFF, 0x85B9, 0x014F, 0x0252, 0x0232, 0x0190, 0x8538,
  0xCEDC, 0xBE7A, 0x12B3, 0x0191, 0x02F3, 0x0313, 0x0334, 0x2BB5, 0x2313, 0x4B74, 0xCE9D, 0xF77F,
  0xFFFF, 0xFFFF, 0xFFFF, 0xFFFF, 0xA619, 0x6476, 0x2B74, 0x0354, 0x0B74, 0x1354, 0x0B34, 0x1313,
  0x2B93, 0x74D7, 0xBE5A, 0xFFFF, 0xFFFF, 0xFFFF, 0xFFFE, 0xFFFF, 0xB6BD, 0x01F2, 0x02F4, 0x1395,
  0x0232, 0x6D18, 0xFFFE, 0xFFFF, 0xFFFF, 0xFFFF, 0xFFFF, 0xFFFF, 0xFFFF, 0xFFFF, 0xFFFF, 0xFFFF,
  0xFFFF, 0xFFFF, 0xFFFF, 0xFFFF, 0xFFFF, 0xFFFF, 0xFFFF, 0xFFFF, 0xFFFF, 0xFFFF, 0xFFFF, 0xFFFF,
  0xFFFF, 0xFFFF, 0xFFFF, 0xFFFF, 0xFFFF, 0xFFFF, 0xFFFF, 0xFFFF, 0xFFFF, 0xFFFF, 0xFFFF, 0xFFFF,
  0xFFFF, 0xFFFF, 0xFFFF, 0xFFFF, 0xFFFF, 0xFFFF, 0xFFFF, 0xFFFF, 0xFFFF, 0xFFFF, 0xFFFF, 0xAE39,
  0x33B3, 0x01AF, 0xC69D, 0xFFFF, 0xF7FF, 0xFFFE, 0xFFFD, 0xFFFE, 0xF7FF, 0xF7FF, 0xFFDE, 0xFFFF,
  0xD75D, 0x0211, 0x43F6, 0xC69C, 0xFFFF, 0xFFFF, 0xFFFF, 0xFFFF, 0x8559, 0x01F0, 0x0353, 0x0BB5,
  0x0BB5, 0x0353, 0x0312, 0x02F2, 0x02F2, 0x02D2, 0x0292, 0x12D3, 0x6476, 0xFFFF, 0xFFFF, 0xF79E,
  0xCEFB, 0x4436, 0x0292, 0x13B4, 0x02B2, 0x0AF5, 0xF7FF, 0xFFFF, 0xFFFF, 0xFFFF, 0x95BA, 0x02B3,
  0x02B1, 0x02F1, 0x1352, 0x1374, 0x1394, 0x1395, 0x0B54, 0x1334, 0x1355, 0x0335, 0x02D3, 0x01EF,
  0x9DFA, 0xFFFF, 0xF7FF, 0xF7FF, 0xF7FF, 0xFFFF, 0x6497, 0x0231, 0x1394, 0x0313, 0x02B2, 0xBE7B,
  0xEFBE, 0xF7FF, 0xFFFF, 0xFFFF, 0xFFDF, 0xFFFF, 0xE73D, 0x9538, 0x959A, 0x9DBB, 0xA59A, 0xBE7C,
  0xDF5D, 0xFFFF, 0xFFFF, 0xF7BE, 0xADD9, 0x9DBA, 0xADDB, 0xC65C, 0xF75E, 0xFFFF, 0xFFFF, 0xFFDF,
  0xFFDF, 0xFFFE, 0xFFFE, 0xF7BE, 0xA5F9, 0x95B9, 0xADDB, 0x959A, 0xB63A, 0xF77E, 0xFFBD, 0xFFFE,
  0xFFFF, 0xC63C, 0x9D59, 0xA5B8, 0xD6DD, 0xFFBF, 0xFFFF, 0xFFBF, 0xC65C, 0x01F2, 0x0232, 0x0B56,
  0x0B55, 0x02B4, 0x02D2, 0xE7BD, 0xFFFF, 0xFFFE, 0xF7FF, 0xF7FF, 0xF7FF, 0xFFFF, 0xB69A, 0x0231,
  0x02D3, 0x0355, 0x0376, 0x0231, 0x0251, 0xA538, 0xEF7D, 0xFFFF, 0xB5DA, 0x3C16, 0x02D2, 0x0374,
  0x02F3, 0x1374, 0xF7DE, 0xFFFF, 0xFFBF, 0xFFFF, 0x95FA, 0x0273, 0x0373, 0x0332, 0x0293, 0x9DDA,
  0xE73D, 0xDEBC, 0x33B6, 0x02D3, 0x03D5, 0x0333, 0x1375, 0xAE3B, 0xC67B, 0xD6DB, 0xFFFD, 0xFFFE,
  0xFFBF, 0xF7FE, 0xFFFF, 0xFFFF, 0xFFFE, 0xFFDD, 0xCE9C, 0x1BB5, 0x02D3, 0x1B35, 0x02D2, 0x3415,
  0xCE5C, 0xFFDF, 0xFFFF, 0xFFFE, 0xFFDE, 0xF7BE, 0xFFFE, 0xFFFF, 0xBE9C, 0x0234, 0x02F5, 0x0395,
  0x0212, 0x6CF8, 0xFFBE, 0xFFFF, 0xFFFF, 0xFFFF, 0xFFFF, 0xFFFF, 0xFFFF, 0xFFFF, 0xFFFF, 0xFFFF,
  0xFFFF, 0xFFFF, 0xFFFF, 0xFFFF, 0xFFFF, 0xFFFF, 0xFFFF, 0xFFFF, 0xFFFF, 0xFFFF, 0xFFFF, 0xFFFF,
  0xFFFF, 0xFFFF, 0xFFFF, 0xFFFF, 0xFFFF, 0xFFFF, 0xFFFF, 0xFFFF, 0xFFFF, 0xFFFF, 0xFFFF, 0xFFFF,
  0xFFFF, 0xFFFF, 0xFFFF, 0xFFFF, 0xFFFF, 0xFFFF, 0xFFFF, 0xFFFF, 0xFFFF, 0xFFFF, 0xFFFE, 0xFFDE,
  0xDF5D, 0xB6DC, 0xFFFF, 0xFFFF, 0xFFFF, 0xFFFF, 0xFFFF, 0xFFFF, 0xFFFF, 0xFFFF, 0xFFFF, 0xFFFF,
  0xFFFF, 0xBEDC, 0xDF7D, 0xFFFF, 0xFFFF, 0xFFFF, 0xFFDF, 0xFFFF, 0x7D19, 0x0190, 0x0313, 0x0372,
  0x0354, 0x0333, 0x0333, 0x0314, 0x0333, 0x0314, 0x02D3, 0x1B33, 0x6CB7, 0xFFFE, 0xFFFF, 0xFFBF,
  0xCEDB, 0x3BF6, 0x0212, 0x0352, 0x0252, 0x0293, 0xF7FF, 0xFFFF, 0xFFDF, 0xFFFF, 0xE7BE, 0xB67D,
  0x4C35, 0x12D2, 0x0232, 0x02B3, 0x0313, 0x0332, 0x0312, 0x02F2, 0x0251, 0x0AD2, 0x4C37, 0xAE7C,
  0xEFBD, 0xFFFF, 0xFFFF, 0xFFFE, 0xFFFE, 0xFFFF, 0x5C57, 0x01B1, 0x0311, 0x0272, 0x0252, 0xB63A,
  0xEF7D, 0xFFFF, 0xFFFE, 0xFFFF, 0xFFFF, 0xFFFF, 0xFFFF, 0xF7BE, 0xF7FF, 0xFFDF, 0xFFBF, 0xF7FF,
  0xFFFF, 0xFFFF, 0xFFFF, 0xFFFF, 0xFFBD, 0xF7DF, 0xF7FF, 0xFFDE, 0xFFFF, 0xFFFF, 0xFFFF, 0xFFFF,
  0xFFFF, 0xFFFF, 0xFFFF, 0xFFFF, 0xF7DE, 0xF7DE, 0xFFBF, 0xF7DF, 0xF7FF, 0xFFFF, 0xFFFF, 0xFFFF,
  0xFFFF, 0xFFDE, 0xFFBD, 0xF7DD, 0xFFFE, 0xFFFF, 0xFFFF, 0xFFFF, 0xEF7E, 0x43B3, 0x02B3, 0x0233,
  0x01F3, 0x33B6, 0x9E1A, 0xFFFF, 0xFFFF, 0xFFDE, 0xF7DF, 0xFFDF, 0xFFDE, 0xFFFF, 0xEF7E, 0x959A,
  0x2333, 0x01F0, 0x0252, 0x43F5, 0x9598, 0xEF7E, 0xFFFF, 0xFFFF, 0xADB8, 0x33F4, 0x02B2, 0x0314,
  0x0273, 0x0B34, 0xF7DD, 0xFFFF, 0xFFFF, 0xFFFF, 0x9E1C, 0x0253, 0x0B55, 0x0B14, 0x0273, 0xA5FB,
  0xF77D, 0xE6FB, 0x2BD5, 0x02D4, 0x1354, 0x02B2, 0x1BB4, 0xFFFE, 0xFFFE, 0xFFFF, 0xFFFF, 0xF7FE,
  0xFFFF, 0xFFFF, 0xFFFF, 0xFFFF, 0xFFFF, 0xFFFF, 0xFFFF, 0x2BB5, 0x0294, 0x1358, 0x0272, 0x3C16,
  0xE75E, 0xFFFF, 0xFFFF, 0xFFFF, 0xFFFF, 0xFFFF, 0xFFFF, 0xFFFE, 0xBEBB, 0x0213, 0x02B3, 0x0313,
  0x01D2, 0x6CB7, 0xFFBD, 0xFFFF, 0xFFFF, 0xFFFF, 0xFFFF, 0xFFFF, 0xFFFF, 0xFFFF, 0xFFFF, 0xFFFF,
  0xFFFF, 0xFFFF, 0xFFFF, 0xFFFF, 0xFFFF, 0xFFFF, 0xFFFF, 0xFFFF, 0xFFFF, 0xFFFF, 0xFFFF, 0xFFFF,
  0xFFFF, 0xFFFF, 0xFFFF, 0xFFFF, 0xFFFF, 0xFFFF, 0xFFFF, 0xFFFF, 0xFFFF, 0xFFFF, 0xFFFF, 0xFFFF,
  0xFFFF, 0xFFFF, 0xFFFF, 0xFFFF, 0xFFFF, 0xFFFF, 0xFFFF, 0xFFFF, 0xFFFF, 0xFFDE, 0xFFBD, 0xFFDF,
  0xFFFF, 0xFFFF, 0xFFBF, 0xEF9E, 0xEFBF, 0xEFBE, 0xF79E, 0xF77F, 0xF79D, 0xF7BE, 0xEFBE, 0xF79F,
  0xFFDF, 0xFFFF, 0xFFFE, 0xFFBE, 0xF7DD, 0xFFDE, 0xFFDF, 0xFFFF, 0x8539, 0x01B1, 0x0352, 0x0B73,
  0x0B53, 0x0B53, 0x0354, 0x0B95, 0x0B75, 0x0354, 0x0334, 0x2B74, 0x7CD7, 0xFFFF, 0xFFFF, 0xF7DE,
  0xCEBB, 0x4C17, 0x0253, 0x0B93, 0x0271, 0x12B3, 0xFFDF, 0xFFFF, 0xFFDF, 0xFFFE, 0xFFFF, 0xFFFF,
  0xA5BA, 0x5436, 0x1B34, 0x1375, 0x1373, 0x0B93, 0x1393, 0x1B93, 0x2394, 0x5415, 0x9DDA, 0xFFFF,
  0xFFFF, 0xFFFE, 0xFFFF, 0xFFFE, 0xFFFD, 0xFFFF, 0x6CB9, 0x0232, 0x1352, 0x0AF2, 0x12D3, 0xB63A,
  0xF7BD, 0xFFFF, 0xF7BE, 0xF7BE, 0xEFBE, 0xEF9E, 0xF7BE, 0xFFDF, 0xFFFF, 0xFFFF, 0xFFDE, 0xF7DF,
  0xEFBE, 0xF7BD, 0xF7BE, 0xFFBE, 0xFFDD, 0xF7FE, 0xF7FF, 0xF7BD, 0xF7BE, 0xF7DF, 0xFFFF, 0xFFDF,
  0xEF9E, 0xE79E, 0xEF9D, 0xFFDF, 0xFFDD, 0xFFDE, 0xFF9F, 0xF7DF, 0xF7DF, 0xF7BF, 0xF7BE, 0xEFBE,
  0xF7BF, 0xFFDE, 0xFFFE, 0xFFDE, 0xF7BE, 0xEF9E, 0xF7FE, 0xFFFF, 0xFFDF, 0x8DB8, 0x4C35, 0x1334,
  0x0A33, 0x6C98, 0xEFDF, 0xFFFF, 0xFFFF, 0xFFFE, 0xFFFF, 0xFFDE, 0xFFDD, 0xFFFF, 0xFFDF, 0xF79F,
  0x4BD4, 0x0250, 0x2395, 0x9DD9, 0xE75D, 0xFFFF, 0xFFFF, 0xF7DD, 0xA5D8, 0x33F4, 0x0293, 0x0B13,
  0x02B3, 0x1B55, 0xEFFE, 0xFFFF, 0xF7DE, 0xFFFF, 0x8DBA, 0x0273, 0x0B55, 0x0B14, 0x0293, 0x9D99,
  0xDEDC, 0xCE7B, 0x2C15, 0x02F3, 0x1335, 0x02B2, 0x2394, 0xFFFE, 0xFFFF, 0xE7BF, 0xE7BE, 0xF7FE,
  0xFFFF, 0xFFDF, 0xF7BE, 0xEF7C, 0xF77E, 0xFFFF, 0xF7FF, 0x23B4, 0x02B4, 0x0B97, 0x0272, 0x3BD5,
  0xD6FD, 0xF79D, 0xF7DE, 0xE7BF, 0xEF7D, 0xF77E, 0xFFFF, 0xFFFE, 0xC6BA, 0x0253, 0x02B3, 0x0B33,
  0x0212, 0x74F8, 0xF7BE, 0xFFFF, 0xFFFF, 0xFFFF, 0xFFFF, 0xFFFF, 0xFFFF, 0xFFFF, 0xFFFF, 0xFFFF,
  0xFFFF, 0xFFFF, 0xFFFF, 0xFFFF, 0xFFFF, 0xFFFF, 0xFFFF, 0xFFFF, 0xFFFF, 0xFFFF, 0xFFFF, 0xFFFF,
  0xFFFF, 0xFFFF, 0xFFFF, 0xFFFF, 0xFFFF, 0xFFFF, 0xFFFF, 0xFFFF, 0xFFFF, 0xFFFF, 0xFFFF, 0xFFFF,
  0xFFFF, 0xFFFF, 0xFFFF, 0xFFFF, 0xFFFF, 0xFFFF, 0xFFFF, 0xFFFF, 0xFFFF, 0xEF9E, 0xCEFD, 0xAD9B,
  0xA53A, 0xB558, 0xADB8, 0xADD9, 0xA5BA, 0xA5FA, 0xA5D9, 0xAD9B, 0xA599, 0xAD99, 0xADB8, 0xA5BA,
  0xA5BB, 0xA5D8, 0x9D98, 0x9D98, 0xB65A, 0xDF5C, 0xFFFF, 0xFFFF, 0x859A, 0x02D2, 0x33D4, 0x43F5,
  0x4BB6, 0x3BB5, 0x3BB5, 0x3BD5, 0x3BB5, 0x4395, 0x43D5, 0x5BF6, 0x8D39, 0xFFFF, 0xFFFF, 0xF7DE,
  0xD6DB, 0x74B8, 0x3374, 0x4C75, 0x2B52, 0x3B73, 0xFFDE, 0xFFFF, 0xFFDF, 0xF7DD, 0xF7FE, 0xFFFE,
  0xFFFF, 0xF7DF, 0xD75C, 0xA5F8, 0x8538, 0x74F8, 0x8D38, 0xA5FA, 0xDF3C, 0xFFDF, 0xFFFF, 0xFFFF,
  0xFFFF, 0xFFFE, 0xFFFF, 0xF7FE, 0xF7FE, 0xFFFF, 0xA5DB, 0x6416, 0x74D6, 0x6495, 0x6C75, 0xCEDB,
  0xF7DE, 0xFFFE, 0xD71C, 0xB65B, 0x95FA, 0x95BA, 0x9DB9, 0xAD98, 0xAD99, 0xAD99, 0xAD78, 0x9DB9,
  0x9DDA, 0xA5D9, 0xA5BA, 0xADD9, 0xB5DA, 0xADD9, 0xA5D9, 0x9598, 0xAE5B, 0xCEFC, 0xFFFF, 0xE73E,
  0xB5BA, 0x9D58, 0xA558, 0xAD9A, 0xAD99, 0xAD79, 0xB579, 0xA599, 0xA5B9, 0xA59A, 0xA59A, 0xA599,
  0xA599, 0xA5BA, 0xA5BA, 0xAD99, 0x9D19, 0xA55A, 0xDEDD, 0xFFBF, 0xFFFF, 0xFFFE, 0xEFFD, 0xCEFA,
  0x74B7, 0xB61B, 0xFFFF, 0xFFFD, 0xF7FE, 0xFFFF, 0xFFFF, 0xFFFF, 0xFFDF, 0xF7FF, 0xFFFF, 0xFFFF,
  0x9DB9, 0x8D78, 0xF7FF, 0xFFFF, 0xFFFE, 0xFFFF, 0xFFFE, 0xF7BD, 0xA5FA, 0x5415, 0x12F3, 0x4376,
  0x2B95, 0x4436, 0xF7DF, 0xFFDF, 0xE69D, 0xBDDC, 0x5C58, 0x02F2, 0x0B73, 0x0373, 0x02F3, 0x6496,
  0x8D38, 0x8D1A, 0x1BD5, 0x0352, 0x1B94, 0x0314, 0x1B56, 0xB5BB, 0xAD9A, 0xA59A, 0xBE1A, 0xE73D,
  0xFFFF, 0xDF9D, 0xBE79, 0x9516, 0xB59A, 0xB59A, 0xA579, 0x1393, 0x0352, 0x0BD4, 0x02F2, 0x3394,
  0x9518, 0xA597, 0xA5B9, 0xA5BB, 0x9D79, 0xADF9, 0xFFFF, 0xFFFE, 0xC6DB, 0x1353, 0x2BB4, 0x4434,
  0x1332, 0x8D99, 0xFFFF, 0xFFFF, 0xFFFF, 0xFFFF, 0xFFFF, 0xFFFF, 0xFFFF, 0xFFFF, 0xFFFF, 0xFFFF,
  0xFFFF, 0xFFFF, 0xFFFF, 0xFFFF, 0xFFFF, 0xFFFF, 0xFFFF, 0xFFFF, 0xFFFF, 0xFFFF, 0xFFFF, 0xFFFF,
  0xFFFF, 0xFFFF, 0xFFFF, 0xFFFF, 0xFFFF, 0xFFFF, 0xFFFF, 0xFFFF, 0xFFFF, 0xFFFF, 0xFFFF, 0xFFFF,
  0xFFFF, 0xFFFF, 0xFFFF, 0xFFFF, 0xFFFF, 0xFFFF, 0xFFFF, 0xFFFF, 0xFFFF, 0xDF7D, 0xA67B, 0x3BB6,
  0x1AF4, 0x2B95, 0x2BB2, 0x23B3, 0x2B94, 0x1BD5, 0x2BB5, 0x3B74, 0x2BB5, 0x23D5, 0x2BB4, 0x33B5,
  0x2B96, 0x2BB4, 0x1B34, 0x2B96, 0x8D77, 0xD6FC, 0xFFFF, 0xFFFF, 0xDF5D, 0xAE9B, 0xC6FC, 0xCEFD,
  0xD6DD, 0xCEDC, 0xCEFC, 0xD71D, 0xD6FD, 0xDF1C, 0xE73D, 0xDF3D, 0xEF7E, 0xFFFF, 0xFFFF, 0xFFFE,
  0xFFBE, 0xE75E, 0xDF1E, 0xDF5E, 0xCEFD, 0xCEDD, 0xFFFF, 0xFFFF, 0xF7FF, 0xFFFF, 0xFFFE, 0xFFFF,
  0xFFFF, 0xFFFF, 0xF7DF, 0xEF7D, 0xDF3D, 0xDF1E, 0xE73D, 0xEF7D, 0xFFBE, 0xFFFF, 0xFFFF, 0xFFFF,
  0xFFDF, 0xFFDF, 0xF7FF, 0xF7FE, 0xF7DF, 0xFFFF, 0xE77E, 0xCEFD, 0xE73D, 0xDF1C, 0xD71D, 0xEFBE,
  0xFFFF, 0xFFFF, 0xC67C, 0x7518, 0x1B33, 0x23B6, 0x2BB6, 0x2B74, 0x2BB6, 0x23B6, 0x2B93, 0x2393,
  0x2394, 0x2395, 0x2BB6, 0x2B95, 0x2BB6, 0x2BB5, 0x2B95, 0x1332, 0x64D7, 0xB69C, 0xFFFF, 0xCEBC,
  0x6C78, 0x3373, 0x2374, 0x2BF6, 0x2BF6, 0x23B5, 0x2B74, 0x2B94, 0x2BB5, 0x2BD5, 0x2B95, 0x2395,
  0x2375, 0x2395, 0x2BB5, 0x2BB4, 0x1334, 0x3BB6, 0xBEBB, 0xF7BE, 0xFFFF, 0xFFFF, 0xFFFF, 0xF7DE,
  0xD71C, 0xE79E, 0xFFFF, 0xFFDE, 0xFFDE, 0xF7FF, 0xF7FF, 0xFFFF, 0xFFDF, 0xFFFF, 0xFFFE, 0xFFFF,
  0xE79D, 0xE79E, 0xFFFF, 0xFFFF, 0xFFFE, 0xFFFF, 0xFFFF, 0xF7FF, 0xE77D, 0xD6FB, 0xC69B, 0xCEFD,
  0xC6DC, 0xCF1D, 0xFFFF, 0xEFBE, 0xB63B, 0x4B97, 0x12F5, 0x0353, 0x0B94, 0x0B93, 0x0373, 0x1BB4,
  0x2BB5, 0x2BB5, 0x1354, 0x0354, 0x0B93, 0x0B54, 0x1335, 0x33D5, 0x2374, 0x3395, 0x84F8, 0xD6DD,
  0xFFFF, 0xD71D, 0x74F8, 0x12B3, 0x2BB5, 0x33D5, 0x33D5, 0x0B34, 0x0334, 0x1374, 0x0B53, 0x1B74,
  0x23F6, 0x2BD5, 0x2BB5, 0x2B76, 0x1374, 0x4CB6, 0xFFFF, 0xFFFF, 0xF7BE, 0xBEBB, 0xC6DC, 0xD6FD,
  0xC6BC, 0xDF5D, 0xFFFF, 0xFFFF, 0xFFFF, 0xFFFF, 0xFFFF, 0xFFFF, 0xFFFF, 0xFFFF, 0xFFFF, 0xFFFF,
  0xFFFF, 0xFFFF, 0xFFFF, 0xFFFF, 0xFFFF, 0xFFFF, 0xFFFF, 0xFFFF, 0xFFFF, 0xFFFF, 0xFFFF, 0xFFFF,
  0xFFFF, 0xFFFF, 0xFFFF, 0xFFFF, 0xFFFF, 0xFFFF, 0xFFFF, 0xFFFF, 0xFFFF, 0xFFFF, 0xFFFF, 0xFFFF,
  0xFFFF, 0xFFFF, 0xFFFF, 0xFFFF, 0xFFFF, 0xFFFF, 0xFFFF, 0xFFFF, 0xFFFF, 0xDF7D, 0x9E59, 0x02B3,
  0x0212, 0x02F4, 0x02D1, 0x02D0, 0x02D2, 0x02B2, 0x02D2, 0x02B2, 0x02F3, 0x0313, 0x02D1, 0x02D4,
  0x02B4, 0x02B3, 0x0232, 0x02B4, 0x7CF7, 0xCEDC, 0xFFFF, 0xFFFE, 0xFFFF, 0xFFFF, 0xFFFF, 0xFFFF,
  0xFFFF, 0xFFFF, 0xFFFF, 0xFFFF, 0xFFFF, 0xFFFF, 0xEF9E, 0xE77E, 0xD75D, 0xCF3C, 0xCEFC, 0xCEFC,
  0xCEDC, 0xE75E, 0xE79F, 0xE77F, 0xD73E, 0xD73E, 0xFFDE, 0xFFFF, 0xFFFF, 0xFFFF, 0xFFFF, 0xFFDF,
  0xFFFE, 0xFFFF, 0xFFFF, 0xFFFF, 0xFFFF, 0xFFFF, 0xFFFF, 0xFFFF, 0xFFFF, 0xF7FF, 0xF7FF, 0xFFFF,
  0xFFFE, 0xFFDE, 0xF7FF, 0xF7FF, 0xFFFF, 0xFFDF, 0xFFFF, 0xFFFF, 0xFFFF, 0xFFFF, 0xFFFF, 0xFFFF,
  0xFFFF, 0xFFFF, 0xBE5C, 0x5C57, 0x01F0, 0x02D3, 0x02F4, 0x02D2, 0x02D3, 0x02F3, 0x02B2, 0x02B1,
  0x02B1, 0x02B3, 0x02B4, 0x02B4, 0x02D5, 0x02B3, 0x02B2, 0x0210, 0x4C55, 0xAE5B, 0xFFFF, 0xC69C,
  0x4BF6, 0x02B1, 0x02D2, 0x0334, 0x0314, 0x02F4, 0x02B2, 0x02D2, 0x02D3, 0x02F3, 0x02D2, 0x02B2,
  0x02B2, 0x0292, 0x02B2, 0x0311, 0x0251, 0x0314, 0xB69A, 0xF7BD, 0xFFFF, 0xFFDF, 0xFFDF, 0xFFFF,
  0xFFFF, 0xFFFE, 0xFFFF, 0xFFDE, 0xFFFE, 0xFFFE, 0xFFFF, 0xF7FF, 0xFFDF, 0xFFFE, 0xFFFF, 0xFFFE,
  0xFFFF, 0xF7FF, 0xDF3E, 0xCEFC, 0xC6FD, 0xF75E, 0xF7DF, 0xFFFF, 0xFFFE, 0xFFFF, 0xFFFF, 0xFFFF,
  0xFFFF, 0xFFFF, 0xFFFF, 0xEF9D, 0xA61A, 0x0A94, 0x0272, 0x1373, 0x1373, 0x0B94, 0x0374, 0x0334,
  0x0313, 0x0313, 0x0314, 0x0B54, 0x0393, 0x0B74, 0x0335, 0x02D3, 0x0291, 0x02D2, 0x6C77, 0xCEBB,
  0xFFFF, 0xCEFE, 0x5438, 0x0192, 0x02F3, 0x02F3, 0x02F2, 0x0334, 0x0B34, 0x1355, 0x1374, 0x0394,
  0x0354, 0x0313, 0x02D3, 0x0294, 0x0291, 0x2415, 0xFFFF, 0xFFFF, 0xFFFF, 0xFFFF, 0xFFFF, 0xFFFF,
  0xFFFF, 0xFFFF, 0xF7FF, 0xFFFF, 0xFFFF, 0xFFFF, 0xFFFF, 0xFFFF, 0xFFFF, 0xFFFF, 0xFFFF, 0xFFFF,
  0xFFFF, 0xFFFF, 0xFFFF, 0xFFFF, 0xFFFF, 0xFFFF, 0xFFFF, 0xFFFF, 0xFFFF, 0xFFFF, 0xFFFF, 0xFFFF,
  0xFFFF, 0xFFFF, 0xFFFF, 0xFFFF, 0xFFFF, 0xFFFF, 0xFFFF, 0xFFFF, 0xFFFF, 0xFFFF, 0xFFFF, 0xFFFF,
  0xFFFF, 0xFFFF, 0xFFFF, 0xFFFF, 0xFFFF, 0xFFFF, 0xFFFF, 0xFFFF, 0xFFFF, 0xE75C, 0xB657, 0x1374,
  0x02D4, 0x0357, 0x0354, 0x0B74, 0x0B75, 0x1B74, 0x1B73, 0x1B53, 0x1353, 0x0B73, 0x03B3, 0x0353,
  0x0333, 0x0395, 0x0312, 0x0B32, 0x8538, 0xD6FD, 0xFFFF, 0xF7FF, 0xF7DF, 0xFFDF, 0xFFBF, 0xFFDF,
  0xFFFF, 0xF7FE, 0xFFFE, 0xFFFF, 0xF7BF, 0x9DDB, 0x0231, 0x0272, 0x0293, 0x0292, 0x0273, 0x0253,
  0x0255, 0x0274, 0x0273, 0x0273, 0x01B1, 0x0232, 0xCE7C, 0xF79D, 0xFFFE, 0xFFFF, 0xFFDF, 0xFFFF,
  0xFFFF, 0xFFFF, 0xFFFF, 0xFFFF, 0xFFFF, 0xFFDF, 0xFFFF, 0xFFFF, 0xFFFF, 0xFFFF, 0xFFFF, 0xFFFF,
  0xFFFF, 0xFFFF, 0xFFFF, 0xFFFF, 0xFFFF, 0xFFFF, 0xFFFF, 0xFFFF, 0xFFFF, 0xFFDF, 0xFFFF, 0xFFDF,
  0xFFFF, 0xF7FF, 0xC63B, 0x6C78, 0x0293, 0x0374, 0x0393, 0x03B3, 0x0392, 0x0393, 0x1B96, 0x0B94,
  0x0B72, 0x1393, 0x0B54, 0x1334, 0x0354, 0x0374, 0x0333, 0x0291, 0x5C36, 0xC619, 0xFFFF, 0xD6DC,
  0x6415, 0x0372, 0x0353, 0x0375, 0x0376, 0x0375, 0x0334, 0x1374, 0x1B74, 0x1B53, 0x0B73, 0x0B72,
  0x0373, 0x0312, 0x0313, 0x0395, 0x02B3, 0x1B14, 0xBE9A, 0xF79E, 0xFFFF, 0xFFFF, 0xFFFF, 0xFFFE,
  0xFFFF, 0xFFFF, 0xFFFF, 0xFFFF, 0xFFFF, 0xFFFF, 0xFFFF, 0xFFFF, 0xFFFF, 0xFFFF, 0xFFFF, 0xFFFF,
  0xD73E, 0x7D59, 0x0211, 0x01B1, 0x0293, 0x7516, 0xDEFB, 0xFFFE, 0xF7FF, 0xF7FF, 0xF7FE, 0xFFDF,
  0xFFDF, 0xF7DF, 0xFFFF, 0xEF7C, 0xB639, 0x0B74, 0x02F3, 0x0353, 0x0B54, 0x0B74, 0x0356, 0x0354,
  0x0354, 0x0B55, 0x0B54, 0x0B53, 0x0B74, 0x0354, 0x0374, 0x0374, 0x0313, 0x1373, 0x74F6, 0xCF1C,
  0xFFFF, 0xE71C, 0x6CD6, 0x0252, 0x0356, 0x0375, 0x0B32, 0x0374, 0x0395, 0x0374, 0x0374, 0x0354,
  0x0374, 0x0373, 0x0393, 0x0374, 0x0332, 0x4454, 0xFFFF, 0xFFFE, 0xFFFD, 0xF7BF, 0xF7DF, 0xF7FF,
  0xFFBD, 0xFFDE, 0xFFFF, 0xFFFF, 0xFFFF, 0xFFFF, 0xFFFF, 0xFFFF, 0xFFFF, 0xFFFF, 0xFFFF, 0xFFFF,
  0xFFFF, 0xFFFF, 0xFFFF, 0xFFFF, 0xFFFF, 0xFFFF, 0xFFFF, 0xFFFF, 0xFFFF, 0xFFFF, 0xFFFF, 0xFFFF,
  0xFFFF, 0xFFFF, 0xFFFF, 0xFFFF, 0xFFFF, 0xFFFF, 0xFFFF, 0xFFFF, 0xFFFF, 0xFFFF, 0xFFFF, 0xFFFF,
  0xFFFF, 0xFFFF, 0xFFFF, 0xFFFF, 0xFFFF, 0xFFFF, 0xFFFF, 0xFFFF, 0xFFFF, 0xDF5D, 0x9DF9, 0x02F3,
  0x0232, 0x02F5, 0x02F2, 0x02F2, 0x0313, 0x0374, 0x0B75, 0x1355, 0x0B54, 0x0334, 0x0332, 0x02F3,
  0x02D4, 0x0314, 0x0291, 0x02F1, 0x74D7, 0xC6DC, 0xFFFF, 0xF7FE, 0xFFDF, 0xFFDE, 0xF7DF, 0xFFFF,
  0xFFFF, 0xFFFE, 0xFFFF, 0xFFFF, 0xCEBB, 0x74F8, 0x0252, 0x02B3, 0x02F3, 0x02F4, 0x02F3, 0x02F3,
  0x0314, 0x02F2, 0x02D3, 0x0313, 0x0231, 0x0292, 0xCE9C, 0xF7BE, 0xFFFE, 0xFFFF, 0xFFFF, 0xFFFF,
  0xFFFF, 0xFFFF, 0xFFFF, 0xFFFF, 0xFFFF, 0xFFFF, 0xFFFF, 0xFFFF, 0xFFFF, 0xFFFF, 0xFFFF, 0xFFFF,
  0xFFFF, 0xFFFF, 0xFFFF, 0xFFFF, 0xFFFF, 0xFFFF, 0xFFFF, 0xFFFF, 0xFFFF, 0xFFFF, 0xFFFF, 0xFFDE,
  0xFFFF, 0xFFDF, 0xB65B, 0x5476, 0x0231, 0x02D4, 0x0334, 0x0314, 0x02F2, 0x0313, 0x0B56, 0x1374,
  0x1374, 0x0373, 0x0334, 0x0314, 0x0334, 0x0313, 0x02D1, 0x0251, 0x3C16, 0xB5FB, 0xFFFF, 0xC67C,
  0x4BD6, 0x02F1, 0x02D2, 0x02F4, 0x02B3, 0x02F2, 0x0313, 0x0395, 0x0B75, 0x0B75, 0x0B53, 0x0353,
  0x0334, 0x02F3, 0x02D2, 0x02F3, 0x0211, 0x02B2, 0xB6BC, 0xEFBF, 0xFFFF, 0xF7FF, 0xF7FE, 0xFFFE,
  0xFFFF, 0xFFFF, 0xFFFF, 0xFFFF, 0xFFFF, 0xFFFF, 0xFFFF, 0xFFFF, 0xFFFF, 0xFFFF, 0xFFFF, 0xFFFF,
  0x8DB9, 0x2B94, 0x0292, 0x0232, 0x0AF4, 0x8538, 0xDF3D, 0xFFFF, 0xF7DF, 0xF7FE, 0xF7FF, 0xFFBF,
  0xF7DF, 0xF7FF, 0xFFFF, 0xEF5C, 0xADF9, 0x02F4, 0x0252, 0x02D3, 0x02F3, 0x02F3, 0x02D3, 0x02F3,
  0x02F3, 0x02F4, 0x02D3, 0x02D2, 0x02F2, 0x02F3, 0x02F4, 0x02D4, 0x0271, 0x0AF1, 0x6476, 0xC6BC,
  0xFFFF, 0xCEFD, 0x5477, 0x01F0, 0x0294, 0x02D3, 0x02D2, 0x02F3, 0x02F3, 0x0314, 0x0313, 0x02F2,
  0x02D3, 0x0313, 0x02F3, 0x02B4, 0x02B1, 0x3C14, 0xFFFF, 0xFFFF, 0xFFFF, 0xFFDF, 0xF7FF, 0xF7FF,
  0xFFDD, 0xFFFE, 0xFFFF, 0xFFFF, 0xFFFF, 0xFFFF, 0xFFFF, 0xFFFF, 0xFFFF, 0xFFFF, 0xFFFF, 0xFFFF,
  0xFFFF, 0xFFFF, 0xFFFF, 0xFFFF, 0xFFFF, 0xFFFF, 0xFFFF, 0xFFFF, 0xFFFF, 0xFFFF, 0xFFFF, 0xFFFF,
  0xFFFF, 0xFFFF, 0xFFFF, 0xFFFF, 0xFFFF, 0xFFFF, 0xFFFF, 0xFFFF, 0xFFFF, 0xFFFF, 0xFFFF, 0xFFFF,
  0xFFFF, 0xFFFF, 0xFFFF, 0xFFFF, 0xFFFF, 0xFFFF, 0xFFFF, 0xFFFF, 0xFFFF, 0xDF5E, 0xAE5C, 0x2BD6,
  0x1374, 0x2BF6, 0x23F5, 0x1BF4, 0x1BF5, 0x0355, 0x0355, 0x0376, 0x0334, 0x0334, 0x2415, 0x23F6,
  0x23F7, 0x1BF6, 0x1B94, 0x33F4, 0x9578, 0xCEFC, 0xFFFF, 0xF7FF, 0xF7FE, 0xFFDE, 0xFFDF, 0xF7FF,
  0xFFDF, 0xFFDE, 0xFFFF, 0xFFFF, 0xB5D9, 0x5C75, 0x02D2, 0x0334, 0x1355, 0x1375, 0x0B53, 0x0B73,
  0x0B72, 0x0B73, 0x0B74, 0x13D3, 0x02D2, 0x1313, 0xD6DC, 0xF7DE, 0xFFFE, 0xFFDF, 0xFFFF, 0xFFFF,
  0xFFFF, 0xFFFF, 0xFFFF, 0xFFFF, 0xFFFF, 0xFFFF, 0xFFFF, 0xFFFF, 0xFFFF, 0xFFFF, 0xFFFF, 0xFFFF,
  0xFFFF, 0xFFFF, 0xFFFF, 0xFFFF, 0xFFFF, 0xFFFF, 0xFFFF, 0xFFFF, 0xFFFF, 0xFFFF, 0xFFFF, 0xFFDF,
  0xFFDF, 0xFFBF, 0xC6FC, 0x6D58, 0x0B74, 0x1C17, 0x2417, 0x1C16, 0x3C36, 0x2BD5, 0x02F5, 0x0B54,
  0x1354, 0x0314, 0x1B95, 0x2C37, 0x2477, 0x2C36, 0x1C15, 0x0BB5, 0x6538, 0xBE7C, 0xFFFF, 0xC6BD,
  0x6CB8, 0x23D4, 0x1BD4, 0x1BF5, 0x1BB4, 0x1BF5, 0x2C36, 0x0355, 0x0336, 0x0B75, 0x0314, 0x0355,
  0x1C16, 0x2417, 0x23F6, 0x1BF6, 0x1353, 0x3BB5, 0xC71C, 0xEFBE, 0xEFFF, 0xF7FF, 0xFFFE, 0xFFFE,
  0xFFFF, 0xFFFF, 0xFFFF, 0xFFFF, 0xFFFF, 0xFFFF, 0xFFFF, 0xFFFF, 0xFFFF, 0xFFFF, 0xFFFF, 0xFFFF,
  0x5496, 0x0291, 0x0314, 0x02F4, 0x1B75, 0x8D99, 0xE75E, 0xFFFF, 0xFFDE, 0xFFFF, 0xFFDE, 0xFFDF,
  0xFFDF, 0xF7FF, 0xFFFF, 0xEF5D, 0xB67A, 0x2BF7, 0x0B76, 0x1BF7, 0x23F6, 0x23F5, 0x13D4, 0x1C15,
  0x1435, 0x13D6, 0x13D5, 0x13D5, 0x1BD5, 0x13F6, 0x1BF6, 0x1BD5, 0x1B94, 0x3BB5, 0x8538, 0xD6DD,
  0xFFFF, 0xC71E, 0x6D19, 0x0B13, 0x1B96, 0x1BD5, 0x23D5, 0x1BF5, 0x1BF6, 0x13F6, 0x1C16, 0x1BF5,
  0x1BF5, 0x13D6, 0x1BF6, 0x13B6, 0x2B95, 0x64D7, 0xFFFF, 0xFFFF, 0xFFFF, 0xFFFF, 0xF7DF, 0xEFFE,
  0xFFFD, 0xFFFF, 0xFFFF, 0xFFFF, 0xFFFF, 0xFFFF, 0xFFFF, 0xFFFF, 0xFFFF, 0xFFFF, 0xFFFF, 0xFFFF,
  0xFFFF, 0xFFFF, 0xFFFF, 0xFFFF, 0xFFFF, 0xFFFF, 0xFFFF, 0xFFFF, 0xFFFF, 0xFFFF, 0xFFFF, 0xFFFF,
  0xFFFF, 0xFFFF, 0xFFFF, 0xFFFF, 0xFFFF, 0xFFFF, 0xFFFF, 0xFFFF, 0xFFFF, 0xFFFF, 0xFFFF, 0xFFFF,
  0xFFFF, 0xFFFF, 0xFFFF, 0xFFFF, 0xFFFF, 0xFFFF, 0xFFFF, 0xFFFF, 0xFFFF, 0xFFFF, 0xFFFF, 0xFFFF,
  0xFFFF, 0xFFFF, 0xFFFF, 0xFFFF, 0xF7BE, 0x3373, 0x0270, 0x1374, 0x0292, 0x2B94, 0xFFBD, 0xFFFF,
  0xFFFF, 0xFFFF, 0xFFFF, 0xFFFF, 0xFFFF, 0xFFFF, 0xFFFF, 0xF7FE, 0xFFDF, 0xFFDF, 0xFFFF, 0xFFDE,
  0xFFFE, 0xFFDE, 0xFFFF, 0xFFFF, 0xBE39, 0x6496, 0x02F3, 0x0B54, 0x1375, 0x1334, 0x02D3, 0x0292,
  0x0270, 0x0314, 0x0B96, 0x13B4, 0x0291, 0x0AB2, 0xD6DC, 0xF7DE, 0xF7FE, 0xFFFF, 0xFFFF, 0xFFFF,
  0xFFFF, 0xFFFF, 0xFFFF, 0xFFFF, 0xFFFF, 0xFFFF, 0xFFFF, 0xFFFF, 0xFFFF, 0xFFFF, 0xFFFF, 0xFFFF,
  0xFFFF, 0xFFFF, 0xFFFF, 0xFFFF, 0xFFFF, 0xFFFF, 0xFFFF, 0xFFFF, 0xFFFF, 0xFFFF, 0xFFFF, 0xF7FE,
  0xFFFF, 0xFFDF, 0xFFFE, 0xFFFF, 0xFFFF, 0xFFFF, 0xFFFF, 0xFFFF, 0xFFFF, 0xCF1E, 0x0313, 0x0333,
  0x0353, 0x02D1, 0x9559, 0xFF9F, 0xFFFF, 0xFFFF, 0xFFFF, 0xFFFF, 0xFFFF, 0xFFFF, 0xFFFD, 0xFFFE,
  0xFFFF, 0xFFFF, 0xFFFF, 0xFFFF, 0xFFFF, 0xFFFF, 0xF7FF, 0x3354, 0x0251, 0x1395, 0x0293, 0x3C16,
  0xF7BD, 0xFFFF, 0xFFFF, 0xFFFF, 0xFFFF, 0xFFFF, 0xFFFD, 0xFFFE, 0xFFFF, 0xF7FF, 0xFFDF, 0xFFBE,
  0xFFFF, 0xFFFF, 0xFFFF, 0xFFFF, 0xFFFF, 0xFFFF, 0xFFFF, 0xFFFF, 0xFFFF, 0xFFFF, 0xFFFF, 0xFFFF,
  0x4497, 0x02D3, 0x0B74, 0x02D2, 0x1B54, 0x8D59, 0xE75E, 0xFFFF, 0xF7FF, 0xF7FF, 0xFFFF, 0xFFDF,
  0xFFFF, 0xFFFF, 0xFFFF, 0xFFFE, 0xFFFE, 0xFFFF, 0xFFFF, 0xFFFF, 0xFFFF, 0xFFFF, 0xFFFF, 0xFFFF,
  0xFFFF, 0xFFFF, 0xFFFF, 0xFFFF, 0xFFFF, 0xFFFF, 0xFFFF, 0xFFFF, 0xFFFF, 0xFFFF, 0xFFFF, 0xFFFE,
  0xFFFE, 0xFFFC, 0xFFFD, 0xFFFF, 0xFFFF, 0xFFFF, 0xFFFF, 0xFFFF, 0xFFFF, 0xFFFF, 0xFFFF, 0xFFFF,
  0xFFFF, 0xFFFF, 0xFFFF, 0xFFFF, 0xFFFF, 0xFFFF, 0xFFFE, 0xFFDD, 0xFFFD, 0xFFDF, 0xF7FF, 0xFFFF,
  0xFFDF, 0xFFFF, 0xFFFF, 0xFFFF, 0xFFFF, 0xFFFF, 0xFFFF, 0xFFFF, 0xFFFF, 0xFFFF, 0xFFFF, 0xFFFF,
  0xFFFF, 0xFFFF, 0xFFFF, 0xFFFF, 0xFFFF, 0xFFFF, 0xFFFF, 0xFFFF, 0xFFFF, 0xFFFF, 0xFFFF, 0xFFFF,
  0xFFFF, 0xFFFF, 0xFFFF, 0xFFFF, 0xFFFF, 0xFFFF, 0xFFFF, 0xFFFF, 0xFFFF, 0xFFFF, 0xFFFF, 0xFFFF,
  0xFFFF, 0xFFFF, 0xFFFF, 0xFFFF, 0xFFFF, 0xFFFF, 0xFFFF, 0xFFFF, 0xFFFF, 0xFFFF, 0xFFFF, 0xFFFF,
  0xFFFF, 0xFFFE, 0xFFFF, 0xFFFF, 0xEFDE, 0x2B94, 0x0292, 0x1375, 0x0271, 0x2353, 0xFFDE, 0xFFFF,
  0xFFFF, 0xFFFF, 0xFFFF, 0xFFFF, 0xFFFF, 0xFFFF, 0xFFDF, 0xF7FF, 0xFFFF, 0xFFFF, 0xFFDE, 0xF7DF,
  0xFFFF, 0xF7FE, 0xFFFF, 0xFFFF, 0xB61A, 0x6496, 0x02D3, 0x0B54, 0x1374, 0x02F3, 0x4C77, 0x7CF8,
  0x7495, 0x2BB5, 0x0314, 0x1374, 0x0293, 0x02B3, 0xD6FE, 0xFFFF, 0xFFFF, 0xFFDF, 0xFFFE, 0xFFFF,
  0xFFFF, 0xFFFF, 0xFFFF, 0xFFFF, 0xFFFF, 0xFFFF, 0xFFFF, 0xFFFF, 0xFFFF, 0xFFFF, 0xFFFF, 0xFFFF,
  0xFFFF, 0xFFFF, 0xFFFF, 0xFFFF, 0xFFFF, 0xFFFF, 0xFFFF, 0xFFFF, 0xFFFF, 0xFFFF, 0xFFFF, 0xF7FF,
  0xFFFF, 0xFFFE, 0xFFFF, 0xE79E, 0xAE3A, 0x95DA, 0x95BA, 0x9DFA, 0xAE3B, 0x7518, 0x0332, 0x0353,
  0x0B54, 0x0332, 0x4477, 0x8D7A, 0x9E1B, 0xA5DA, 0x9DB9, 0x7D99, 0xAE5C, 0xDF5E, 0xF7FD, 0xFFFE,
  0xFFFF, 0xFFFF, 0xFFFF, 0xFFFF, 0xFFFF, 0xFFFF, 0xF7FF, 0x2374, 0x0271, 0x1394, 0x0252, 0x43D6,
  0xFFDE, 0xFFFF, 0xFFFF, 0xFFFF, 0xFFFF, 0xFFFF, 0xFFFD, 0xFFFE, 0xFFFF, 0xF7FF, 0xFFFF, 0xFFDF,
  0xFFFF, 0xFFFF, 0xFFFF, 0xFFFF, 0xFFFF, 0xFFFF, 0xFFFF, 0xFFFF, 0xFFFF, 0xFFFF, 0xFFFF, 0xFFFF,
  0x3CB7, 0x02B3, 0x0B74, 0x02F2, 0x1373, 0x8D59, 0xE75D, 0xFFFF, 0xF7FF, 0xFFDE, 0xFFDF, 0xFFFE,
  0xFFDF, 0xFFDF, 0xFFDF, 0xFFFF, 0xFFFE, 0xFFFF, 0xFFFF, 0xFFFF, 0xFFFF, 0xFFFF, 0xFFFF, 0xFFFF,
  0xFFFF, 0xFFFF, 0xFFFF, 0xFFFF, 0xFFFF, 0xFFFF, 0xFFFF, 0xFFFF, 0xFFFF, 0xFFFF, 0xFFFF, 0xFFFF,
  0xFFFE, 0xFFFE, 0xFFFE, 0xFFFF, 0xFFFF, 0xFFFF, 0xFFFF, 0xFFFF, 0xFFFF, 0xFFFF, 0xFFFF, 0xFFFF,
  0xFFFF, 0xFFFF, 0xFFFF, 0xFFFF, 0xFFFF, 0xFFFF, 0xFFDE, 0xFFFE, 0xFFFE, 0xFFFF, 0xF7DF, 0xF7DF,
  0xFFFF, 0xFFFF, 0xFFFF, 0xFFFF, 0xFFFF, 0xFFFF, 0xFFFF, 0xFFFF, 0xFFFF, 0xFFFF, 0xFFFF, 0xFFFF,
  0xFFFF, 0xFFFF, 0xFFFF, 0xFFFF, 0xFFFF, 0xFFFF, 0xFFFF, 0xFFFF, 0xFFFF, 0xFFFF, 0xFFFF, 0xFFFF,
  0xFFFF, 0xFFFF, 0xFFFF, 0xFFFF, 0xFFFF, 0xFFFF, 0xFFFF, 0xFFFF, 0xFFFF, 0xFFFF, 0xFFFF, 0xFFFF,
  0xFFFF, 0xFFFF, 0xFFFF, 0xFFFF, 0xFFFF, 0xFFFF, 0xFFFF, 0xFFFF, 0xFFFF, 0xFFFF, 0xFFDF, 0xFFFF,
  0xFFDE, 0xF7FD, 0xFFFF, 0xF7FF, 0xDF7D, 0x2395, 0x0273, 0x0B54, 0x0232, 0x2B13, 0xEFBE, 0xFFFF,
  0xFFFF, 0xF7DF, 0xF7FF, 0xFFDF, 0xFFDF, 0xFFFF, 0xFFFF, 0xF7FF, 0xF7FF, 0xFFDF, 0xFFFF, 0xFFFE,
  0xFFFF, 0xFFFF, 0xFFFF, 0xFFFF, 0xB61A, 0x5C76, 0x02F3, 0x0B34, 0x0B34, 0x0312, 0xAE3B, 0xFFFE,
  0xF73B, 0x6436, 0x0272, 0x1334, 0x0294, 0x0AD5, 0xCEFF, 0xFFDF, 0xFFFF, 0xFFDE, 0xFFFF, 0xFFFF,
  0xFFFF, 0xFFFF, 0xFFFF, 0xFFFF, 0xFFFF, 0xFFFF, 0xFFFF, 0xFFFF, 0xFFFF, 0xFFFF, 0xFFFF, 0xFFFF,
  0xFFFF, 0xFFFF, 0xFFFF, 0xFFFF, 0xFFFF, 0xFFFF, 0xFFFF, 0xFFFF, 0xFFFF, 0xFFFF, 0xFFFF, 0xFFFF,
  0xFFFF, 0xFFFE, 0xFFFE, 0xAE3A, 0x1B13, 0x02B3, 0x0295, 0x02D5, 0x0AF3, 0x0B13, 0x0374, 0x0B73,
  0x0B73, 0x0374, 0x0354, 0x0334, 0x0314, 0x02D3, 0x0293, 0x0231, 0x3C16, 0xAE1B, 0xEFDD, 0xFFFE,
  0xFFFE, 0xFFDE, 0xF7DE, 0xFFFF, 0xFFFF, 0xFFFF, 0xE7DE, 0x1B75, 0x0272, 0x0B73, 0x0212, 0x3B76,
  0xE79E, 0xFFDF, 0xFFFF, 0xFFFF, 0xF7FF, 0xFFFF, 0xFFFE, 0xFFFE, 0xF7FF, 0xF7FF, 0xFFFE, 0xFFDE,
  0xFFFF, 0xFFFF, 0xFFFF, 0xFFFF, 0xFFFF, 0xFFFF, 0xFFFF, 0xFFFF, 0xFFFF, 0xFFFF, 0xFFFF, 0xFFFF,
  0x3C97, 0x02B2, 0x1354, 0x02F2, 0x1373, 0x9538, 0xE75D, 0xFFFF, 0xF7FE, 0xFFDE, 0xFFDE, 0xF7FE,
  0xFFDF, 0xFFBF, 0xFFDF, 0xFFFE, 0xFFFF, 0xF7DF, 0xF7DF, 0xFFFF, 0xFFFF, 0xFFDE, 0xFFDE, 0xFFDF,
  0xFFDF, 0xFFFE, 0xF7FE, 0xFFFE, 0xF7FE, 0xFFFE, 0xFFFE, 0xFFFE, 0xFFFE, 0xFFFE, 0xF7DF, 0xFFFE,
  0xFFDF, 0xF7FF, 0xFFFF, 0xFFDE, 0xF7FF, 0xF7FF, 0xF7FF, 0xFFFF, 0xFFFF, 0xF7FF, 0xF7FF, 0xFFFF,
  0xFFDE, 0xF7DF, 0xF7DF, 0xFFFF, 0xFFFF, 0xFFFF, 0xFFFF, 0xFFFF, 0xFFFF, 0xFFFF, 0xFFDF, 0xFFDE,
  0xFFFF, 0xFFFF, 0xFFFF, 0xFFFF, 0xFFFF, 0xFFFF, 0xFFFF, 0xFFFF, 0xFFFF, 0xFFFF, 0xFFFF, 0xFFFF,
  0xFFFF, 0xFFFF, 0xFFFF, 0xFFFF, 0xFFFF, 0xFFFF, 0xFFFF, 0xFFFF, 0xFFFF, 0xFFFF, 0xFFFF, 0xFFFF,
  0xFFFF, 0xFFFF, 0xFFFF, 0xFFFF, 0xFFFF, 0xFFFF, 0xFFFF, 0xFFFF, 0xFFFF, 0xFFFF, 0xFFFF, 0xFFFF,
  0xFFFF, 0xFFFF, 0xFFFF, 0xFFFF, 0xFFFF, 0xFFFF, 0xFFFF, 0xFFFF, 0xFFFF, 0xFFFF, 0xFFDF, 0xFFFF,
  0xFFFE, 0xFFFF, 0xFFFF, 0xF79E, 0xD6DC, 0x0A72, 0x0130, 0x0233, 0x0111, 0x0253, 0xE79D, 0xF7FF,
  0xFFFF, 0xFFFE, 0xFFFE, 0xFFFE, 0xFFBE, 0xF7DF, 0xFFFF, 0xF7FF, 0xFFFF, 0xFFFF, 0xFFFF, 0xFFFF,
  0xFFDF, 0xFFDE, 0xFFFF, 0xFFFF, 0xB61A, 0x5CB6, 0x0313, 0x02F3, 0x0B53, 0x23F7, 0xCF3E, 0xFFFF,
  0xFFDE, 0x5C97, 0x0252, 0x1374, 0x02B4, 0x0AF4, 0xD6FD, 0xFFDF, 0xF7FF, 0xFFFF, 0xFFDF, 0xFFFF,
  0xFFFF, 0xFFFF, 0xFFFF, 0xFFFF, 0xFFFF, 0xFFFF, 0xFFFF, 0xFFFF, 0xFFFF, 0xFFFF, 0xFFFF, 0xFFFF,
  0xFFFF, 0xFFFF, 0xFFFF, 0xFFFF, 0xFFFF, 0xFFFF, 0xFFFF, 0xFFFF, 0xFFFF, 0xFFFF, 0xFFFF, 0xF7DF,
  0xFFFF, 0xFFFF, 0xCE7B, 0x6C96, 0x0271, 0x0313, 0x0375, 0x0354, 0x0393, 0x0B74, 0x1B56, 0x1B55,
  0x1B74, 0x1374, 0x1354, 0x0B35, 0x0353, 0x0374, 0x0333, 0x0274, 0x5C58, 0xBE3B, 0xFFDE, 0xFFFF,
  0xFFFF, 0xFFDF, 0xFFFF, 0xF7FF, 0xFFFF, 0xFFFF, 0xEF9E, 0x0A52, 0x010E, 0x0251, 0x00D0, 0x2294,
  0xEF5D, 0xFFDE, 0xFFFE, 0xF7DE, 0xFFFE, 0xFFFE, 0xFFDE, 0xFFDF, 0xFFDE, 0xFFFF, 0xFFDF, 0xFFDF,
  0xFFFF, 0xFFFF, 0xFFFF, 0xFFFF, 0xFFFF, 0xFFFF, 0xFFFF, 0xFFFF, 0xFFFF, 0xFFFF, 0xFFFF, 0xFFFF,
  0x4496, 0x0292, 0x0B74, 0x0313, 0x1394, 0x9D7A, 0xEF7D, 0xFFFF, 0xF7FF, 0xFFFF, 0xFFFF, 0xF7FF,
  0xF7FF, 0xEFFF, 0xF7FE, 0xFFFF, 0xF7FE, 0xFFDF, 0xFFDF, 0xFFDF, 0xFFFF, 0xF7FE, 0xF7FE, 0xF7FF,
  0xFFDF, 0xFF9F, 0xFFDF, 0xFFDF, 0xFFFF, 0xFFFF, 0xF7FF, 0xFFFF, 0xFFFE, 0xFFFF, 0xFFFF, 0xFFFF,
  0xFFFF, 0xF7DF, 0xFFDF, 0xFFDE, 0xFFDE, 0xFFDE, 0xFFFF, 0xFFFE, 0xFFFE, 0xFFFE, 0xFFFF, 0xF7FF,
  0xFFDE, 0xFFFE, 0xFFFE, 0xFFFE, 0xFFFE, 0xFFFE, 0xF7FF, 0xF7FF, 0xFFFF, 0xFFFF, 0xFFFF, 0xFFFF,
  0xFFDF, 0xF7FF, 0xFFFF, 0xFFFF, 0xFFFF, 0xFFFF, 0xFFFF, 0xFFFF, 0xFFFF, 0xFFFF, 0xFFFF, 0xFFFF,
  0xFFFF, 0xFFFF, 0xFFFF, 0xFFFF, 0xFFFF, 0xFFFF, 0xFFFF, 0xFFFF, 0xFFFF, 0xFFFF, 0xFFFF, 0xFFFF,
  0xFFFF, 0xFFFF, 0xFFFF, 0xFFFF, 0xFFFF, 0xFFFF, 0xFFFF, 0xFFFF, 0xFFFF, 0xFFFF, 0xFFFF, 0xFFFF,
  0xFFFF, 0xFFFF, 0xFFFF, 0xFFFF, 0xFFFF, 0xFFFF, 0xFFFF, 0xFFFF, 0xFFFF, 0xF7FF, 0xF7DE, 0xF7FE,
  0xFFFE, 0xF7FF, 0xFFFF, 0xFFBF, 0xF77D, 0x74F8, 0x5437, 0x64D9, 0x5416, 0x74B8, 0xEFFE, 0xFFFF,
  0xFFFF, 0xFFFF, 0xFFFF, 0xFFDF, 0xFFDF, 0xFFDF, 0xFFFF, 0xF7DF, 0xFFDE, 0xFFFF, 0xF7FE, 0xFFFF,
  0xFFDF, 0xFFFF, 0xFFFF, 0xFFFF, 0xAE1A, 0x5C96, 0x02F3, 0x02F3, 0x0B33, 0x1B95, 0xDF5E, 0xFFFF,
  0xFFFF, 0x5CB7, 0x0230, 0x13B5, 0x02D3, 0x0AD4, 0xD6DD, 0xFFDE, 0xFFFF, 0xFFDF, 0xFFFF, 0xFFFF,
  0xFFFF, 0xFFFF, 0xFFFF, 0xFFFF, 0xFFFF, 0xFFFF, 0xFFFF, 0xFFFF, 0xFFFF, 0xFFFF, 0xFFFF, 0xFFFF,
  0xFFFF, 0xFFFF, 0xFFFF, 0xFFFF, 0xFFFF, 0xFFFF, 0xFFFF, 0xFFFF, 0xFFFF, 0xFFFF, 0xFFFF, 0xFFDF,
  0xFFFF, 0xFFFF, 0xBE5A, 0x5C96, 0x0272, 0x0354, 0x0B74, 0x0374, 0x0353, 0x0313, 0x02D4, 0x02F4,
  0x0314, 0x0312, 0x0314, 0x0334, 0x0373, 0x0B73, 0x0B74, 0x02B3, 0x5C57, 0xC61A, 0xFFFF, 0xFFFF,
  0xFFFF, 0xFFFF, 0xFFDF, 0xFFFF, 0xFFFF, 0xFFFF, 0xF79D, 0x74B8, 0x4C35, 0x6CF6, 0x53F6, 0x84F9,
  0xEF9E, 0xFFDF, 0xFFFE, 0xFFFF, 0xF7FF, 0xFFFE, 0xFFDF, 0xFFDF, 0xFFDF, 0xFFDF, 0xFFDF, 0xFFDF,
  0xFFFF, 0xFFFF, 0xFFFF, 0xFFFF, 0xFFFF, 0xFFFF, 0xFFFF, 0xFFFF, 0xFFFF, 0xFFFF, 0xFFFF, 0xFFFF,
  0x3CB7, 0x02D3, 0x0B54, 0x0313, 0x1395, 0x8D18, 0xEF7E, 0xFFFF, 0xFFFF, 0xFFFF, 0xFFFF, 0xFFFF,
  0xFFFF, 0xFFFF, 0xFFFE, 0xFFFE, 0xFFFF, 0xFFDF, 0xFFFF, 0xF7DF, 0xF7FF, 0xFFFF, 0xFFFF, 0xFFFE,
  0xF7DE, 0xFFDF, 0xF7DF, 0xFFFF, 0xF7FF, 0xFFFF, 0xFFFE, 0xFFFE, 0xFFFE, 0xFFFF, 0xFFFF, 0xF7DF,
  0xFFFF, 0xF7FF, 0xFFDE, 0xFFDE, 0xFFDF, 0xFFFF, 0xFFFF, 0xFFDF, 0xFFFF, 0xFFFF, 0xFFDF, 0xFFDF,
  0xFFDE, 0xFFFF, 0xFFFF, 0xFFFF, 0xFFFE, 0xF7FF, 0xF7FF, 0xF7FF, 0xF7FF, 0xFFFF, 0xFFFF, 0xFFDF,
  0xFFDF, 0xFFDF, 0xFFFF, 0xFFFF, 0xFFFF, 0xFFFF, 0xFFFF, 0xFFFF, 0xFFFF, 0xFFFF, 0xFFFF, 0xFFFF,
  0xFFFF, 0xFFFF, 0xFFFF, 0xFFFF, 0xFFFF, 0xFFFF, 0xFFFF, 0xFFFF, 0xFFFF, 0xFFFF, 0xFFFF, 0xFFFF,
  0xFFFF, 0xFFFF, 0xFFFF, 0xFFFF, 0xFFFF, 0xFFFF, 0xFFFF, 0xFFFF, 0xFFFF, 0xFFFF, 0xFFFF, 0xFFFF,
  0xFFFF, 0xFFFF, 0xFFFF, 0xFFFF, 0xFFFF, 0xFFFF, 0xFFFF, 0xFFFF, 0xFFFF, 0xF7FE, 0xF7DD, 0xF7FE,
  0xF7FE, 0xF7FE, 0xF7DF, 0xFFFF, 0xFFFE, 0xF7BF, 0xEFBF, 0xEFDF, 0xF79D, 0xF79D, 0xF7FF, 0xFFFF,
  0xFFFF, 0xFFFF, 0xFFDF, 0xFFFF, 0xFFFF, 0xFFDF, 0xFFDF, 0xFFBE, 0xFFBE, 0xFFDF, 0xFFFF, 0xFFFF,
  0xFFFF, 0xFFFE, 0xFFFF, 0xFFFF, 0xADF9, 0x6476, 0x02D2, 0x0333, 0x0B33, 0x0333, 0xBEBC, 0xFFFF,
  0xEFFF, 0x5C76, 0x0271, 0x13B5, 0x02B3, 0x02F3, 0xCEDC, 0xFFDE, 0xFFFE, 0xF7FE, 0xFFFF, 0xFFFF,
  0xFFFF, 0xFFFF, 0xFFFF, 0xFFFF, 0xFFFF, 0xFFFF, 0xFFFF, 0xFFFF, 0xFFFF, 0xFFFF, 0xFFFF, 0xFFFF,
  0xFFFF, 0xFFFF, 0xFFFF, 0xFFFF, 0xFFFF, 0xFFFF, 0xFFFF, 0xFFFF, 0xFFFF, 0xFFFF, 0xFFFF, 0xFFDF,
  0xFFFF, 0xFFFF, 0xB69B, 0x5CD7, 0x0293, 0x1374, 0x1374, 0x0353, 0x0B53, 0x0333, 0x02D3, 0x02F4,
  0x0314, 0x0352, 0x0B73, 0x0B74, 0x0B53, 0x1353, 0x1374, 0x02B2, 0x5C75, 0xC5F9, 0xFFFF, 0xFFFF,
  0xF7FE, 0xFFFF, 0xF7FF, 0xF7FF, 0xFFFF, 0xFFDE, 0xFF9D, 0xEF9F, 0xEFDF, 0xFFFD, 0xF79E, 0xFF9F,
  0xFFDF, 0xFFFF, 0xFFFF, 0xFFFF, 0xFFFE, 0xFFFF, 0xFFDF, 0xFFDF, 0xFFDF, 0xFFBF, 0xFFBF, 0xFFBE,
  0xFFFF, 0xFFFF, 0xFFFF, 0xFFFF, 0xFFFF, 0xFFFF, 0xFFFF, 0xFFFF, 0xFFFF, 0xFFFF, 0xFFFF, 0xFFFF,
  0x3CB9, 0x02D4, 0x0335, 0x0335, 0x1375, 0x6495, 0xC6BC, 0xFFFF, 0xF79F, 0xF77F, 0xF77F, 0xEF7D,
  0xE77D, 0xDF9D, 0xFFFD, 0xFFFE, 0xFFFE, 0xFFDE, 0xFFFF, 0xF7DF, 0xF7FF, 0xFFFF, 0xFFFF, 0xFFDE,
  0xFFFF, 0xF7FE, 0xFFFE, 0xF7FE, 0xFFFE, 0xF7FF, 0xFFFE, 0xFFFE, 0xFFFE, 0xFFDE, 0xFFFF, 0xFFDF,
  0xF7FF, 0xF7FF, 0xFFDF, 0xFFBE, 0xFFDF, 0xFFDF, 0xFFFF, 0xFFDF, 0xFFDE, 0xFFDF, 0xF7DF, 0xFFDF,
  0xFFFE, 0xFFFF, 0xFFFF, 0xF7FE, 0xFFDF, 0xF7FF, 0xEFFF, 0xF7FF, 0xF7FE, 0xF7FF, 0xFFDE, 0xF7DF,
  0xFFBE, 0xFFDF, 0xFFFF, 0xFFFF, 0xFFFF, 0xFFFF, 0xFFFF, 0xFFFF, 0xFFFF, 0xFFFF, 0xFFFF, 0xFFFF,
  0xFFFF, 0xFFFF, 0xFFFF, 0xFFFF, 0xFFFF, 0xFFFF, 0xFFFF, 0xFFFF, 0xFFFF, 0xFFFF, 0xFFFF, 0xFFFF,
  0xFFFF, 0xFFFF, 0xFFFF, 0xFFFF, 0xFFFF, 0xFFFF, 0xFFFF, 0xFFFF, 0xFFFF, 0xFFFF, 0xFFFF, 0xFFFF,
  0xFFFF, 0xFFFF, 0xFFFF, 0xFFFF, 0xFFFF, 0xFFFF, 0xFFFF, 0xFFFF, 0xFFFF, 0xFFDF, 0xFFDE, 0xFFFF,
  0xFFFF, 0xFFDF, 0xF7FF, 0xF7DE, 0xFFFD, 0xFFFF, 0xFFFF, 0xFFFF, 0xFFBF, 0xFF9E, 0xFFFF, 0xF7FE,
  0xFFFF, 0xFFFE, 0xFFFF, 0xFFFF, 0xF7FF, 0xFFFF, 0xF7FF, 0xFFFF, 0xF7FF, 0xFFFF, 0xFFDF, 0xFFDF,
  0xFFFF, 0xEFDE, 0xF7FE, 0xFFFF, 0xBE1A, 0x6C96, 0x02D3, 0x0314, 0x0B54, 0x0353, 0x0B13, 0x1AF3,
  0x1314, 0x0B15, 0x0335, 0x0B95, 0x02D3, 0x0AF3, 0xCEBB, 0xF7BE, 0xFFFE, 0xFFFF, 0xFFFF, 0xFFFF,
  0xFFFF, 0xFFFF, 0xFFFF, 0xFFFF, 0xFFFF, 0xFFFF, 0xFFFF, 0xFFFF, 0xFFFF, 0xFFFF, 0xFFFF, 0xFFFF,
  0xFFFF, 0xFFFF, 0xFFFF, 0xFFFF, 0xFFFF, 0xFFFF, 0xFFFF, 0xFFFF, 0xFFFF, 0xFFFF, 0xFFFF, 0xFFBC,
  0xFFFE, 0xFFFF, 0xBE5B, 0x6CB8, 0x0274, 0x0377, 0x0374, 0x02D1, 0x54B6, 0x8D99, 0x8599, 0x7D58,
  0x7D38, 0x8D78, 0x9579, 0x74D8, 0x0B54, 0x0374, 0x0375, 0x0293, 0x5C57, 0xBE1A, 0xFFFF, 0xFFFF,
  0xFFDF, 0xFFDE, 0xFFDF, 0xFFDF, 0xF7DF, 0xF7DF, 0xFFFE, 0xFFFF, 0xFFFF, 0xF7DE, 0xFFDF, 0xFFBF,
  0xFFFE, 0xF7DE, 0xFFFE, 0xF7FF, 0xFFFF, 0xF7FE, 0xFFFF, 0xF7FE, 0xFFFF, 0xF7FF, 0xF7FF, 0xF7FF,
  0xFFFF, 0xFFFF, 0xFFFF, 0xFFFF, 0xFFFF, 0xFFFF, 0xFFFF, 0xFFFF, 0xFFFF, 0xFFFF, 0xFFFF, 0xFFFF,
  0x4497, 0x02D3, 0x0354, 0x0355, 0x0354, 0x02F2, 0x0AD1, 0x1292, 0x0AB3, 0x0273, 0x0272, 0x02F4,
  0x0233, 0x1293, 0xEF5E, 0xFFFF, 0xFFDF, 0xFFFE, 0xFFFF, 0xFFFF, 0xFFFD, 0xFFDD, 0xFFBE, 0xF7FF,
  0xFFDF, 0xFFBF, 0xFFDF, 0xFFDF, 0xFFFF, 0xFFFF, 0xF7FF, 0xF7FE, 0xF7FF, 0xFFFE, 0xFFFE, 0xFFFE,
  0xFFFE, 0xFFFF, 0xFFFF, 0xFFFE, 0xFFDF, 0xF7FE, 0xFFFF, 0xFFFE, 0xF7FE, 0xF7FF, 0xF7FF, 0xEFFF,
  0xF7FE, 0xF7DE, 0xFFFE, 0xF7DE, 0xFFDE, 0xFFDE, 0xFFFE, 0xFFFF, 0xFFDE, 0xF7FF, 0xFFFF, 0xF7DF,
  0xF7FF, 0xFFFF, 0xFFFF, 0xFFFF, 0xFFFF, 0xFFFF, 0xFFFF, 0xFFFF, 0xFFFF, 0xFFFF, 0xFFFF, 0xFFFF,
  0xFFFF, 0xFFFF, 0xFFFF, 0xFFFF, 0xFFFF, 0xFFFF, 0xFFFF, 0xFFFF, 0xFFFF, 0xFFFF, 0xFFFF, 0xFFFF,
  0xFFFF, 0xFFFF, 0xFFFF, 0xFFFF, 0xFFFF, 0xFFFF, 0xFFFF, 0xFFFF, 0xFFFF, 0xFFFF, 0xFFFF, 0xFFFF,
  0xFFFF, 0xFFFF, 0xFFFF, 0xFFFF, 0xFFFF, 0xFFFF, 0xFFFF, 0xFFFF, 0xFFFF, 0xFFFF, 0xFFFF, 0xF7DF,
  0xF7FF, 0xFFDE, 0xF7FF, 0xFFFF, 0xFFFE, 0xFFFE, 0xFFFF, 0xFFFF, 0xFFFE, 0xFFFF, 0xFFDE, 0xFFDF,
  0xFFFF, 0xF7DF, 0xFFFF, 0xFFFF, 0xFFFF, 0xFFFE, 0xFFDF, 0xFFFF, 0xFFFF, 0xF7FF, 0xFFDF, 0xFFFF,
  0xFFFF, 0xEFFE, 0xFFFF, 0xFFFF, 0xBE19, 0x6496, 0x02F3, 0x0354, 0x0B54, 0x0373, 0x02D3, 0x02B2,
  0x02D3, 0x0B13, 0x1353, 0x0BB4, 0x02D3, 0x0AF3, 0xCEBC, 0xF7BE, 0xFFFF, 0xFFFF, 0xFFDF, 0xFFFF,
  0xFFFF, 0xFFFF, 0xFFFF, 0xFFFF, 0xFFFF, 0xFFFF, 0xFFFF, 0xFFFF, 0xFFFF, 0xFFFF, 0xFFFF, 0xFFFF,
  0xFFFF, 0xFFFF, 0xFFFF, 0xFFFF, 0xFFFF, 0xFFFF, 0xFFFF, 0xFFFF, 0xFFFF, 0xFFFF, 0xFFFF, 0xFFDE,
  0xFFFE, 0xFFFF, 0xBE7A, 0x64B7, 0x02B3, 0x0376, 0x0354, 0x12F1, 0xAE3A, 0xEF7E, 0xD6FD, 0xD71C,
  0xD71D, 0xDF1C, 0xF75E, 0xC65C, 0x1B53, 0x0354, 0x0355, 0x02B3, 0x5C77, 0xBE3A, 0xFFFF, 0xFFFF,
  0xFFDF, 0xF7FE, 0xFFDE, 0xFFDF, 0xF7FF, 0xF7FF, 0xFFDF, 0xFFFF, 0xFFFF, 0xFFFE, 0xFFFF, 0xFFFF,
  0xFFFE, 0xFFFF, 0xFFFF, 0xFFFF, 0xFFDE, 0xFFFE, 0xF7FF, 0xFFFF, 0xF7FE, 0xFFDE, 0xFFFF, 0xF7DF,
  0xFFFF, 0xFFFF, 0xFFFF, 0xFFFF, 0xFFFF, 0xFFFF, 0xFFFF, 0xFFFF, 0xFFFF, 0xFFFF, 0xFFFF, 0xFFFF,
  0x3C97, 0x02B3, 0x0354, 0x0B74, 0x1354, 0x0352, 0x02F2, 0x0292, 0x0294, 0x0272, 0x0292, 0x02B3,
  0x01F1, 0x0272, 0xEF9F, 0xFFFF, 0xFFFF, 0xFFDE, 0xFFFF, 0xF7FF, 0xFFDE, 0xFFDF, 0xFFDE, 0xFFDF,
  0xF7FF, 0xFFDF, 0xFFDF, 0xFFDF, 0xFFFF, 0xFFFF, 0xFFDF, 0xFFFF, 0xFFFF, 0xFFFF, 0xF7DF, 0xFFDE,
  0xFFFF, 0xFFFF, 0xFFFF, 0xF7FF, 0xF7FF, 0xFFFF, 0xFFFE, 0xFFDE, 0xFFFE, 0xFFFF, 0xF7FF, 0xF7FF,
  0xF7FE, 0xFFDE, 0xF7FE, 0xF7DE, 0xF7DE, 0xFFDF, 0xFFFE, 0xFFDF, 0xFFDF, 0xF7FF, 0xFFFF, 0xFFDF,
  0xF7FF, 0xFFFF, 0xFFFF, 0xFFFF, 0xFFFF, 0xFFFF, 0xFFFF, 0xFFFF, 0xFFFF, 0xFFFF, 0xFFFF, 0xFFFF,
  0xFFFF, 0xFFFF, 0xFFFF, 0xFFFF, 0xFFFF, 0xFFFF, 0xFFFF, 0xFFFF, 0xFFFF, 0xFFFF, 0xFFFF, 0xFFFF,
  0xFFFF, 0xFFFF, 0xFFFF, 0xFFFF, 0xFFFF, 0xFFFF, 0xFFFF, 0xFFFF, 0xFFFF, 0xFFFF, 0xFFFF, 0xFFFF,
  0xFFFF, 0xFFFF, 0xFFFF, 0xFFFF, 0xFFFF, 0xFFFF, 0xFFFF, 0xFFFF, 0xFFFF, 0xFFFF, 0xF7FF, 0xF7FF,
  0xFFDE, 0xFFBE, 0xF7FE, 0xF7FF, 0xFFFF, 0xFFFE, 0xFFFE, 0xF7FF, 0xF7FE, 0xFFDE, 0xFFBF, 0xFFDF,
  0xFFFF, 0xFFDF, 0xFFFF, 0xFFDF, 0xFFFF, 0xFFDF, 0xFFFE, 0xFFFE, 0xFFFE, 0xFFFE, 0xFFFF, 0xFFFF,
  0xFFFF, 0xF7FE, 0xFFFF, 0xFFFF, 0xB5D9, 0x6475, 0x02D3, 0x0354, 0x1354, 0x0B74, 0x1394, 0x0B94,
  0x0BB5, 0x1353, 0x1351, 0x0B73, 0x0292, 0x0AD3, 0xC6DD, 0xF7DF, 0xFFFF, 0xFFDF, 0xFFFF, 0xFFFF,
  0xFFFF, 0xFFFF, 0xFFFF, 0xFFFF, 0xFFFF, 0xFFFF, 0xFFFF, 0xFFFF, 0xFFFF, 0xFFFF, 0xFFFF, 0xFFFF,
  0xFFFF, 0xFFFF, 0xFFFF, 0xFFFF, 0xFFFF, 0xFFFF, 0xFFFF, 0xFFFF, 0xFFFF, 0xFFFF, 0xFFFF, 0xFFFF,
  0xFFFF, 0xFFFF, 0xB65A, 0x5CD6, 0x02F2, 0x0354, 0x0B75, 0x3393, 0xEF5E, 0xFFFF, 0xFFFF, 0xFFFF,
  0xFFFF, 0xFFFF, 0xFFFF, 0xF79F, 0x2354, 0x0334, 0x0355, 0x02D2, 0x5497, 0xBE5A, 0xFFFF, 0xFFFF,
  0xFFDF, 0xF7FE, 0xFFFE, 0xFFDE, 0xF7FF, 0xF7FF, 0xFFDF, 0xFFFE, 0xFFFE, 0xF7FF, 0xFFFF, 0xF7FF,
  0xFFFF, 0xFFFF, 0xFFFF, 0xFFDF, 0xFFDE, 0xFFDE, 0xFFFF, 0xF7FE, 0xFFFE, 0xFFDF, 0xF7DE, 0xFFDE,
  0xFFFF, 0xFFFF, 0xFFFF, 0xFFFF, 0xFFFF, 0xFFFF, 0xFFFF, 0xFFFF, 0xFFFF, 0xFFFF, 0xFFFF, 0xFFFF,
  0x3C98, 0x0293, 0x0333, 0x1353, 0x1B73, 0x03D3, 0x13D5, 0x13B7, 0x1376, 0x1394, 0x1BB3, 0x0394,
  0x02F3, 0x0334, 0xEFFF, 0xFFFF, 0xFFFF, 0xFFDE, 0xFFDE, 0xFFFF, 0xFFDF, 0xFFDF, 0xFFFF, 0xF7FE,
  0xF7FE, 0xF7FF, 0xF7FE, 0xF7FF, 0xFFFF, 0xFFDF, 0xFFFF, 0xFFDF, 0xFFFF, 0xFFDF, 0xF7DF, 0xF7DF,
  0xFFFF, 0xFFFE, 0xF7FE, 0xFFFF, 0xF7FF, 0xF7FF, 0xFFFF, 0xFFDF, 0xFFFF, 0xFFDF, 0xFFDF, 0xFFDF,
  0xFFFF, 0xFFDF, 0xFFFF, 0xEFDF, 0xFFDF, 0xFFDF, 0xFFFF, 0xFFDE, 0xFFDF, 0xF7FF, 0xFFFF, 0xFFDF,
  0xF7DE, 0xFFDE, 0xFFFF, 0xFFFF, 0xFFFF, 0xFFFF, 0xFFFF, 0xFFFF, 0xFFFF, 0xFFFF, 0xFFFF, 0xFFFF,
  0xFFFF, 0xFFFF, 0xFFFF, 0xFFFF, 0xFFFF, 0xFFFF, 0xFFFF, 0xFFFF, 0xFFFF, 0xFFFF, 0xFFFF, 0xFFFF,
  0xFFFF, 0xFFFF, 0xFFFF, 0xFFFF, 0xFFFF, 0xFFFF, 0xFFFF, 0xFFFF, 0xFFFF, 0xFFFF, 0xFFFF, 0xFFFF,
  0xFFFF, 0xFFFF, 0xFFFF, 0xFFFF, 0xFFFF, 0xFFFF, 0xFFFF, 0xFFFF, 0xFFFF, 0xFFFF, 0xFFFF, 0xFFFF,
  0xFFFF, 0xFFFF, 0xFFFF, 0xFFFF, 0xFFFF, 0xFFFF, 0xFFFF, 0xFFFF, 0xFFFF, 0xFFFF, 0xFFFF, 0xFFFF,
  0xFFFF, 0xFFFF, 0xFFFF, 0xFFFF, 0xFFFF, 0xFFFF, 0xFFFF, 0xFFFF, 0xFFFF, 0xFFFF, 0xFFDF, 0xFFDE,
  0xFFDE, 0xFFFE, 0xFFFE, 0xF7FF, 0x9DDA, 0x4BD6, 0x01B0, 0x01F1, 0x0252, 0x02B2, 0x0273, 0x0273,
  0x0293, 0x0292, 0x0252, 0x0234, 0x0150, 0x01F1, 0xAE9E, 0xE7DF, 0xFFFF, 0xFFFF, 0xFFDF, 0xFFFF,
  0xFFFF, 0xFFFF, 0xFFFF, 0xFFFF, 0xFFFF, 0xFFFF, 0xFFFF, 0xFFFF, 0xFFFF, 0xFFFF, 0xFFFF, 0xFFFF,
  0xFFFF, 0xFFFF, 0xFFFF, 0xFFFF, 0xFFFF, 0xFFFF, 0xFFFF, 0xFFFF, 0xFFFF, 0xFFFF, 0xFFFF, 0xFFDE,
  0xFFFF, 0xF7FF, 0xBE3B, 0x64B8, 0x02B5, 0x0333, 0x0373, 0x23B2, 0xE7BE, 0xFFFF, 0xFFFE, 0xFFFF,
  0xFFFF, 0xFFFF, 0xFFFF, 0xEFFF, 0x23B5, 0x0B54, 0x0B55, 0x0292, 0x5C55, 0xC63A, 0xFFDF, 0xFFFF,
  0xFFFF, 0xFFFF, 0xFFFF, 0xFFFF, 0xFFFF, 0xFFFF, 0xFFFF, 0xFFFF, 0xFFFF, 0xFFFF, 0xFFFF, 0xFFFF,
  0xFFFF, 0xFFFF, 0xFFFF, 0xFFFF, 0xFFFF, 0xFFDF, 0xFFFF, 0xFFFF, 0xFFFF, 0xFFFF, 0xFFFF, 0xFFFF,
  0xFFFF, 0xFFFF, 0xFFFF, 0xFFFF, 0xFFFF, 0xFFFF, 0xFFFF, 0xFFFF, 0xFFFF, 0xFFFF, 0xFFFF, 0xFFFF,
  0x2BD6, 0x01B1, 0x0273, 0x0272, 0x0273, 0x0272, 0x0273, 0x0273, 0x0272, 0x0273, 0x0272, 0x0293,
  0x01B0, 0x0A10, 0xDFBE, 0xFFFF, 0xFFDD, 0xFFFE, 0xF7FF, 0xF7FF, 0xF7FF, 0xFFDF, 0xFFDF, 0xFFFF,
  0xFFFF, 0xFFFF, 0xFFFF, 0xFFFF, 0xFFFF, 0xFFFF, 0xFFFF, 0xFFFF, 0xFFFF, 0xFFFF, 0xFFFF, 0xFFFF,
  0xFFFF, 0xFFFF, 0xFFFF, 0xFFFF, 0xFFFF, 0xFFFF, 0xFFFF, 0xFFFF, 0xFFFF, 0xFFFF, 0xFFFF, 0xFFFF,
  0xFFFF, 0xFFFF, 0xFFFF, 0xFFFF, 0xFFFF, 0xFFFF, 0xFFFF, 0xFFFF, 0xFFFF, 0xFFFF, 0xFFFF, 0xFFFF,
  0xFFFF, 0xFFFF, 0xFFFF, 0xFFFF, 0xFFFF, 0xFFFF, 0xFFFF, 0xFFFF, 0xFFFF, 0xFFFF, 0xFFFF, 0xFFFF,
  0xFFFF, 0xFFFF, 0xFFFF, 0xFFFF, 0xFFFF, 0xFFFF, 0xFFFF, 0xFFFF, 0xFFFF, 0xFFFF, 0xFFFF, 0xFFFF,
  0xFFFF, 0xFFFF, 0xFFFF, 0xFFFF, 0xFFFF, 0xFFFF, 0xFFFF, 0xFFFF, 0xFFFF, 0xFFFF, 0xFFFF, 0xFFFF,
  0xFFFF, 0xFFFF, 0xFFFF, 0xFFFF, 0xFFFF, 0xFFFF, 0xFFFF, 0xFFFF, 0xFFFF, 0xFFFF, 0xFFFF, 0xFFFF,
  0xFFFF, 0xFFFF, 0xFFFF, 0xFFFF, 0xFFFF, 0xFFFF, 0xFFFF, 0xFFFF, 0xFFFF, 0xFFFF, 0xFFFF, 0xFFFF,
  0xFFFF, 0xFFFF, 0xFFFF, 0xFFFF, 0xFFFF, 0xFFFF, 0xFFFF, 0xFFFF, 0xFFFF, 0xFFFF, 0xFFDF, 0xFFDF,
  0xFFFE, 0xFFDD, 0xFFFE, 0xF7FF, 0xC69C, 0x8D39, 0x53B5, 0x5416, 0x4C57, 0x4CB7, 0x4C77, 0x5458,
  0x4C76, 0x4C76, 0x4C77, 0x5458, 0x4BB6, 0x5BF5, 0xCF3E, 0xEFFF, 0xFFFF, 0xFFDE, 0xFFFF, 0xFFFF,
  0xFFFF, 0xFFFF, 0xFFFF, 0xFFFF, 0xFFFF, 0xFFFF, 0xFFFF, 0xFFFF, 0xFFFF, 0xFFFF, 0xFFFF, 0xFFFF,
  0xFFFF, 0xFFFF, 0xFFFF, 0xFFFF, 0xFFFF, 0xFFFF, 0xFFFF, 0xFFFF, 0xFFFF, 0xFFFF, 0xFFFF, 0xFFFF,
  0xFFFF, 0xFFFF, 0xBE19, 0x6497, 0x02B4, 0x0333, 0x0353, 0x0B73, 0x85BA, 0xB69C, 0xA61A, 0xA63A,
  0xAE1B, 0xB63A, 0xBEBB, 0x8DF9, 0x0B55, 0x0B55, 0x1374, 0x0292, 0x5C56, 0xBE3A, 0xFFFF, 0xFFFF,
  0xFFFF, 0xFFFF, 0xFFFF, 0xFFFF, 0xFFFF, 0xFFFF, 0xFFFF, 0xFFFF, 0xFFFF, 0xFFFF, 0xFFFF, 0xFFFF,
  0xFFFF, 0xFFFF, 0xFFFF, 0xFFFF, 0xFFFF, 0xFFFF, 0xFFFF, 0xFFFF, 0xFFFF, 0xFFFF, 0xFFFF, 0xFFFF,
  0xFFFF, 0xFFFF, 0xFFFF, 0xFFFF, 0xFFFF, 0xFFFF, 0xFFFF, 0xFFFF, 0xFFFF, 0xFFFF, 0xFFFF, 0xFFFF,
  0x7D59, 0x3BD5, 0x4C77, 0x5457, 0x4C77, 0x5457, 0x4C57, 0x5457, 0x4C56, 0x4C57, 0x5457, 0x5477,
  0x43D6, 0x5C37, 0xE7DF, 0xFFFF, 0xFFDC, 0xFFDF, 0xFFDF, 0xF7FF, 0xFFFF, 0xFFFE, 0xFFDE, 0xFFFF,
  0xFFDF, 0xFFFF, 0xFFFF, 0xFFFF, 0xFFFF, 0xFFFF, 0xFFFF, 0xFFFF, 0xFFFF, 0xFFFF, 0xFFFF, 0xFFFF,
  0xFFFF, 0xFFFF, 0xFFFF, 0xFFFF, 0xFFFF, 0xFFFF, 0xFFFF, 0xFFFF, 0xFFFF, 0xFFFF, 0xFFFF, 0xFFFF,
  0xFFFF, 0xFFFF, 0xFFFF, 0xFFFF, 0xFFFF, 0xFFFF, 0xFFFF, 0xFFFF, 0xFFFF, 0xFFFF, 0xFFFF, 0xFFFF,
  0xFFFF, 0xFFFF, 0xFFFF, 0xFFFF, 0xFFFF, 0xFFFF, 0xFFFF, 0xFFFF, 0xFFFF, 0xFFFF, 0xFFFF, 0xFFFF,
  0xFFFF, 0xFFFF, 0xFFFF, 0xFFFF, 0xFFFF, 0xFFFF, 0xFFFF, 0xFFFF, 0xFFFF, 0xFFFF, 0xFFFF, 0xFFFF,
  0xFFFF, 0xFFFF, 0xFFFF, 0xFFFF, 0xFFFF, 0xFFFF, 0xFFFF, 0xFFFF, 0xFFFF, 0xFFFF, 0xFFFF, 0xFFFF,
  0xFFFF, 0xFFFF, 0xFFFF, 0xFFFF, 0xFFFF, 0xFFFF, 0xFFFF, 0xFFFF, 0xFFFF, 0xFFFF, 0xFFFF, 0xFFFF,
  0xFFFF, 0xFFFF, 0xFFFF, 0xFFFF, 0xFFFF, 0xFFFF, 0xFFFF, 0xFFFF, 0xFFFF, 0xFFFF, 0xFFFF, 0xFFFF,
  0xFFFF, 0xFFFF, 0xFFFF, 0xFFFF, 0xFFFF, 0xFFFF, 0xFFFF, 0xFFFF, 0xFFFF, 0xFFFF, 0xF7FF, 0xF7FF,
  0xFFFF, 0xFFFE, 0xFFFE, 0xFFFF, 0xEF7D, 0xE71D, 0xD6BD, 0xCF1D, 0xD73E, 0xD75D, 0xDF1D, 0xE6FD,
  0xDEFB, 0xDEFB, 0xD71C, 0xDF1D, 0xD6FD, 0xCEFB, 0xEFDE, 0xFFFE, 0xFFFE, 0xFFBF, 0xFFDF, 0xFFFF,
  0xFFFF, 0xFFFF, 0xFFFF, 0xFFFF, 0xFFFF, 0xFFFF, 0xFFFF, 0xFFFF, 0xFFFF, 0xFFFF, 0xFFFF, 0xFFFF,
  0xFFFF, 0xFFFF, 0xFFFF, 0xFFFF, 0xFFFF, 0xFFFF, 0xFFFF, 0xFFFF, 0xFFFF, 0xFFFF, 0xFFFF, 0xF7DE,
  0xFFFF, 0xFFFF, 0xC619, 0x6C76, 0x0293, 0x1333, 0x1375, 0x0335, 0x1314, 0x1B15, 0x1B36, 0x1B34,
  0x1B13, 0x1B13, 0x2B72, 0x2B72, 0x0315, 0x0B75, 0x1375, 0x0293, 0x4C77, 0xB63A, 0xFFFF, 0xFFFF,
  0xFFFF, 0xFFFF, 0xFFFF, 0xFFFF, 0xFFFF, 0xFFFF, 0xFFFF, 0xFFFF, 0xFFFF, 0xFFFF, 0xFFFF, 0xFFFF,
  0xFFFF, 0xFFFF, 0xFFFF, 0xFFFF, 0xFFFF, 0xFFFF, 0xFFFF, 0xFFFF, 0xFFFF, 0xFFFF, 0xFFFF, 0xFFFF,
  0xFFFF, 0xFFFF, 0xFFFF, 0xFFFF, 0xFFFF, 0xFFFF, 0xFFFF, 0xFFFF, 0xFFFF, 0xFFFF, 0xFFFF, 0xFFFF,
  0xDF3D, 0xD6DB, 0xDF1C, 0xDF1D, 0xE71C, 0xDF1C, 0xDF3C, 0xDF1C, 0xE73D, 0xDF1C, 0xDF1C, 0xE71C,
  0xCEFE, 0xBF1F, 0xFFFF, 0xFFFE, 0xFFBD, 0xFFDF, 0xFFDF, 0xFFFF, 0xFFDE, 0xFFFE, 0xFFFF, 0xFFFF,
  0xFFFF, 0xFFFF, 0xFFFF, 0xFFFF, 0xFFFF, 0xFFFF, 0xFFFF, 0xFFFF, 0xFFFF, 0xFFFF, 0xFFFF, 0xFFFF,
  0xFFFF, 0xFFFF, 0xFFFF, 0xFFFF, 0xFFFF, 0xFFFF, 0xFFFF, 0xFFFF, 0xFFFF, 0xFFFF, 0xFFFF, 0xFFFF,
  0xFFFF, 0xFFFF, 0xFFFF, 0xFFFF, 0xFFFF, 0xFFFF, 0xFFFF, 0xFFFF, 0xFFFF, 0xFFFF, 0xFFFF, 0xFFFF,
  0xFFFF, 0xFFFF, 0xFFFF, 0xFFFF, 0xFFFF, 0xFFFF, 0xFFFF, 0xFFFF, 0xFFFF, 0xFFFF, 0xFFFF, 0xFFFF,
  0xFFFF, 0xFFFF, 0xFFFF, 0xFFFF, 0xFFFF, 0xFFFF, 0xFFFF, 0xFFFF, 0xFFFF, 0xFFFF, 0xFFFF, 0xFFFF,
  0xFFFF, 0xFFFF, 0xFFFF, 0xFFFF, 0xFFFF, 0xFFFF, 0xFFFF, 0xFFFF, 0xFFFF, 0xFFFF, 0xFFFF, 0xFFFF,
  0xFFFF, 0xFFFF, 0xFFFF, 0xFFFF, 0xFFFF, 0xFFFF, 0xFFFF, 0xFFFF, 0xFFFF, 0xFFFF, 0xFFFF, 0xFFFF,
  0xFFFF, 0xFFFF, 0xFFFF, 0xFFFF, 0xFFFF, 0xFFFF, 0xFFFF, 0xFFFF, 0xFFFF, 0xFFFF, 0xFFFF, 0xFFFF,
  0xFFFF, 0xFFFF, 0xFFFF, 0xFFFF, 0xFFFF, 0xFFFF, 0xFFFF, 0xFFFF, 0xFFFF, 0xFFFF, 0xFFFF, 0xF7FF,
  0xFFFF, 0xFFFE, 0xFFFE, 0xFFFF, 0xFFDF, 0xFFBF, 0xF7BF, 0xFFDF, 0xFFDE, 0xF7DE, 0xFFDF, 0xFFFF,
  0xFFDE, 0xFFFE, 0xFFDE, 0xF7FE, 0xFFDE, 0xF7DE, 0xFFFE, 0xFFDF, 0xFFFF, 0xFFDF, 0xFFDF, 0xFFFF,
  0xFFFF, 0xFFFF, 0xFFFF, 0xFFFF, 0xFFFF, 0xFFFF, 0xFFFF, 0xFFFF, 0xFFFF, 0xFFFF, 0xFFFF, 0xFFFF,
  0xFFFF, 0xFFFF, 0xFFFF, 0xFFFF, 0xFFFF, 0xFFFF, 0xFFFF, 0xFFFF, 0xFFFF, 0xFFFF, 0xFFFF, 0xFFFE,
  0xFFFF, 0xFFFF, 0xBE7A, 0x6CB7, 0x02B3, 0x0B54, 0x0B94, 0x03B5, 0x0B73, 0x0B53, 0x1354, 0x0355,
  0x0375, 0x0377, 0x0B74, 0x0373, 0x0B95, 0x13B5, 0x1BB4, 0x02D2, 0x54B7, 0xB69B, 0xFFFD, 0xFFFF,
  0xFFFF, 0xFFFF, 0xFFFF, 0xFFFF, 0xFFFF, 0xFFFF, 0xFFFF, 0xFFFF, 0xFFFF, 0xFFFF, 0xFFFF, 0xFFFF,
  0xFFFF, 0xFFFF, 0xFFFF, 0xFFFF, 0xFFFF, 0xFFFF, 0xFFFF, 0xFFFF, 0xFFFF, 0xFFFF, 0xFFFF, 0xFFFF,
  0xFFFF, 0xFFFF, 0xFFFF, 0xFFFF, 0xFFFF, 0xFFFF, 0xFFFF, 0xFFFF, 0xFFFF, 0xFFFF, 0xFFFF, 0xFFFF,
  0xFFDF, 0xF7DF, 0xFFDF, 0xFFFE, 0xFFFF, 0xFFDF, 0xFFFF, 0xFFDE, 0xFFDF, 0xFFFF, 0xFFFF, 0xFFDF,
  0xF7DF, 0xF7DF, 0xFFFE, 0xFFFF, 0xFFFF, 0xFFDF, 0xFFBF, 0xF7DF, 0xFFFF, 0xFFFE, 0xFFFE, 0xF7FF,
  0xF7DF, 0xFFFF, 0xFFFF, 0xFFFF, 0xFFFF, 0xFFFF, 0xFFFF, 0xFFFF, 0xFFFF, 0xFFFF, 0xFFFF, 0xFFFF,
  0xFFFF, 0xFFFF, 0xFFFF, 0xFFFF, 0xFFFF, 0xFFFF, 0xFFFF, 0xFFFF, 0xFFFF, 0xFFFF, 0xFFFF, 0xFFFF,
  0xFFFF, 0xFFFF, 0xFFFF, 0xFFFF, 0xFFFF, 0xFFFF, 0xFFFF, 0xFFFF, 0xFFFF, 0xFFFF, 0xFFFF, 0xFFFF,
  0xFFFF, 0xFFFF, 0xFFFF, 0xFFFF, 0xFFFF, 0xFFFF, 0xFFFF, 0xFFFF, 0xFFFF, 0xFFFF, 0xFFFF, 0xFFFF,
  0xFFFF, 0xFFFF, 0xFFFF, 0xFFFF, 0xFFFF, 0xFFFF, 0xFFFF, 0xFFFF, 0xFFFF, 0xFFFF, 0xFFFF, 0xFFFF,
  0xFFFF, 0xFFFF, 0xFFFF, 0xFFFF, 0xFFFF, 0xFFFF, 0xFFFF, 0xFFFF, 0xFFFF, 0xFFFF, 0xFFFF, 0xFFFF,
  0xFFFF, 0xFFFF, 0xFFFF, 0xFFFF, 0xFFFF, 0xFFFF, 0xFFFF, 0xFFFF, 0xFFFF, 0xFFFF, 0xFFFF, 0xFFFF,
  0xFFFF, 0xFFFF, 0xFFFF, 0xFFFF, 0xFFFF, 0xFFFF, 0xFFFF, 0xFFFF, 0xFFFF, 0xFFFF, 0xFFFF, 0xFFFF,
  0xFFFF, 0xFFFF, 0xFFFF, 0xFFFF, 0xFFFF, 0xFFFF, 0xFFFF, 0xFFFF, 0xFFFF, 0xFFFF, 0xF7FF, 0xFFFF,
  0xFFDF, 0xFFFF, 0xFFFF, 0xFFDE, 0xFFFF, 0xFFFF, 0xFFFF, 0xFFFF, 0xFFFF, 0xFFFE, 0xFFFF, 0xFFFF,
  0xFFFF, 0xFFFF, 0xFFFF, 0xFFFE, 0xFFFE, 0xFFFF, 0xFFFF, 0xFFFF, 0xFFDF, 0xFFDF, 0xFFFF, 0xFFFF,
  0xFFFF, 0xFFFF, 0xFFFF, 0xFFFF, 0xFFFF, 0xFFFF, 0xFFFF, 0xFFFF, 0xFFFF, 0xFFFF, 0xFFFF, 0xFFFF,
  0xFFFF, 0xFFFF, 0xFFFF, 0xFFFF, 0xFFFF, 0xFFFF, 0xFFFF, 0xFFFF, 0xFFFF, 0xFFFF, 0xFFFF, 0xFFDE,
  0xFFFF, 0xFFFF, 0xAE3B, 0x5477, 0x0272, 0x02F3, 0x0313, 0x0334, 0x02F3, 0x02F3, 0x02F4, 0x02F4,
  0x0315, 0x0316, 0x0313, 0x02F2, 0x0334, 0x0B33, 0x0B12, 0x0292, 0x4C76, 0xAE7C, 0xFFFE, 0xFFFF,
  0xFFFF, 0xFFFF, 0xFFFF, 0xFFFF, 0xFFFF, 0xFFFF, 0xFFFF, 0xFFFF, 0xFFFF, 0xFFFF, 0xFFFF, 0xFFFF,
  0xFFFF, 0xFFFF, 0xFFFF, 0xFFFF, 0xFFFF, 0xFFFF, 0xFFFF, 0xFFFF, 0xFFFF, 0xFFFF, 0xFFFF, 0xFFFF,
  0xFFFF, 0xFFFF, 0xFFFF, 0xFFFF, 0xFFFF, 0xFFFF, 0xFFFF, 0xFFFF, 0xFFFF, 0xFFFF, 0xFFFF, 0xFFFF,
  0xFFFF, 0xFFFF, 0xFFFF, 0xFFFF, 0xFFFF, 0xFFFF, 0xFFFF, 0xFFFF, 0xFFFF, 0xFFFF, 0xFFFF, 0xFFFF,
  0xFFFF, 0xFFFE, 0xFFFF, 0xFFFE, 0xFFFF, 0xFFDF, 0xFFDF, 0xFFDF, 0xFFDF, 0xFFFE, 0xF7FE, 0xF7FF,
  0xF7DF, 0xFFFF, 0xFFFF, 0xFFFF, 0xFFFF, 0xFFFF, 0xFFFF, 0xFFFF, 0xFFFF, 0xFFFF, 0xFFFF, 0xFFFF,
  0xFFFF, 0xFFFF, 0xFFFF, 0xFFFF, 0xFFFF, 0xFFFF, 0xFFFF, 0xFFFF, 0xFFFF, 0xFFFF, 0xFFFF, 0xFFFF,
  0xFFFF, 0xFFFF, 0xFFFF, 0xFFFF, 0xFFFF, 0xFFFF, 0xFFFF, 0xFFFF, 0xFFFF, 0xFFFF, 0xFFFF, 0xFFFF,
  0xFFFF, 0xFFFF, 0xFFFF, 0xFFFF, 0xFFFF, 0xFFFF, 0xFFFF, 0xFFFF, 0xFFFF, 0xFFFF, 0xFFFF, 0xFFFF,
  0xFFFF, 0xFFFF, 0xFFFF, 0xFFFF, 0xFFFF, 0xFFFF, 0xFFFF, 0xFFFF, 0xFFFF, 0xFFFF, 0xFFFF, 0xFFFF,
  0xFFFF, 0xFFFF, 0xFFFF, 0xFFFF, 0xFFFF, 0xFFFF, 0xFFFF, 0xFFFF, 0xFFFF, 0xFFFF, 0xFFFF, 0xFFFF,
  0xFFFF, 0xFFFF, 0xFFFF, 0xFFFF, 0xFFFF, 0xFFFF, 0xFFFF, 0xFFFF, 0xFFFF, 0xFFFF, 0xFFFF, 0xFFFF,
  0xFFFF, 0xFFFF, 0xFFFF, 0xFFFF, 0xFFFF, 0xFFFF, 0xFFFF, 0xFFFF, 0xFFFF, 0xFFFF, 0xFFFF, 0xFFFF,
  0xFFFF, 0xFFFF, 0xFFFF, 0xFFFF, 0xFFFF, 0xFFFF, 0xFFFF, 0xFFFF, 0xFFFF, 0xFFFF, 0xFFDE, 0xFFFF,
  0xFFFF, 0xFFFF, 0xF7FF, 0xFFFF, 0xF7FF, 0xF7FF, 0xFFFF, 0xF7FF, 0xFFFF, 0xFFFF, 0xFFFF, 0xFFFF,
  0xFFFF, 0xFFFF, 0xFFFF, 0xFFFF, 0xFFFE, 0xFFDE, 0xFFFF, 0xFFFF, 0xFFFF, 0xFFFE, 0xFFFE, 0xFFFF,
  0xFFFF, 0xFFFF, 0xFFFF, 0xFFFF, 0xFFFF, 0xFFFF, 0xFFFF, 0xFFFF, 0xFFFF, 0xFFFF, 0xFFFF, 0xFFFF,
  0xFFFF, 0xFFFF, 0xFFFF, 0xFFFF, 0xFFFF, 0xFFFF, 0xFFFF, 0xFFFF, 0xFFFF, 0xFFFF, 0xFFFF, 0xFFDD,
  0xFFFE, 0xFFFF, 0x9DDA, 0x43F6, 0x01D1, 0x0292, 0x02B3, 0x0253, 0x0273, 0x0273, 0x0273, 0x0292,
  0x0293, 0x0294, 0x0293, 0x0292, 0x0272, 0x0251, 0x0230, 0x01F0, 0x4417, 0xA5FC, 0xEFBF, 0xFFFF,
  0xFFFF, 0xFFFF, 0xFFFF, 0xFFFF, 0xFFFF, 0xFFFF, 0xFFFF, 0xFFFF, 0xFFFF, 0xFFFF, 0xFFFF, 0xFFFF,
  0xFFFF, 0xFFFF, 0xFFFF, 0xFFFF, 0xFFFF, 0xFFFF, 0xFFFF, 0xFFFF, 0xFFFF, 0xFFFF, 0xFFFF, 0xFFFF,
  0xFFFF, 0xFFFF, 0xFFFF, 0xFFFF, 0xFFFF, 0xFFFF, 0xFFFF, 0xFFFF, 0xFFFF, 0xFFFF, 0xFFFF, 0xFFFF,
  0xFFFF, 0xFFFF, 0xFFFF, 0xFFFF, 0xFFDF, 0xFFFF, 0xFFFF, 0xFFFF, 0xFFFF, 0xFFFF, 0xFFFF, 0xFFFF,
  0xFFDE, 0xFFDC, 0xFFFF, 0xFFFF, 0xF7FF, 0xFFDF, 0xFFFF, 0xFFDF, 0xFFFF, 0xFFFE, 0xFFFE, 0xF7DF,
  0xFFFF, 0xFFFF, 0xFFFF, 0xFFFF, 0xFFFF, 0xFFFF, 0xFFFF, 0xFFFF, 0xFFFF, 0xFFFF, 0xFFFF, 0xFFFF,
  0xFFFF, 0xFFFF, 0xFFFF, 0xFFFF, 0xFFFF, 0xFFFF, 0xFFFF, 0xFFFF, 0xFFFF, 0xFFFF, 0xFFFF, 0xFFFF,
  0xFFFF, 0xFFFF, 0xFFFF, 0xFFFF, 0xFFFF, 0xFFFF, 0xFFFF, 0xFFFF, 0xFFFF, 0xFFFF, 0xFFFF, 0xFFFF,
  0xFFFF, 0xFFFF, 0xFFFF, 0xFFFF, 0xFFFF, 0xFFFF, 0xFFFF, 0xFFFF, 0xFFFF, 0xFFFF, 0xFFFF, 0xFFFF,
  0xFFFF, 0xFFFF, 0xFFFF, 0xFFFF, 0xFFFF, 0xFFFF, 0xFFFF, 0xFFFF, 0xFFFF, 0xFFFF, 0xFFFF, 0xFFFF,
  0xFFFF, 0xFFFF, 0xFFFF, 0xFFFF, 0xFFFF, 0xFFFF, 0xFFFF, 0xFFFF, 0xFFFF, 0xFFFF, 0xFFFF, 0xFFFF,
  0xFFFF, 0xFFFF, 0xFFFF, 0xFFFF, 0xFFFF, 0xFFFF, 0xFFFF, 0xFFFF, 0xFFFF, 0xFFFF, 0xFFFF, 0xFFFF,
  0xFFFF, 0xFFFF, 0xFFFF, 0xFFFF, 0xFFFF, 0xFFFF, 0xFFFF, 0xFFFF, 0xFFFF, 0xFFFF, 0xFFFF, 0xFFFF,
  0xFFFF, 0xFFFF, 0xFFFF, 0xFFFF, 0xFFFF, 0xFFFF, 0xFFFF, 0xFFFF, 0xFFFF, 0xFFFF, 0xFFFE, 0xFFFF,
  0xFFFE, 0xFFDF, 0xFFFF, 0xFFFF, 0xFFFF, 0xFFFE, 0xFFFE, 0xFFFE, 0xFFFE, 0xFFDE, 0xFFDD, 0xFFFD,
  0xFFDF, 0xFFDF, 0xFFDF, 0xFFDF, 0xFFDF, 0xFFDE, 0xF7DF, 0xFFDF, 0xF7FF, 0xF7FE, 0xFFFF, 0xFFFF,
  0xFFFF, 0xFFFF, 0xFFFF, 0xFFFF, 0xFFFF, 0xFFFF, 0xFFFF, 0xFFFF, 0xFFFF, 0xFFFF, 0xFFFF, 0xFFFF,
  0xFFFF, 0xFFFF, 0xFFFF, 0xFFFF, 0xFFFF, 0xFFFF, 0xFFFF, 0xFFFF, 0xFFFF, 0xFFFF, 0xFFFF, 0xFFFF,
  0xFFFF, 0xF7FF, 0xD71C, 0xAE1B, 0x8D59, 0x95B9, 0x95D8, 0x9DD9, 0xA5B9, 0x9DBA, 0x8DBA, 0x9DB9,
  0x9DB9, 0x959A, 0x9579, 0x9598, 0x8D7A, 0x9599, 0x9579, 0x8579, 0xAE1C, 0xDEFD, 0xFFDE, 0xFFFF,
  0xFFFF, 0xFFFF, 0xFFFF, 0xFFFF, 0xFFFF, 0xFFFF, 0xFFFF, 0xFFFF, 0xFFFF, 0xFFFF, 0xFFFF, 0xFFFF,
  0xFFFF, 0xFFFF, 0xFFFF, 0xFFFF, 0xFFFF, 0xFFFF, 0xFFFF, 0xFFFF, 0xFFFF, 0xFFFF, 0xFFFF, 0xFFFF,
  0xFFFF, 0xFFFF, 0xFFFF, 0xFFFF, 0xFFFF, 0xFFFF, 0xFFFF, 0xFFFF, 0xFFFF, 0xFFFF, 0xFFFF, 0xFFFF,
  0xFFFF, 0xF7FE, 0xFFFF, 0xF7FE, 0xFFFF, 0xF7FE, 0xFFFF, 0xF7FE, 0xFFFF, 0xF7FE, 0xFFFF, 0xF7FE,
  0xFFDE, 0xFFDF, 0xF7FF, 0xFFFF, 0xF7FF, 0xFFFE, 0xFFDE, 0xFFDF, 0xF7FF, 0xF7FF, 0xF7FE, 0xFFDF,
  0xFFFF, 0xFFFF, 0xFFFF, 0xFFFF, 0xFFFF, 0xFFFF, 0xFFFF, 0xFFFF, 0xFFFF, 0xFFFF, 0xFFFF, 0xFFFF,
  0xFFFF, 0xFFFF, 0xFFFF, 0xFFFF, 0xFFFF, 0xFFFF, 0xFFFF, 0xFFFF, 0xFFFF, 0xFFFF, 0xFFFF, 0xFFFF,
  0xFFFF, 0xFFFF, 0xFFFF, 0xFFFF, 0xFFFF, 0xFFFF, 0xFFFF, 0xFFFF, 0xFFFF, 0xFFFF, 0xFFFF, 0xFFFF,
  0xFFFF, 0xFFFF, 0xFFFF, 0xFFFF, 0xFFFF, 0xFFFF, 0xFFFF, 0xFFFF, 0xFFFF, 0xFFFF, 0xFFFF, 0xFFFF,
  0xFFFF, 0xFFFF, 0xFFFF, 0xFFFF, 0xFFFF, 0xFFFF, 0xFFFF, 0xFFFF, 0xFFFF, 0xFFFF, 0xFFFF, 0xFFFF,
  0xFFFF, 0xFFFF, 0xFFFF, 0xFFFF, 0xFFFF, 0xFFFF, 0xFFFF, 0xFFFF, 0xFFFF, 0xFFFF, 0xFFFF, 0xFFFF,
  0xFFFF, 0xFFFF, 0xFFFF, 0xFFFF, 0xFFFF, 0xFFFF, 0xFFFF, 0xFFFF, 0xFFFF, 0xFFFF, 0xFFFF, 0xFFFF,
  0xFFFF, 0xFFFF, 0xFFFF, 0xFFFF, 0xFFFF, 0xFFFF, 0xFFFF, 0xFFFF, 0xFFFF, 0xFFFF, 0xFFFF, 0xFFFF,
  0xFFFF, 0xFFFF, 0xFFFF, 0xFFFF, 0xFFFF, 0xFFFF, 0xFFFF, 0xFFFF, 0xFFFF, 0xFFFF, 0xFFFF, 0xFFFE,
  0xFFFF, 0xF7DF, 0xFFFF, 0xFFFF, 0xFFFF, 0xFFDF, 0xFFDE, 0xFFFE, 0xFFDF, 0xFFBE, 0xF7FD, 0xF7DE,
  0xFFDE, 0xF7DF, 0xFFFF, 0xFFDF, 0xFFDF, 0xF7BF, 0xFFDF, 0xF7FF, 0xF7DF, 0xFFFE, 0xF7FE, 0xFFFF,
  0xFFFF, 0xFFFF, 0xFFFF, 0xFFFF, 0xFFFF, 0xFFFF, 0xFFFF, 0xFFFF, 0xFFFF, 0xFFFF, 0xFFFF, 0xFFFF,
  0xFFFF, 0xFFFF, 0xFFFF, 0xFFFF, 0xFFFF, 0xFFFF, 0xFFFF, 0xFFFF, 0xFFFF, 0xFFFF, 0xFFFF, 0xFFDF,
  0xFFFF, 0xF7FE, 0xEF7E, 0xDF1D, 0xCEDD, 0xD71B, 0xD71A, 0xDF3C, 0xDF1C, 0xDEFD, 0xCEFC, 0xCF1D,
  0xDEFC, 0xDEFC, 0xD6FB, 0xD6FC, 0xD6FD, 0xD6FD, 0xD6FD, 0xC6FD, 0xDF3D, 0xF75D, 0xFFDF, 0xFFDF,
  0xFFFF, 0xFFFF, 0xFFFF, 0xFFFF, 0xFFFF, 0xFFFF, 0xFFFF, 0xFFFF, 0xFFFF, 0xFFFF, 0xFFFF, 0xFFFF,
  0xFFFF, 0xFFFF, 0xFFFF, 0xFFFF, 0xFFFF, 0xFFFF, 0xFFFF, 0xFFFF, 0xFFFF, 0xFFFF, 0xFFFF, 0xFFFF,
  0xFFFF, 0xFFFF, 0xFFFF, 0xFFFF, 0xFFFF, 0xFFFF, 0xFFFF, 0xFFFF, 0xFFFF, 0xFFFF, 0xFFFF, 0xFFFF,
  0xFFFF, 0xFFFE, 0xFFFF, 0xFFFE, 0xFFFF, 0xFFFE, 0xFFFF, 0xFFFE, 0xFFFF, 0xFFFE, 0xFFFF, 0xFFFE,
  0xFFFF, 0xFFDF, 0xF7FF, 0xF7FF, 0xF7FE, 0xFFFE, 0xFFFE, 0xFFDF, 0xF7FF, 0xF7FF, 0xFFFF, 0xFFDF,
  0xFFDF, 0xFFFF, 0xFFFF, 0xFFFF, 0xFFFF, 0xFFFF, 0xFFFF, 0xFFFF, 0xFFFF, 0xFFFF, 0xFFFF, 0xFFFF,
  0xFFFF, 0xFFFF, 0xFFFF, 0xFFFF, 0xFFFF, 0xFFFF, 0xFFFF, 0xFFFF, 0xFFFF, 0xFFFF, 0xFFFF, 0xFFFF,
  0xFFFF, 0xFFFF, 0xFFFF, 0xFFFF, 0xFFFF, 0xFFFF, 0xFFFF, 0xFFFF, 0xFFFF, 0xFFFF, 0xFFFF, 0xFFFF,
  0xFFFF, 0xFFFF, 0xFFFF, 0xFFFF, 0xFFFF, 0xFFFF, 0xFFFF, 0xFFFF, 0xFFFF, 0xFFFF, 0xFFFF, 0xFFFF,
  0xFFFF, 0xFFFF, 0xFFFF, 0xFFFF, 0xFFFF, 0xFFFF, 0xFFFF, 0xFFFF, 0xFFFF, 0xFFFF, 0xFFFF, 0xFFFF,
  0xFFFF, 0xFFFF, 0xFFFF, 0xFFFF, 0xFFFF, 0xFFFF, 0xFFFF, 0xFFFF, 0xFFFF, 0xFFFF, 0xFFFF, 0xFFFF,
  0xFFFF, 0xFFFF, 0xFFFF, 0xFFFF, 0xFFFF, 0xFFFF, 0xFFFF, 0xFFFF, 0xFFFF, 0xFFFF, 0xFFFF, 0xFFFF,
  0xFFFF, 0xFFFF, 0xFFFF, 0xFFFF, 0xFFFF, 0xFFFF, 0xFFFF, 0xFFFF, 0xFFFF, 0xFFFF, 0xFFFF, 0xFFFF,
  0xFFFF, 0xFFFF, 0xFFFF, 0xFFFF, 0xFFFF, 0xFFFF, 0xFFFF, 0xFFFF, 0xFFFF, 0xFFFF, 0xFFFF, 0xFFFF,
  0xFFFF, 0xFFFF, 0xFFFF, 0xFFFF, 0xFFFF, 0xFFFF, 0xFFFF, 0xFFFF, 0xFFFF, 0xFFFF, 0xFFFF, 0xFFFF,
  0xFFFF, 0xFFFF, 0xFFFF, 0xFFFF, 0xFFFF, 0xFFFF, 0xFFFF, 0xFFFF, 0xFFFF, 0xFFFF, 0xFFFF, 0xFFFF,
  0xFFFF, 0xFFFF, 0xFFFF, 0xFFFF, 0xFFFF, 0xFFFF, 0xFFFF, 0xFFFF, 0xFFFF, 0xFFFF, 0xFFFF, 0xFFFF,
  0xFFFF, 0xFFFF, 0xFFFF, 0xFFFF, 0xFFFF, 0xFFFF, 0xFFFF, 0xFFFF, 0xFFFF, 0xFFFF, 0xFFFF, 0xFFFF,
  0xFFFF, 0xFFFF, 0xFFFF, 0xFFFF, 0xFFFF, 0xFFFF, 0xFFFF, 0xFFFF, 0xFFFF, 0xFFFF, 0xFFFF, 0xFFFF,
  0xFFFF, 0xFFFF, 0xFFFF, 0xFFFF, 0xFFFF, 0xFFFF, 0xFFFF, 0xFFFF, 0xFFFF, 0xFFFF, 0xFFFF, 0xFFFF,
  0xFFFF, 0xFFFF, 0xFFFF, 0xFFFF, 0xFFFF, 0xFFFF, 0xFFFF, 0xFFFF, 0xFFFF, 0xFFFF, 0xFFFF, 0xFFFF,
  0xFFFF, 0xFFFF, 0xFFFF, 0xFFFF, 0xFFFF, 0xFFFF, 0xFFFF, 0xFFFF, 0xFFFF, 0xFFFF, 0xFFFF, 0xFFFF,
  0xFFFF, 0xFFFF, 0xFFFF, 0xFFFF, 0xFFFF, 0xFFFF, 0xFFFF, 0xFFFF, 0xFFFF, 0xFFFF, 0xFFFF, 0xFFFF,
  0xFFFF, 0xFFFF, 0xFFFF, 0xFFFF, 0xFFFF, 0xFFFF, 0xFFFF, 0xFFFF, 0xFFFF, 0xFFFF, 0xFFFF, 0xFFFF,
  0xFFFF, 0xFFFF, 0xFFFF, 0xFFFF, 0xFFFF, 0xFFFF, 0xFFFF, 0xFFFF, 0xFFFF, 0xFFFF, 0xFFFF, 0xFFFF,
  0xFFFF, 0xFFFF, 0xFFFF, 0xFFFF, 0xFFFF, 0xFFFF, 0xFFFF, 0xFFFF, 0xFFFF, 0xFFFF, 0xFFFF, 0xFFFF,
  0xFFFF, 0xFFFF, 0xFFFF, 0xFFFF, 0xFFFF, 0xFFFF, 0xFFFF, 0xFFFF, 0xFFFF, 0xFFFF, 0xFFFF, 0xFFFF,
  0xFFFF, 0xFFFF, 0xFFFF, 0xFFFF, 0xFFFF, 0xFFFF, 0xFFFF, 0xFFFF, 0xFFFF, 0xFFFF, 0xFFFF, 0xFFFF,
  0xFFFF, 0xFFFF, 0xFFFF, 0xFFFF, 0xFFFF, 0xFFFF, 0xFFFF, 0xFFFF, 0xFFFF, 0xFFFF, 0xFFFF, 0xFFFF,
  0xFFFF, 0xFFFF, 0xFFFF, 0xFFFF, 0xFFFF, 0xFFFF, 0xFFFF, 0xFFFF, 0xFFFF, 0xFFFF, 0xFFFF, 0xFFFF,
  0xFFFF, 0xFFFF, 0xFFFF, 0xFFFF, 0xFFFF, 0xFFFF, 0xFFFF, 0xFFFF, 0xFFFF, 0xFFFF, 0xFFFF, 0xFFFF,
  0xFFFF, 0xFFFF, 0xFFFF, 0xFFFF, 0xFFFF, 0xFFFF, 0xFFFF, 0xFFFF, 0xFFFF, 0xFFFF, 0xFFFF, 0xFFFF,
  0xFFFF, 0xFFFF, 0xFFFF, 0xFFFF, 0xFFFF, 0xFFFF, 0xFFFF, 0xFFFF, 0xFFFF, 0xFFFF, 0xFFFF, 0xFFFF,
  0xFFFF, 0xFFFF, 0xFFFF, 0xFFFF, 0xFFFF, 0xFFFF, 0xFFFF, 0xFFFF, 0xFFFF, 0xFFFF, 0xFFFF, 0xFFFF,
  0xFFFF, 0xFFFF, 0xFFFF, 0xFFFF, 0xFFFF, 0xFFFF, 0xFFFF, 0xFFFF, 0xFFFF, 0xFFFF, 0xFFFF, 0xFFFF,
  0xFFFF, 0xFFFF, 0xFFFF, 0xFFFF, 0xFFFF, 0xFFFF, 0xFFFF, 0xFFFF, 0xFFFF, 0xFFFF, 0xFFFF, 0xFFFF,
  0xFFFF, 0xFFFF, 0xFFFF, 0xFFFF, 0xFFFF, 0xFFFF, 0xFFFF, 0xFFFF, 0xFFFF, 0xFFFF, 0xFFFF, 0xFFFF,
  0xFFFF, 0xFFFF, 0xFFFF, 0xFFFF, 0xFFFF, 0xFFFF, 0xFFFF, 0xFFFF, 0xFFFF, 0xFFFF, 0xFFFF, 0xFFFF,
  0xFFFF, 0xFFFF, 0xFFFF, 0xFFFF, 0xFFFF, 0xFFFF, 0xFFFF, 0xFFFF, 0xFFFF, 0xFFFF, 0xFFFF, 0xFFFF,
  0xFFFF, 0xFFFF, 0xFFFF, 0xFFFF, 0xFFFF, 0xFFFF, 0xFFFF, 0xFFFF, 0xFFFF, 0xFFFF, 0xFFFF, 0xFFFF,
  0xFFFF, 0xFFFF, 0xFFFF, 0xFFFF, 0xFFFF, 0xFFFF, 0xFFFF, 0xFFFF, 0xFFFF, 0xFFFF, 0xFFFF, 0xFFFF,
  0xFFFF, 0xFFFF, 0xFFFF, 0xFFFF, 0xFFFF, 0xFFFF, 0xFFFF, 0xFFFF, 0xFFFF, 0xFFFF, 0xFFFF, 0xFFFF,
  0xFFFF, 0xFFFF, 0xFFFF, 0xFFFF, 0xFFFF, 0xFFFF, 0xFFFF, 0xFFFF, 0xFFFF, 0xFFFF, 0xFFFF, 0xFFFF,
  0xFFFF, 0xFFFF, 0xFFFF, 0xFFFF, 0xFFFF, 0xFFFF, 0xFFFF, 0xFFFF, 0xFFFF, 0xFFFF, 0xFFFF, 0xFFFF,
  0xFFFF, 0xFFFF, 0xFFFF, 0xFFFF, 0xFFFF, 0xFFFF, 0xFFFF, 0xFFFF, 0xFFFF, 0xFFFF, 0xFFFF, 0xFFFF,
  0xFFFF, 0xFFFF, 0xFFFF, 0xFFFF, 0xFFFF, 0xFFFF, 0xFFFF, 0xFFFF, 0xFFFF, 0xFFFF, 0xFFFF, 0xFFFF,
  0xFFFF, 0xFFFF, 0xFFFF, 0xFFFF, 0xFFFF, 0xFFFF, 0xFFFF, 0xFFFF, 0xFFFF, 0xFFFF, 0xFFFF, 0xFFFF,
  0xFFFF, 0xFFFF, 0xFFFF, 0xFFFF, 0xFFFF, 0xFFFF, 0xFFFF, 0xFFFF, 0xFFFF, 0xFFFF, 0xFFFF, 0xFFFF,
  0xFFFF, 0xFFFF, 0xFFFF, 0xFFFF, 0xFFFF, 0xFFFF, 0xFFFF, 0xFFFF, 0xFFFF, 0xFFFF, 0xFFFF, 0xFFFF,
  0xFFFF, 0xFFFF, 0xFFFF, 0xFFFF, 0xFFFF, 0xFFFF, 0xFFFF, 0xFFFF, 0xFFFF, 0xFFFF, 0xFFFF, 0xFFFF,
  0xFFFF, 0xFFFF, 0xFFFF, 0xFFFF, 0xFFFF, 0xFFFF, 0xFFFF, 0xFFFF, 0xFFFF, 0xFFFF, 0xFFFF, 0xFFFF,
  0xFFFF, 0xFFFF, 0xFFFF, 0xFFFF, 0xFFFF, 0xFFFF, 0xFFFF, 0xFFFF, 0xFFFF, 0xFFFF, 0xFFFF, 0xFFFF,
  0xFFFF, 0xFFFF, 0xFFFF, 0xFFFF, 0xFFFF, 0xFFFF, 0xFFFF, 0xFFFF, 0xFFFF, 0xFFFF, 0xFFFF, 0xFFFF,
  0xFFFF, 0xFFFF, 0xFFFF, 0xFFFF, 0xFFFF, 0xFFFF, 0xFFFF, 0xFFFF, 0xFFFF, 0xFFFF, 0xFFFF, 0xFFFF,
  0xFFFF, 0xFFFF, 0xFFFF, 0xFFFF, 0xFFFF, 0xFFFF, 0xFFFF, 0xFFFF, 0xFFFF, 0xFFFF, 0xFFFF, 0xFFFF,
  0xFFFF, 0xFFFF, 0xFFFF, 0xFFFF, 0xFFFF, 0xFFFF, 0xFFFF, 0xFFFF, 0xFFFF, 0xFFFF, 0xFFFF, 0xFFFF,
  0xFFFF, 0xFFFF, 0xFFFF, 0xFFFF, 0xFFFF, 0xFFFF, 0xFFFF, 0xFFFF, 0xFFFF, 0xFFFF, 0xFFFF, 0xFFFF,
  0xFFFF, 0xFFFF, 0xFFFF, 0xFFFF, 0xFFFF, 0xFFFF, 0xFFFF, 0xFFFF, 0xFFFF, 0xFFFF, 0xFFFF, 0xFFFF,
  0xFFFF, 0xFFFF, 0xFFFF, 0xFFFF, 0xFFFF, 0xFFFF, 0xFFFF, 0xFFFF, 0xFFFF, 0xFFFF, 0xFFFF, 0xFFFF,
  0xFFFF, 0xFFFF, 0xFFFF, 0xFFFF, 0xFFFF, 0xFFFF, 0xFFFF, 0xFFFF, 0xFFFF, 0xFFFF, 0xFFFF, 0xFFFF,
  0xFFFF, 0xFFFF, 0xFFFF, 0xFFFF, 0xFFFF, 0xFFFF, 0xFFFF, 0xFFFF, 0xFFFF, 0xFFFF, 0xFFFF, 0xFFFF,
  0xFFFF, 0xFFFF, 0xFFFF, 0xFFFF, 0xFFFF, 0xFFFF, 0xFFFF, 0xFFFF, 0xFFFF, 0xFFFF, 0xFFFF, 0xFFFF,
  0xFFFF, 0xFFFF, 0xFFFF, 0xFFFF, 0xFFFF, 0xFFFF, 0xFFFF, 0xFFFF, 0xFFFF, 0xFFFF, 0xFFFF, 0xFFFF,
  0xFFFF, 0xFFFF, 0xFFFF, 0xFFFF, 0xFFFF, 0xFFFF, 0xFFFF, 0xFFFF, 0xFFFF, 0xFFFF, 0xFFFF, 0xFFFF,
  0xFFFF, 0xFFFF, 0xFFFF, 0xFFFF, 0xFFFF, 0xFFFF, 0xFFFF, 0xFFFF, 0xFFFF, 0xFFFF, 0xFFFF, 0xFFFF,
  0xFFFF, 0xFFFF, 0xFFFF, 0xFFFF, 0xFFFF, 0xFFFF, 0xFFFF, 0xFFFF, 0xFFFF, 0xFFFF, 0xFFFF, 0xFFFF,
  0xFFFF, 0xFFFF, 0xFFFF, 0xFFFF, 0xFFFF, 0xFFFF, 0xFFFF, 0xFFFF, 0xFFFF, 0xFFFF, 0xFFFF, 0xFFFF,
  0xFFFF, 0xFFFF, 0xFFFF, 0xFFFF, 0xFFFF, 0xFFFF, 0xFFFF, 0xFFFF, 0xFFFF, 0xFFFF, 0xFFFF, 0xFFFF,
  0xFFFF, 0xFFFF, 0xFFFF, 0xFFFF, 0xFFFF, 0xFFFF, 0xFFFF, 0xFFFF, 0xFFFF, 0xFFFF, 0xFFFF, 0xFFFF,
  0xFFFF, 0xFFFF, 0xFFFF, 0xFFFF, 0xFFFF, 0xFFFF, 0xFFFF, 0xFFFF, 0xFFFF, 0xFFFF, 0xFFFF, 0xFFFF,
  0xFFFF, 0xFFFF, 0xFFFF, 0xFFFF, 0xFFFF, 0xFFFF, 0xFFFF, 0xFFFF, 0xFFFF, 0xFFFF, 0xFFFF, 0xFFFF,
  0xFFFF, 0xFFFF, 0xFFFF, 0xFFFF, 0xFFFF, 0xFFFF, 0xFFFF, 0xFFFF, 0xFFFF, 0xFFFF, 0xFFFF, 0xFFFF,
  0xFFFF, 0xFFFF, 0xFFFF, 0xFFFF, 0xFFFF, 0xFFFF, 0xFFFF, 0xFFFF, 0xFFFF, 0xFFFF, 0xFFFF, 0xFFFF,
  0xFFFF, 0xFFFF, 0xFFFF, 0xFFFF, 0xFFFF, 0xFFFF, 0xFFFF, 0xFFFF, 0xFFFF, 0xFFFF, 0xFFFF, 0xFFFF,
  0xFFFF, 0xFFFF, 0xFFFF, 0xFFFF, 0xFFFF, 0xFFFF, 0xFFFF, 0xFFFF, 0xFFFF, 0xFFFF, 0xFFFF, 0xFFFF,
  0xFFFF, 0xFFFF, 0xFFFF, 0xFFFF, 0xFFFF, 0xFFFF, 0xFFFF, 0xFFFF, 0xFFFF, 0xFFFF, 0xFFFF, 0xFFFF,
  0xFFFF, 0xFFFF, 0xFFFF, 0xFFFF, 0xFFFF, 0xFFFF, 0xFFFF, 0xFFFF, 0xFFFF, 0xFFFF, 0xFFFF, 0xFFFF,
  0xFFFF, 0xFFFF, 0xFFFF, 0xFFFF, 0xFFFF, 0xFFFF, 0xFFFF, 0xFFFF, 0xFFFF, 0xFFFF, 0xFFFF, 0xFFFF,
  0xFFFF, 0xFFFF, 0xFFFF, 0xFFFF, 0xFFFF, 0xFFFF, 0xFFFF, 0xFFFF, 0xFFFF, 0xFFFF, 0xFFFF, 0xFFFF,
  0xFFFF, 0xFFFF, 0xFFFF, 0xFFFF, 0xFFFF, 0xFFFF, 0xFFFF, 0xFFFF, 0xFFFF, 0xFFFF, 0xFFFF, 0xFFFF,
  0xFFFF, 0xFFFF, 0xFFFF, 0xFFFF, 0xFFFF, 0xFFFF, 0xFFFF, 0xFFFF, 0xFFFF, 0xFFFF, 0xFFFF, 0xFFFF,
  0xFFFF, 0xFFFF, 0xFFFF, 0xFFFF, 0xFFFF, 0xFFFF, 0xFFFF, 0xFFFF, 0xFFFF, 0xFFFF, 0xFFFF, 0xFFFF,
  0xFFFF, 0xFFFF, 0xFFFF, 0xFFFF, 0xFFFF, 0xFFFF, 0xFFFF, 0xFFFF, 0xFFFF, 0xFFFF, 0xFFFF, 0xFFFF,
  0xFFFF, 0xFFFF, 0xFFFF, 0xFFFF, 0xFFFF, 0xFFFF, 0xFFFF, 0xFFFF, 0xFFFF, 0xFFFF, 0xFFFF, 0xFFFF,
  0xFFFF, 0xFFFF, 0xFFFF, 0xFFFF, 0xFFFF, 0xFFFF, 0xFFFF, 0xFFFF, 0xFFFF, 0xFFFF, 0xFFFF, 0xFFFF,
  0xFFFF, 0xFFFF, 0xFFFF, 0xFFFF, 0xFFFF, 0xFFFF, 0xFFFF, 0xFFFF, 0xFFFF, 0xFFFF, 0xFFFF, 0xFFFF,
  0xFFFF, 0xFFFF, 0xFFFF, 0xFFFF, 0xFFFF, 0xFFFF, 0xFFFF, 0xFFFF, 0xFFFF, 0xFFFF, 0xFFFF, 0xFFFF,
  0xFFFF, 0xFFFF, 0xFFFF, 0xFFFF, 0xFFFF, 0xFFFF, 0xFFFF, 0xFFFF, 0xFFFF, 0xFFFF, 0xFFFF, 0xFFFF,
  0xFFFF, 0xFFFF, 0xFFFF, 0xFFFF, 0xFFFF, 0xFFFF, 0xFFFF, 0xFFFF, 0xFFFF, 0xFFFF, 0xFFFF, 0xFFFF,
  0xFFFF, 0xFFFF, 0xFFFF, 0xFFFF, 0xFFFF, 0xFFFF, 0xFFFF, 0xFFFF, 0xFFFF, 0xFFFF, 0xFFFF, 0xFFFF,
};
